<?xml version="1.0" encoding="UTF-8"?>
<gpx creator="geoPHP" version="1.1"
  xmlns:xsi="http://www.w3.org/2001/XMLSchema-instance"
  xmlns="http://www.topografix.com/GPX/1/1"
  xsi:schemaLocation="http://www.topografix.com/GPX/1/1 http://www.topografix.com/GPX/1/1/gpx.xsd" >

<trk>
	<name>01: Andermatt – Oberwald (Developed + Signed)</name>
	<desc>Developed + Signed</desc>
	<trkseg>
		<trkpt lat="46.63712809" lon="8.594866293">
			<ele>1434.8</ele>
		</trkpt>
		<trkpt lat="46.636692818" lon="8.595051281">
			<ele>1435.4</ele>
		</trkpt>
		<trkpt lat="46.635813053" lon="8.595579593">
			<ele>1438.8</ele>
		</trkpt>
		<trkpt lat="46.634922643" lon="8.596185772">
			<ele>1443.9</ele>
		</trkpt>
		<trkpt lat="46.634751569" lon="8.596375622">
			<ele>1444.2</ele>
		</trkpt>
		<trkpt lat="46.634557444" lon="8.59646162">
			<ele>1447.9</ele>
		</trkpt>
		<trkpt lat="46.63437782" lon="8.596693967">
			<ele>1450.8</ele>
		</trkpt>
		<trkpt lat="46.63398672" lon="8.597545819">
			<ele>1453.8</ele>
		</trkpt>
		<trkpt lat="46.633807431" lon="8.597638942">
			<ele>1453.1</ele>
		</trkpt>
		<trkpt lat="46.633706848" lon="8.597590998">
			<ele>1453.1</ele>
		</trkpt>
		<trkpt lat="46.633557818" lon="8.597222362">
			<ele>1452</ele>
		</trkpt>
		<trkpt lat="46.633244084" lon="8.596167834">
			<ele>1446.7</ele>
		</trkpt>
		<trkpt lat="46.633039481" lon="8.595330734">
			<ele>1444.4</ele>
		</trkpt>
		<trkpt lat="46.632842926" lon="8.5943498">
			<ele>1442.2</ele>
		</trkpt>
		<trkpt lat="46.632633965" lon="8.59379869">
			<ele>1441.2</ele>
		</trkpt>
		<trkpt lat="46.630476295" lon="8.587301457">
			<ele>1429.9</ele>
		</trkpt>
		<trkpt lat="46.630441091" lon="8.587093335">
			<ele>1430.2</ele>
		</trkpt>
		<trkpt lat="46.630537567" lon="8.586836345">
			<ele>1430.2</ele>
		</trkpt>
		<trkpt lat="46.630365738" lon="8.586662505">
			<ele>1430.5</ele>
		</trkpt>
		<trkpt lat="46.630068432" lon="8.586256234">
			<ele>1431.1</ele>
		</trkpt>
		<trkpt lat="46.626539483" lon="8.580977563">
			<ele>1433.8</ele>
		</trkpt>
		<trkpt lat="46.625780502" lon="8.58030525">
			<ele>1436.4</ele>
		</trkpt>
		<trkpt lat="46.625005595" lon="8.580010459">
			<ele>1438.7</ele>
		</trkpt>
		<trkpt lat="46.62483167" lon="8.579891855">
			<ele>1439.7</ele>
		</trkpt>
		<trkpt lat="46.624637545" lon="8.579664622">
			<ele>1441.7</ele>
		</trkpt>
		<trkpt lat="46.624348034" lon="8.579090629">
			<ele>1448.9</ele>
		</trkpt>
		<trkpt lat="46.624195149" lon="8.578696344">
			<ele>1454.7</ele>
		</trkpt>
		<trkpt lat="46.623982416" lon="8.577443417">
			<ele>1450.3</ele>
		</trkpt>
		<trkpt lat="46.6234878" lon="8.575594621">
			<ele>1451.5</ele>
		</trkpt>
		<trkpt lat="46.623306667" lon="8.575137891">
			<ele>1450.8</ele>
		</trkpt>
		<trkpt lat="46.622822528" lon="8.574226191">
			<ele>1452.3</ele>
		</trkpt>
		<trkpt lat="46.622226072" lon="8.57327912">
			<ele>1454.7</ele>
		</trkpt>
		<trkpt lat="46.621748974" lon="8.572751228">
			<ele>1460.7</ele>
		</trkpt>
		<trkpt lat="46.621778981" lon="8.5726918">
			<ele>1457</ele>
		</trkpt>
		<trkpt lat="46.621148494" lon="8.57205092">
			<ele>1460.6</ele>
		</trkpt>
		<trkpt lat="46.620540471" lon="8.571108961">
			<ele>1459.9</ele>
		</trkpt>
		<trkpt lat="46.619771767" lon="8.570205225">
			<ele>1464.7</ele>
		</trkpt>
		<trkpt lat="46.619643524" lon="8.569909008">
			<ele>1464</ele>
		</trkpt>
		<trkpt lat="46.619516622" lon="8.569207359">
			<ele>1466.4</ele>
		</trkpt>
		<trkpt lat="46.619281677" lon="8.568605371">
			<ele>1471.3</ele>
		</trkpt>
		<trkpt lat="46.619242366" lon="8.568437649">
			<ele>1471.3</ele>
		</trkpt>
		<trkpt lat="46.61886166" lon="8.5677821">
			<ele>1484.1</ele>
		</trkpt>
		<trkpt lat="46.61847341" lon="8.567362837">
			<ele>1491.1</ele>
		</trkpt>
		<trkpt lat="46.618354219" lon="8.56739779">
			<ele>1491.1</ele>
		</trkpt>
		<trkpt lat="46.618023218" lon="8.567680679">
			<ele>1492.8</ele>
		</trkpt>
		<trkpt lat="46.617580318" lon="8.566604359">
			<ele>1499.6</ele>
		</trkpt>
		<trkpt lat="46.617604123" lon="8.566539064">
			<ele>1499.6</ele>
		</trkpt>
		<trkpt lat="46.617586521" lon="8.566474523">
			<ele>1499.6</ele>
		</trkpt>
		<trkpt lat="46.617704119" lon="8.566229437">
			<ele>1499.6</ele>
		</trkpt>
		<trkpt lat="46.617885922" lon="8.565646308">
			<ele>1497</ele>
		</trkpt>
		<trkpt lat="46.617974603" lon="8.565177927">
			<ele>1493.3</ele>
		</trkpt>
		<trkpt lat="46.617992708" lon="8.564664703">
			<ele>1488.9</ele>
		</trkpt>
		<trkpt lat="46.617892544" lon="8.564068163">
			<ele>1486</ele>
		</trkpt>
		<trkpt lat="46.617647625" lon="8.563462319">
			<ele>1486</ele>
		</trkpt>
		<trkpt lat="46.616406349" lon="8.561171964">
			<ele>1493.3</ele>
		</trkpt>
		<trkpt lat="46.61618272" lon="8.560716743">
			<ele>1494</ele>
		</trkpt>
		<trkpt lat="46.616096554" lon="8.560473081">
			<ele>1491.9</ele>
		</trkpt>
		<trkpt lat="46.615975351" lon="8.559865979">
			<ele>1494</ele>
		</trkpt>
		<trkpt lat="46.615955654" lon="8.558480619">
			<ele>1488.7</ele>
		</trkpt>
		<trkpt lat="46.615899244" lon="8.557977956">
			<ele>1492.7</ele>
		</trkpt>
		<trkpt lat="46.615746693" lon="8.557437658">
			<ele>1490.1</ele>
		</trkpt>
		<trkpt lat="46.615313432" lon="8.556359494">
			<ele>1498.7</ele>
		</trkpt>
		<trkpt lat="46.615126013" lon="8.555794219">
			<ele>1499.2</ele>
		</trkpt>
		<trkpt lat="46.615043368" lon="8.555363556">
			<ele>1495.1</ele>
		</trkpt>
		<trkpt lat="46.614911855" lon="8.554113479">
			<ele>1491.5</ele>
		</trkpt>
		<trkpt lat="46.614771291" lon="8.553503444">
			<ele>1488.3</ele>
		</trkpt>
		<trkpt lat="46.613882139" lon="8.550399793">
			<ele>1489.1</ele>
		</trkpt>
		<trkpt lat="46.613271768" lon="8.548887111">
			<ele>1488.9</ele>
		</trkpt>
		<trkpt lat="46.613125337" lon="8.548446475">
			<ele>1486.8</ele>
		</trkpt>
		<trkpt lat="46.612705068" lon="8.546599271">
			<ele>1488.5</ele>
		</trkpt>
		<trkpt lat="46.612548075" lon="8.546038689">
			<ele>1492.1</ele>
		</trkpt>
		<trkpt lat="46.610914945" lon="8.54113494">
			<ele>1497.1</ele>
		</trkpt>
		<trkpt lat="46.610727777" lon="8.540496994">
			<ele>1499</ele>
		</trkpt>
		<trkpt lat="46.610653932" lon="8.540007407">
			<ele>1500.3</ele>
		</trkpt>
		<trkpt lat="46.610651921" lon="8.539549084">
			<ele>1499.6</ele>
		</trkpt>
		<trkpt lat="46.610732136" lon="8.538978444">
			<ele>1496.3</ele>
		</trkpt>
		<trkpt lat="46.610894242" lon="8.538211165">
			<ele>1496.2</ele>
		</trkpt>
		<trkpt lat="46.610950065" lon="8.53763625">
			<ele>1495.9</ele>
		</trkpt>
		<trkpt lat="46.61092735" lon="8.537229644">
			<ele>1495.9</ele>
		</trkpt>
		<trkpt lat="46.610832635" lon="8.536782134">
			<ele>1496.4</ele>
		</trkpt>
		<trkpt lat="46.602619292" lon="8.514971165">
			<ele>1514.8</ele>
		</trkpt>
		<trkpt lat="46.602451737" lon="8.514385186">
			<ele>1516.6</ele>
		</trkpt>
		<trkpt lat="46.601185148" lon="8.508961843">
			<ele>1530.5</ele>
		</trkpt>
		<trkpt lat="46.601065454" lon="8.508156342">
			<ele>1530.8</ele>
		</trkpt>
		<trkpt lat="46.600962273" lon="8.506167401">
			<ele>1541.9</ele>
		</trkpt>
		<trkpt lat="46.600848782" lon="8.505563904">
			<ele>1544.7</ele>
		</trkpt>
		<trkpt lat="46.600680809" lon="8.505061828">
			<ele>1543.5</ele>
		</trkpt>
		<trkpt lat="46.600457012" lon="8.504606774">
			<ele>1546.4</ele>
		</trkpt>
		<trkpt lat="46.600057614" lon="8.503956255">
			<ele>1544.2</ele>
		</trkpt>
		<trkpt lat="46.599054384" lon="8.502435358">
			<ele>1545.2</ele>
		</trkpt>
		<trkpt lat="46.598896721" lon="8.502240395">
			<ele>1546.5</ele>
		</trkpt>
		<trkpt lat="46.598708966" lon="8.502106871">
			<ele>1544.6</ele>
		</trkpt>
		<trkpt lat="46.598027098" lon="8.501880392">
			<ele>1543.1</ele>
		</trkpt>
		<trkpt lat="46.597538098" lon="8.50162969">
			<ele>1545.2</ele>
		</trkpt>
		<trkpt lat="46.597254371" lon="8.501434391">
			<ele>1547.7</ele>
		</trkpt>
		<trkpt lat="46.597049936" lon="8.501215791">
			<ele>1550.5</ele>
		</trkpt>
		<trkpt lat="46.59655817" lon="8.500238545">
			<ele>1560.6</ele>
		</trkpt>
		<trkpt lat="46.596451468" lon="8.500110302">
			<ele>1564</ele>
		</trkpt>
		<trkpt lat="46.596032121" lon="8.499760441">
			<ele>1565.8</ele>
		</trkpt>
		<trkpt lat="46.595911757" lon="8.499575956">
			<ele>1569.9</ele>
		</trkpt>
		<trkpt lat="46.595496099" lon="8.498330656">
			<ele>1575</ele>
		</trkpt>
		<trkpt lat="46.595495764" lon="8.498173747">
			<ele>1578.6</ele>
		</trkpt>
		<trkpt lat="46.595562986" lon="8.497798741">
			<ele>1584.5</ele>
		</trkpt>
		<trkpt lat="46.595530884" lon="8.497681143">
			<ele>1586.3</ele>
		</trkpt>
		<trkpt lat="46.595331897" lon="8.497504368">
			<ele>1584.9</ele>
		</trkpt>
		<trkpt lat="46.594523966" lon="8.497005226">
			<ele>1593</ele>
		</trkpt>
		<trkpt lat="46.594361357" lon="8.496808587">
			<ele>1598.4</ele>
		</trkpt>
		<trkpt lat="46.592858733" lon="8.494556202">
			<ele>1620.1</ele>
		</trkpt>
		<trkpt lat="46.592727556" lon="8.494113805">
			<ele>1626.9</ele>
		</trkpt>
		<trkpt lat="46.592630997" lon="8.493969301">
			<ele>1632.4</ele>
		</trkpt>
		<trkpt lat="46.592414073" lon="8.493854469">
			<ele>1630.3</ele>
		</trkpt>
		<trkpt lat="46.591885091" lon="8.49367979">
			<ele>1635.8</ele>
		</trkpt>
		<trkpt lat="46.591242786" lon="8.493666882">
			<ele>1641.1</ele>
		</trkpt>
		<trkpt lat="46.5910899" lon="8.493766878">
			<ele>1637.7</ele>
		</trkpt>
		<trkpt lat="46.591030053" lon="8.493854888">
			<ele>1637.7</ele>
		</trkpt>
		<trkpt lat="46.590921675" lon="8.494125707">
			<ele>1631.1</ele>
		</trkpt>
		<trkpt lat="46.590832659" lon="8.494552262">
			<ele>1620.1</ele>
		</trkpt>
		<trkpt lat="46.59077692" lon="8.494642451">
			<ele>1620.1</ele>
		</trkpt>
		<trkpt lat="46.590702405" lon="8.494641278">
			<ele>1622.8</ele>
		</trkpt>
		<trkpt lat="46.590662088" lon="8.494550334">
			<ele>1622.8</ele>
		</trkpt>
		<trkpt lat="46.590803993" lon="8.49410668">
			<ele>1634.4</ele>
		</trkpt>
		<trkpt lat="46.59081204" lon="8.493827982">
			<ele>1640.6</ele>
		</trkpt>
		<trkpt lat="46.590751439" lon="8.49346404">
			<ele>1646.1</ele>
		</trkpt>
		<trkpt lat="46.590558487" lon="8.493046369">
			<ele>1657.5</ele>
		</trkpt>
		<trkpt lat="46.590243244" lon="8.492743196">
			<ele>1663.4</ele>
		</trkpt>
		<trkpt lat="46.590018693" lon="8.492675135">
			<ele>1664</ele>
		</trkpt>
		<trkpt lat="46.589602447" lon="8.492673961">
			<ele>1664.6</ele>
		</trkpt>
		<trkpt lat="46.589509408" lon="8.492556363">
			<ele>1670.1</ele>
		</trkpt>
		<trkpt lat="46.589520221" lon="8.492366765">
			<ele>1676</ele>
		</trkpt>
		<trkpt lat="46.589577469" lon="8.492243635">
			<ele>1676</ele>
		</trkpt>
		<trkpt lat="46.589684674" lon="8.492089491">
			<ele>1681.7</ele>
		</trkpt>
		<trkpt lat="46.589938981" lon="8.491865862">
			<ele>1680.5</ele>
		</trkpt>
		<trkpt lat="46.590096141" lon="8.491808362">
			<ele>1687</ele>
		</trkpt>
		<trkpt lat="46.59051926" lon="8.491759244">
			<ele>1684.8</ele>
		</trkpt>
		<trkpt lat="46.591130468" lon="8.49135926">
			<ele>1692.6</ele>
		</trkpt>
		<trkpt lat="46.591227363" lon="8.491346017">
			<ele>1692.6</ele>
		</trkpt>
		<trkpt lat="46.591616451" lon="8.491439391">
			<ele>1694.6</ele>
		</trkpt>
		<trkpt lat="46.591683422" lon="8.491362613">
			<ele>1695</ele>
		</trkpt>
		<trkpt lat="46.591665569" lon="8.491267562">
			<ele>1701.9</ele>
		</trkpt>
		<trkpt lat="46.591280588" lon="8.491110988">
			<ele>1701.5</ele>
		</trkpt>
		<trkpt lat="46.590866606" lon="8.490869841">
			<ele>1709.3</ele>
		</trkpt>
		<trkpt lat="46.590022716" lon="8.490942009">
			<ele>1717.1</ele>
		</trkpt>
		<trkpt lat="46.589668162" lon="8.490867661">
			<ele>1721.3</ele>
		</trkpt>
		<trkpt lat="46.589117638" lon="8.490680829">
			<ele>1734.5</ele>
		</trkpt>
		<trkpt lat="46.588939187" lon="8.490727432">
			<ele>1733.6</ele>
		</trkpt>
		<trkpt lat="46.588720923" lon="8.490898088">
			<ele>1722</ele>
		</trkpt>
		<trkpt lat="46.588612293" lon="8.490898004">
			<ele>1720.8</ele>
		</trkpt>
		<trkpt lat="46.58826193" lon="8.490545126">
			<ele>1724.8</ele>
		</trkpt>
		<trkpt lat="46.587631108" lon="8.489547679">
			<ele>1743.9</ele>
		</trkpt>
		<trkpt lat="46.587659271" lon="8.48943444">
			<ele>1743.9</ele>
		</trkpt>
		<trkpt lat="46.587769325" lon="8.489394039">
			<ele>1760.8</ele>
		</trkpt>
		<trkpt lat="46.588106864" lon="8.489881949">
			<ele>1746.4</ele>
		</trkpt>
		<trkpt lat="46.588316496" lon="8.489991585">
			<ele>1746.4</ele>
		</trkpt>
		<trkpt lat="46.58869695" lon="8.489915393">
			<ele>1766</ele>
		</trkpt>
		<trkpt lat="46.589092492" lon="8.489998123">
			<ele>1758.3</ele>
		</trkpt>
		<trkpt lat="46.589484682" lon="8.490159139">
			<ele>1758.2</ele>
		</trkpt>
		<trkpt lat="46.589676292" lon="8.490148997">
			<ele>1756.5</ele>
		</trkpt>
		<trkpt lat="46.589863125" lon="8.490019664">
			<ele>1754</ele>
		</trkpt>
		<trkpt lat="46.590482799" lon="8.489250289">
			<ele>1777.1</ele>
		</trkpt>
		<trkpt lat="46.590667033" lon="8.489118107">
			<ele>1783</ele>
		</trkpt>
		<trkpt lat="46.591201463" lon="8.488845611">
			<ele>1781.4</ele>
		</trkpt>
		<trkpt lat="46.591551324" lon="8.488416793">
			<ele>1785.9</ele>
		</trkpt>
		<trkpt lat="46.592031607" lon="8.48833113">
			<ele>1789.5</ele>
		</trkpt>
		<trkpt lat="46.592474087" lon="8.488318222">
			<ele>1788.9</ele>
		</trkpt>
		<trkpt lat="46.592555476" lon="8.48825301">
			<ele>1788.9</ele>
		</trkpt>
		<trkpt lat="46.592546339" lon="8.488151589">
			<ele>1788.9</ele>
		</trkpt>
		<trkpt lat="46.592510046" lon="8.488116302">
			<ele>1788.9</ele>
		</trkpt>
		<trkpt lat="46.592272335" lon="8.488138933">
			<ele>1788.8</ele>
		</trkpt>
		<trkpt lat="46.59175601" lon="8.487928798">
			<ele>1804</ele>
		</trkpt>
		<trkpt lat="46.591536488" lon="8.487897702">
			<ele>1807</ele>
		</trkpt>
		<trkpt lat="46.591428613" lon="8.487930307">
			<ele>1810.5</ele>
		</trkpt>
		<trkpt lat="46.590997783" lon="8.488215879">
			<ele>1807.8</ele>
		</trkpt>
		<trkpt lat="46.590289177" lon="8.488278575">
			<ele>1826.6</ele>
		</trkpt>
		<trkpt lat="46.590110558" lon="8.488337835">
			<ele>1830.7</ele>
		</trkpt>
		<trkpt lat="46.589542684" lon="8.488923144">
			<ele>1806</ele>
		</trkpt>
		<trkpt lat="46.589465487" lon="8.488975866">
			<ele>1806</ele>
		</trkpt>
		<trkpt lat="46.589329784" lon="8.488962371">
			<ele>1807.4</ele>
		</trkpt>
		<trkpt lat="46.588665267" lon="8.488125019">
			<ele>1830.4</ele>
		</trkpt>
		<trkpt lat="46.588082557" lon="8.48747978">
			<ele>1843.4</ele>
		</trkpt>
		<trkpt lat="46.587821209" lon="8.48711852">
			<ele>1845.1</ele>
		</trkpt>
		<trkpt lat="46.587560448" lon="8.486616863">
			<ele>1846.5</ele>
		</trkpt>
		<trkpt lat="46.586983186" lon="8.485302832">
			<ele>1859.7</ele>
		</trkpt>
		<trkpt lat="46.586669703" lon="8.48486077">
			<ele>1857.5</ele>
		</trkpt>
		<trkpt lat="46.586634332" lon="8.4847249">
			<ele>1855.2</ele>
		</trkpt>
		<trkpt lat="46.586677247" lon="8.484671926">
			<ele>1863.3</ele>
		</trkpt>
		<trkpt lat="46.586749415" lon="8.484670417">
			<ele>1863.3</ele>
		</trkpt>
		<trkpt lat="46.588012484" lon="8.48613834">
			<ele>1884.3</ele>
		</trkpt>
		<trkpt lat="46.589097689" lon="8.4868793">
			<ele>1879.5</ele>
		</trkpt>
		<trkpt lat="46.589645111" lon="8.487172415">
			<ele>1872.1</ele>
		</trkpt>
		<trkpt lat="46.589813252" lon="8.487100415">
			<ele>1870.3</ele>
		</trkpt>
		<trkpt lat="46.589904447" lon="8.486913666">
			<ele>1876.7</ele>
		</trkpt>
		<trkpt lat="46.59003269" lon="8.486350989">
			<ele>1885.1</ele>
		</trkpt>
		<trkpt lat="46.590068733" lon="8.485972211">
			<ele>1889.3</ele>
		</trkpt>
		<trkpt lat="46.590036379" lon="8.485804154">
			<ele>1893.2</ele>
		</trkpt>
		<trkpt lat="46.58996706" lon="8.48572134">
			<ele>1894.7</ele>
		</trkpt>
		<trkpt lat="46.589836973" lon="8.485698374">
			<ele>1894.7</ele>
		</trkpt>
		<trkpt lat="46.589521059" lon="8.486086205">
			<ele>1894.1</ele>
		</trkpt>
		<trkpt lat="46.589329533" lon="8.486091318">
			<ele>1895.5</ele>
		</trkpt>
		<trkpt lat="46.588160592" lon="8.484342434">
			<ele>1920.2</ele>
		</trkpt>
		<trkpt lat="46.587934281" lon="8.483933061">
			<ele>1922.5</ele>
		</trkpt>
		<trkpt lat="46.587400857" lon="8.482488357">
			<ele>1934.1</ele>
		</trkpt>
		<trkpt lat="46.5871235" lon="8.480770485">
			<ele>1943.8</ele>
		</trkpt>
		<trkpt lat="46.587120817" lon="8.480399419">
			<ele>1945.1</ele>
		</trkpt>
		<trkpt lat="46.587398594" lon="8.479147917">
			<ele>1960.5</ele>
		</trkpt>
		<trkpt lat="46.587536644" lon="8.477892559">
			<ele>1959.9</ele>
		</trkpt>
		<trkpt lat="46.587593473" lon="8.477759622">
			<ele>1965.1</ele>
		</trkpt>
		<trkpt lat="46.58768911" lon="8.477717126">
			<ele>1965.1</ele>
		</trkpt>
		<trkpt lat="46.587765889" lon="8.477768172">
			<ele>1972</ele>
		</trkpt>
		<trkpt lat="46.587868148" lon="8.477935642">
			<ele>1973</ele>
		</trkpt>
		<trkpt lat="46.588538449" lon="8.479320752">
			<ele>1988.3</ele>
		</trkpt>
		<trkpt lat="46.58874523" lon="8.479623338">
			<ele>1989.2</ele>
		</trkpt>
		<trkpt lat="46.589608901" lon="8.4804135">
			<ele>1988.5</ele>
		</trkpt>
		<trkpt lat="46.589772768" lon="8.480418781">
			<ele>1988.5</ele>
		</trkpt>
		<trkpt lat="46.589878799" lon="8.480294393">
			<ele>1989.3</ele>
		</trkpt>
		<trkpt lat="46.589909225" lon="8.480197582">
			<ele>1992.7</ele>
		</trkpt>
		<trkpt lat="46.589899334" lon="8.479998345">
			<ele>1992.7</ele>
		</trkpt>
		<trkpt lat="46.589275637" lon="8.478966197">
			<ele>2004.2</ele>
		</trkpt>
		<trkpt lat="46.589191399" lon="8.478657743">
			<ele>2005.3</ele>
		</trkpt>
		<trkpt lat="46.589042285" lon="8.477095943">
			<ele>2010.2</ele>
		</trkpt>
		<trkpt lat="46.589285192" lon="8.475599857">
			<ele>2016.7</ele>
		</trkpt>
		<trkpt lat="46.589540421" lon="8.474841965">
			<ele>2019.3</ele>
		</trkpt>
		<trkpt lat="46.589651146" lon="8.474209802">
			<ele>2025.9</ele>
		</trkpt>
		<trkpt lat="46.589818114" lon="8.473732118">
			<ele>2031.7</ele>
		</trkpt>
		<trkpt lat="46.590059345" lon="8.473353256">
			<ele>2038.8</ele>
		</trkpt>
		<trkpt lat="46.590416665" lon="8.472494865">
			<ele>2045.1</ele>
		</trkpt>
		<trkpt lat="46.590478859" lon="8.472441975">
			<ele>2045.1</ele>
		</trkpt>
		<trkpt lat="46.590848082" lon="8.472388247">
			<ele>2058.7</ele>
		</trkpt>
		<trkpt lat="46.591000716" lon="8.472254053">
			<ele>2067.1</ele>
		</trkpt>
		<trkpt lat="46.59109099" lon="8.472035704">
			<ele>2072.9</ele>
		</trkpt>
		<trkpt lat="46.591361557" lon="8.471094752">
			<ele>2076.4</ele>
		</trkpt>
		<trkpt lat="46.59142635" lon="8.470023712">
			<ele>2070</ele>
		</trkpt>
		<trkpt lat="46.591958517" lon="8.466547737">
			<ele>2091.9</ele>
		</trkpt>
		<trkpt lat="46.591942591" lon="8.466076171">
			<ele>2089.1</ele>
		</trkpt>
		<trkpt lat="46.592101344" lon="8.465030948">
			<ele>2093.1</ele>
		</trkpt>
		<trkpt lat="46.592083742" lon="8.46452334">
			<ele>2087.7</ele>
		</trkpt>
		<trkpt lat="46.592325895" lon="8.463856475">
			<ele>2092.7</ele>
		</trkpt>
		<trkpt lat="46.592392112" lon="8.463578951">
			<ele>2099.6</ele>
		</trkpt>
		<trkpt lat="46.592356489" lon="8.462817455">
			<ele>2086.2</ele>
		</trkpt>
		<trkpt lat="46.5924792" lon="8.462052941">
			<ele>2089.9</ele>
		</trkpt>
		<trkpt lat="46.592650359" lon="8.461681288">
			<ele>2095.9</ele>
		</trkpt>
		<trkpt lat="46.592824954" lon="8.461477691">
			<ele>2100.7</ele>
		</trkpt>
		<trkpt lat="46.593015475" lon="8.461169153">
			<ele>2105.2</ele>
		</trkpt>
		<trkpt lat="46.593833967" lon="8.459175937">
			<ele>2115</ele>
		</trkpt>
		<trkpt lat="46.594703674" lon="8.457689323">
			<ele>2135.4</ele>
		</trkpt>
		<trkpt lat="46.594815069" lon="8.457376845">
			<ele>2142.6</ele>
		</trkpt>
		<trkpt lat="46.59482957" lon="8.457012316">
			<ele>2142</ele>
		</trkpt>
		<trkpt lat="46.594676013" lon="8.456202457">
			<ele>2142.8</ele>
		</trkpt>
		<trkpt lat="46.594613317" lon="8.456020402">
			<ele>2142.8</ele>
		</trkpt>
		<trkpt lat="46.594312909" lon="8.455531569">
			<ele>2143</ele>
		</trkpt>
		<trkpt lat="46.594090537" lon="8.455260834">
			<ele>2147.3</ele>
		</trkpt>
		<trkpt lat="46.593709412" lon="8.454964785">
			<ele>2150.8</ele>
		</trkpt>
		<trkpt lat="46.591770594" lon="8.453747733">
			<ele>2155</ele>
		</trkpt>
		<trkpt lat="46.591659953" lon="8.453659723">
			<ele>2155</ele>
		</trkpt>
		<trkpt lat="46.591574122" lon="8.45352469">
			<ele>2156.1</ele>
		</trkpt>
		<trkpt lat="46.590720426" lon="8.451159317">
			<ele>2172</ele>
		</trkpt>
		<trkpt lat="46.590478943" lon="8.450147118">
			<ele>2174.2</ele>
		</trkpt>
		<trkpt lat="46.590232767" lon="8.449475812">
			<ele>2179.8</ele>
		</trkpt>
		<trkpt lat="46.590084742" lon="8.448959235">
			<ele>2179.9</ele>
		</trkpt>
		<trkpt lat="46.589360462" lon="8.44602976">
			<ele>2204.8</ele>
		</trkpt>
		<trkpt lat="46.589188633" lon="8.445437411">
			<ele>2208.3</ele>
		</trkpt>
		<trkpt lat="46.588014328" lon="8.442293275">
			<ele>2211.3</ele>
		</trkpt>
		<trkpt lat="46.587923468" lon="8.441741411">
			<ele>2210.4</ele>
		</trkpt>
		<trkpt lat="46.587805032" lon="8.440120099">
			<ele>2238.2</ele>
		</trkpt>
		<trkpt lat="46.587309913" lon="8.437833684">
			<ele>2249</ele>
		</trkpt>
		<trkpt lat="46.587239505" lon="8.436370036">
			<ele>2255.3</ele>
		</trkpt>
		<trkpt lat="46.588095465" lon="8.432979556">
			<ele>2286.2</ele>
		</trkpt>
		<trkpt lat="46.58805783" lon="8.432798255">
			<ele>2289.3</ele>
		</trkpt>
		<trkpt lat="46.5876068" lon="8.431980768">
			<ele>2296.9</ele>
		</trkpt>
		<trkpt lat="46.587348805" lon="8.431414403">
			<ele>2308.1</ele>
		</trkpt>
		<trkpt lat="46.587185442" lon="8.431190941">
			<ele>2316.5</ele>
		</trkpt>
		<trkpt lat="46.586636511" lon="8.430853318">
			<ele>2312.3</ele>
		</trkpt>
		<trkpt lat="46.586203586" lon="8.4303929">
			<ele>2325.2</ele>
		</trkpt>
		<trkpt lat="46.585468577" lon="8.430003645">
			<ele>2317.2</ele>
		</trkpt>
		<trkpt lat="46.58508611" lon="8.429512717">
			<ele>2330.1</ele>
		</trkpt>
		<trkpt lat="46.584765838" lon="8.429216836">
			<ele>2333.4</ele>
		</trkpt>
		<trkpt lat="46.584356214" lon="8.428752478">
			<ele>2345.5</ele>
		</trkpt>
		<trkpt lat="46.583647189" lon="8.428481827">
			<ele>2334.3</ele>
		</trkpt>
		<trkpt lat="46.583505954" lon="8.428380657">
			<ele>2334.3</ele>
		</trkpt>
		<trkpt lat="46.583365473" lon="8.428198267">
			<ele>2338.1</ele>
		</trkpt>
		<trkpt lat="46.583072526" lon="8.427412128">
			<ele>2352.7</ele>
		</trkpt>
		<trkpt lat="46.582884017" lon="8.427199898">
			<ele>2348.4</ele>
		</trkpt>
		<trkpt lat="46.582633146" lon="8.42714617">
			<ele>2353.2</ele>
		</trkpt>
		<trkpt lat="46.581820521" lon="8.427460324">
			<ele>2342.8</ele>
		</trkpt>
		<trkpt lat="46.58167937" lon="8.42746661">
			<ele>2342.8</ele>
		</trkpt>
		<trkpt lat="46.581571914" lon="8.427374745">
			<ele>2351.3</ele>
		</trkpt>
		<trkpt lat="46.581052655" lon="8.426721292">
			<ele>2365.5</ele>
		</trkpt>
		<trkpt lat="46.580903541" lon="8.426643172">
			<ele>2365.5</ele>
		</trkpt>
		<trkpt lat="46.580750655" lon="8.42673026">
			<ele>2365.3</ele>
		</trkpt>
		<trkpt lat="46.580449828" lon="8.427031757">
			<ele>2359.2</ele>
		</trkpt>
		<trkpt lat="46.580377157" lon="8.427050868">
			<ele>2359.2</ele>
		</trkpt>
		<trkpt lat="46.580284034" lon="8.426976688">
			<ele>2359</ele>
		</trkpt>
		<trkpt lat="46.579850522" lon="8.426424405">
			<ele>2371.1</ele>
		</trkpt>
		<trkpt lat="46.579655643" lon="8.426047722">
			<ele>2384.5</ele>
		</trkpt>
		<trkpt lat="46.579449867" lon="8.42585762">
			<ele>2381.5</ele>
		</trkpt>
		<trkpt lat="46.579443916" lon="8.425764581">
			<ele>2389.3</ele>
		</trkpt>
		<trkpt lat="46.579499488" lon="8.425706076">
			<ele>2389.3</ele>
		</trkpt>
		<trkpt lat="46.579572159" lon="8.425739938">
			<ele>2389.3</ele>
		</trkpt>
		<trkpt lat="46.579808613" lon="8.42616071">
			<ele>2378.9</ele>
		</trkpt>
		<trkpt lat="46.580073397" lon="8.426405462">
			<ele>2372.8</ele>
		</trkpt>
		<trkpt lat="46.580139865" lon="8.426426919">
			<ele>2372.8</ele>
		</trkpt>
		<trkpt lat="46.580230139" lon="8.426381992">
			<ele>2373.3</ele>
		</trkpt>
		<trkpt lat="46.580267019" lon="8.426260706">
			<ele>2380.4</ele>
		</trkpt>
		<trkpt lat="46.580224774" lon="8.426108994">
			<ele>2380.4</ele>
		</trkpt>
		<trkpt lat="46.579870303" lon="8.425888717">
			<ele>2386.5</ele>
		</trkpt>
		<trkpt lat="46.579524969" lon="8.425186733">
			<ele>2403.5</ele>
		</trkpt>
		<trkpt lat="46.579416759" lon="8.425057484">
			<ele>2401.5</ele>
		</trkpt>
		<trkpt lat="46.57908098" lon="8.424857408">
			<ele>2406.5</ele>
		</trkpt>
		<trkpt lat="46.578637912" lon="8.424919769">
			<ele>2401</ele>
		</trkpt>
		<trkpt lat="46.578508328" lon="8.424832765">
			<ele>2401</ele>
		</trkpt>
		<trkpt lat="46.578360806" lon="8.424664792">
			<ele>2405.4</ele>
		</trkpt>
		<trkpt lat="46.577910279" lon="8.423997508">
			<ele>2412.8</ele>
		</trkpt>
		<trkpt lat="46.577543236" lon="8.423638847">
			<ele>2414.7</ele>
		</trkpt>
		<trkpt lat="46.575980681" lon="8.421036266">
			<ele>2420.2</ele>
		</trkpt>
		<trkpt lat="46.575444072" lon="8.420458585">
			<ele>2417.5</ele>
		</trkpt>
		<trkpt lat="46.575129499" lon="8.419616707">
			<ele>2429.1</ele>
		</trkpt>
		<trkpt lat="46.574532791" lon="8.419030393">
			<ele>2425.6</ele>
		</trkpt>
		<trkpt lat="46.574297176" lon="8.418547595">
			<ele>2425.7</ele>
		</trkpt>
		<trkpt lat="46.574084527" lon="8.417938901">
			<ele>2436</ele>
		</trkpt>
		<trkpt lat="46.573772217" lon="8.416628726">
			<ele>2443.7</ele>
		</trkpt>
		<trkpt lat="46.573490837" lon="8.41603864">
			<ele>2441.9</ele>
		</trkpt>
		<trkpt lat="46.573330323" lon="8.415744603">
			<ele>2450.2</ele>
		</trkpt>
		<trkpt lat="46.572736885" lon="8.415242191">
			<ele>2443.3</ele>
		</trkpt>
		<trkpt lat="46.572477884" lon="8.414910855">
			<ele>2444</ele>
		</trkpt>
		<trkpt lat="46.572364058" lon="8.41472704">
			<ele>2441.8</ele>
		</trkpt>
		<trkpt lat="46.572174794" lon="8.414243739">
			<ele>2436.4</ele>
		</trkpt>
		<trkpt lat="46.572049317" lon="8.41361694">
			<ele>2441.9</ele>
		</trkpt>
		<trkpt lat="46.571942196" lon="8.411988588">
			<ele>2441.4</ele>
		</trkpt>
		<trkpt lat="46.571711778" lon="8.410701379">
			<ele>2425.8</ele>
		</trkpt>
		<trkpt lat="46.571692835" lon="8.410354704">
			<ele>2422.7</ele>
		</trkpt>
		<trkpt lat="46.571718819" lon="8.41008137">
			<ele>2419.1</ele>
		</trkpt>
		<trkpt lat="46.571872627" lon="8.409635872">
			<ele>2417.8</ele>
		</trkpt>
		<trkpt lat="46.572462294" lon="8.408812769">
			<ele>2421</ele>
		</trkpt>
		<trkpt lat="46.572613335" lon="8.408501968">
			<ele>2425.7</ele>
		</trkpt>
		<trkpt lat="46.572690533" lon="8.408233831">
			<ele>2420.8</ele>
		</trkpt>
		<trkpt lat="46.573016673" lon="8.406293085">
			<ele>2411.5</ele>
		</trkpt>
		<trkpt lat="46.57309102" lon="8.406017823">
			<ele>2406.2</ele>
		</trkpt>
		<trkpt lat="46.573259245" lon="8.405591017">
			<ele>2401.9</ele>
		</trkpt>
		<trkpt lat="46.573435349" lon="8.405290693">
			<ele>2401.1</ele>
		</trkpt>
		<trkpt lat="46.573799375" lon="8.404802363">
			<ele>2404.8</ele>
		</trkpt>
		<trkpt lat="46.574363477" lon="8.404320655">
			<ele>2412.1</ele>
		</trkpt>
		<trkpt lat="46.574473028" lon="8.40413969">
			<ele>2417.3</ele>
		</trkpt>
		<trkpt lat="46.574532288" lon="8.403947828">
			<ele>2413.7</ele>
		</trkpt>
		<trkpt lat="46.574553159" lon="8.403712632">
			<ele>2410.2</ele>
		</trkpt>
		<trkpt lat="46.574528936" lon="8.402104313">
			<ele>2390.3</ele>
		</trkpt>
		<trkpt lat="46.574559362" lon="8.401744394">
			<ele>2381.8</ele>
		</trkpt>
		<trkpt lat="46.574682744" lon="8.401207449">
			<ele>2382</ele>
		</trkpt>
		<trkpt lat="46.575110304" lon="8.3998759">
			<ele>2376.2</ele>
		</trkpt>
		<trkpt lat="46.575233938" lon="8.399311965">
			<ele>2377.4</ele>
		</trkpt>
		<trkpt lat="46.575275093" lon="8.398929583">
			<ele>2374.9</ele>
		</trkpt>
		<trkpt lat="46.575277523" lon="8.398259785">
			<ele>2368.1</ele>
		</trkpt>
		<trkpt lat="46.575178701" lon="8.396957992">
			<ele>2358.3</ele>
		</trkpt>
		<trkpt lat="46.575227232" lon="8.396483492">
			<ele>2355.9</ele>
		</trkpt>
		<trkpt lat="46.575403923" lon="8.395787207">
			<ele>2358.1</ele>
		</trkpt>
		<trkpt lat="46.575471984" lon="8.395276163">
			<ele>2354.1</ele>
		</trkpt>
		<trkpt lat="46.575384896" lon="8.393501965">
			<ele>2340.8</ele>
		</trkpt>
		<trkpt lat="46.575425715" lon="8.392715156">
			<ele>2332.2</ele>
		</trkpt>
		<trkpt lat="46.575494866" lon="8.392346017">
			<ele>2324.1</ele>
		</trkpt>
		<trkpt lat="46.575608357" lon="8.391990541">
			<ele>2326.3</ele>
		</trkpt>
		<trkpt lat="46.575756382" lon="8.39169248">
			<ele>2328</ele>
		</trkpt>
		<trkpt lat="46.576166424" lon="8.39110692">
			<ele>2332</ele>
		</trkpt>
		<trkpt lat="46.57619157" lon="8.390988233">
			<ele>2322.5</ele>
		</trkpt>
		<trkpt lat="46.57616391" lon="8.39085957">
			<ele>2322.5</ele>
		</trkpt>
		<trkpt lat="46.576073804" lon="8.390789246">
			<ele>2313.2</ele>
		</trkpt>
		<trkpt lat="46.57597473" lon="8.390830904">
			<ele>2313.2</ele>
		</trkpt>
		<trkpt lat="46.57543108" lon="8.39144513">
			<ele>2306.4</ele>
		</trkpt>
		<trkpt lat="46.575328402" lon="8.391610589">
			<ele>2305.6</ele>
		</trkpt>
		<trkpt lat="46.575165122" lon="8.392030438">
			<ele>2311.4</ele>
		</trkpt>
		<trkpt lat="46.5750751" lon="8.392785648">
			<ele>2313.3</ele>
		</trkpt>
		<trkpt lat="46.575030006" lon="8.392865527">
			<ele>2313.3</ele>
		</trkpt>
		<trkpt lat="46.574963873" lon="8.392894864">
			<ele>2302.8</ele>
		</trkpt>
		<trkpt lat="46.574896566" lon="8.392869383">
			<ele>2302.8</ele>
		</trkpt>
		<trkpt lat="46.574840491" lon="8.392727058">
			<ele>2302.8</ele>
		</trkpt>
		<trkpt lat="46.574914084" lon="8.391963299">
			<ele>2292.6</ele>
		</trkpt>
		<trkpt lat="46.57499388" lon="8.391592987">
			<ele>2297.1</ele>
		</trkpt>
		<trkpt lat="46.575173923" lon="8.391119493">
			<ele>2290.6</ele>
		</trkpt>
		<trkpt lat="46.575526047" lon="8.390514487">
			<ele>2272.3</ele>
		</trkpt>
		<trkpt lat="46.576157288" lon="8.389670597">
			<ele>2272.7</ele>
		</trkpt>
		<trkpt lat="46.57629056" lon="8.389415452">
			<ele>2272.1</ele>
		</trkpt>
		<trkpt lat="46.576482506" lon="8.388804914">
			<ele>2265.1</ele>
		</trkpt>
		<trkpt lat="46.576852148" lon="8.388379114">
			<ele>2274.3</ele>
		</trkpt>
		<trkpt lat="46.576922975" lon="8.388245171">
			<ele>2267</ele>
		</trkpt>
		<trkpt lat="46.576923897" lon="8.388138385">
			<ele>2267</ele>
		</trkpt>
		<trkpt lat="46.576828846" lon="8.388044173">
			<ele>2259.2</ele>
		</trkpt>
		<trkpt lat="46.576713511" lon="8.388138134">
			<ele>2258.5</ele>
		</trkpt>
		<trkpt lat="46.576371278" lon="8.388569718">
			<ele>2250.2</ele>
		</trkpt>
		<trkpt lat="46.576094005" lon="8.389059557">
			<ele>2257</ele>
		</trkpt>
		<trkpt lat="46.575955787" lon="8.389226021">
			<ele>2257.2</ele>
		</trkpt>
		<trkpt lat="46.575775157" lon="8.389344458">
			<ele>2250.3</ele>
		</trkpt>
		<trkpt lat="46.575454549" lon="8.389447555">
			<ele>2245.8</ele>
		</trkpt>
		<trkpt lat="46.575284732" lon="8.389573367">
			<ele>2239.2</ele>
		</trkpt>
		<trkpt lat="46.574931854" lon="8.390077706">
			<ele>2242.3</ele>
		</trkpt>
		<trkpt lat="46.574692131" lon="8.390308293">
			<ele>2241.9</ele>
		</trkpt>
		<trkpt lat="46.574405554" lon="8.390709702">
			<ele>2228.3</ele>
		</trkpt>
		<trkpt lat="46.574356771" lon="8.390726047">
			<ele>2228.3</ele>
		</trkpt>
		<trkpt lat="46.574305809" lon="8.390685059">
			<ele>2228.3</ele>
		</trkpt>
		<trkpt lat="46.574290219" lon="8.390563773">
			<ele>2228.3</ele>
		</trkpt>
		<trkpt lat="46.574740663" lon="8.389869584">
			<ele>2226</ele>
		</trkpt>
		<trkpt lat="46.57496798" lon="8.38920448">
			<ele>2214.4</ele>
		</trkpt>
		<trkpt lat="46.575125057" lon="8.389025861">
			<ele>2211.7</ele>
		</trkpt>
		<trkpt lat="46.575598131" lon="8.388694022">
			<ele>2225.6</ele>
		</trkpt>
		<trkpt lat="46.575687147" lon="8.388574412">
			<ele>2216.3</ele>
		</trkpt>
		<trkpt lat="46.576011275" lon="8.387721386">
			<ele>2208.4</ele>
		</trkpt>
		<trkpt lat="46.57644244" lon="8.386798371">
			<ele>2199.9</ele>
		</trkpt>
		<trkpt lat="46.576436322" lon="8.386639869">
			<ele>2190.2</ele>
		</trkpt>
		<trkpt lat="46.57633599" lon="8.386575747">
			<ele>2190.2</ele>
		</trkpt>
		<trkpt lat="46.576273545" lon="8.386599552">
			<ele>2190.2</ele>
		</trkpt>
		<trkpt lat="46.575871549" lon="8.387325509">
			<ele>2189.6</ele>
		</trkpt>
		<trkpt lat="46.575381459" lon="8.388010729">
			<ele>2188.3</ele>
		</trkpt>
		<trkpt lat="46.575209965" lon="8.388126818">
			<ele>2188.8</ele>
		</trkpt>
		<trkpt lat="46.574611078" lon="8.388292193">
			<ele>2163.4</ele>
		</trkpt>
		<trkpt lat="46.574368087" lon="8.388456311">
			<ele>2156.4</ele>
		</trkpt>
		<trkpt lat="46.574252836" lon="8.388640964">
			<ele>2165.7</ele>
		</trkpt>
		<trkpt lat="46.574119563" lon="8.389117224">
			<ele>2162.6</ele>
		</trkpt>
		<trkpt lat="46.573985034" lon="8.389445627">
			<ele>2168.7</ele>
		</trkpt>
		<trkpt lat="46.573679597" lon="8.389820717">
			<ele>2161.4</ele>
		</trkpt>
		<trkpt lat="46.573524197" lon="8.390082065">
			<ele>2153</ele>
		</trkpt>
		<trkpt lat="46.57346259" lon="8.390268479">
			<ele>2144.4</ele>
		</trkpt>
		<trkpt lat="46.573275757" lon="8.391198367">
			<ele>2144.1</ele>
		</trkpt>
		<trkpt lat="46.573135528" lon="8.392676096">
			<ele>2148.8</ele>
		</trkpt>
		<trkpt lat="46.573020193" lon="8.393147495">
			<ele>2135.1</ele>
		</trkpt>
		<trkpt lat="46.572993455" lon="8.393803798">
			<ele>2137.3</ele>
		</trkpt>
		<trkpt lat="46.572884155" lon="8.394115269">
			<ele>2127.4</ele>
		</trkpt>
		<trkpt lat="46.572837132" lon="8.394347867">
			<ele>2128.8</ele>
		</trkpt>
		<trkpt lat="46.572800587" lon="8.395504067">
			<ele>2135.1</ele>
		</trkpt>
		<trkpt lat="46.572766054" lon="8.395631723">
			<ele>2135.1</ele>
		</trkpt>
		<trkpt lat="46.572652647" lon="8.395728031">
			<ele>2126.4</ele>
		</trkpt>
		<trkpt lat="46.572545274" lon="8.39565536">
			<ele>2115.7</ele>
		</trkpt>
		<trkpt lat="46.572518452" lon="8.395523932">
			<ele>2114.5</ele>
		</trkpt>
		<trkpt lat="46.572678547" lon="8.394883554">
			<ele>2121.7</ele>
		</trkpt>
		<trkpt lat="46.572670416" lon="8.39428341">
			<ele>2116.9</ele>
		</trkpt>
		<trkpt lat="46.57272339" lon="8.393615959">
			<ele>2113</ele>
		</trkpt>
		<trkpt lat="46.572696316" lon="8.393157134">
			<ele>2110.1</ele>
		</trkpt>
		<trkpt lat="46.572802347" lon="8.392373845">
			<ele>2120.8</ele>
		</trkpt>
		<trkpt lat="46.57272339" lon="8.391162492">
			<ele>2101.4</ele>
		</trkpt>
		<trkpt lat="46.572854231" lon="8.389819628">
			<ele>2095.9</ele>
		</trkpt>
		<trkpt lat="46.572942493" lon="8.389240857">
			<ele>2090.4</ele>
		</trkpt>
		<trkpt lat="46.572906283" lon="8.389141029">
			<ele>2073.7</ele>
		</trkpt>
		<trkpt lat="46.572859344" lon="8.389124516">
			<ele>2073.7</ele>
		</trkpt>
		<trkpt lat="46.572807041" lon="8.389163073">
			<ele>2073.7</ele>
		</trkpt>
		<trkpt lat="46.572675613" lon="8.390043341">
			<ele>2090.1</ele>
		</trkpt>
		<trkpt lat="46.572422815" lon="8.39112293">
			<ele>2085.2</ele>
		</trkpt>
		<trkpt lat="46.572397921" lon="8.392090453">
			<ele>2091.8</ele>
		</trkpt>
		<trkpt lat="46.572071278" lon="8.393040877">
			<ele>2074.8</ele>
		</trkpt>
		<trkpt lat="46.571767685" lon="8.395009032">
			<ele>2066.1</ele>
		</trkpt>
		<trkpt lat="46.571620751" lon="8.395577576">
			<ele>2057.9</ele>
		</trkpt>
		<trkpt lat="46.571377591" lon="8.396161878">
			<ele>2052.3</ele>
		</trkpt>
		<trkpt lat="46.57102991" lon="8.396614334">
			<ele>2048.4</ele>
		</trkpt>
		<trkpt lat="46.570736208" lon="8.39680762">
			<ele>2049.2</ele>
		</trkpt>
		<trkpt lat="46.570587094" lon="8.396817595">
			<ele>2048</ele>
		</trkpt>
		<trkpt lat="46.570485422" lon="8.396761771">
			<ele>2047.7</ele>
		</trkpt>
		<trkpt lat="46.570439657" lon="8.396658087">
			<ele>2045.7</ele>
		</trkpt>
		<trkpt lat="46.570433202" lon="8.396537388">
			<ele>2045.7</ele>
		</trkpt>
		<trkpt lat="46.570475615" lon="8.39236781">
			<ele>2024.5</ele>
		</trkpt>
		<trkpt lat="46.57038509" lon="8.391087893">
			<ele>2015.8</ele>
		</trkpt>
		<trkpt lat="46.57022399" lon="8.389859358">
			<ele>1997.6</ele>
		</trkpt>
		<trkpt lat="46.570145955" lon="8.389498517">
			<ele>2000</ele>
		</trkpt>
		<trkpt lat="46.569742366" lon="8.38845103">
			<ele>1998.9</ele>
		</trkpt>
		<trkpt lat="46.569521168" lon="8.387721051">
			<ele>1993.7</ele>
		</trkpt>
		<trkpt lat="46.569147586" lon="8.386905743">
			<ele>1996.6</ele>
		</trkpt>
		<trkpt lat="46.568830331" lon="8.386052297">
			<ele>1995.3</ele>
		</trkpt>
		<trkpt lat="46.568274779" lon="8.385158703">
			<ele>1996.6</ele>
		</trkpt>
		<trkpt lat="46.567854175" lon="8.384346245">
			<ele>1988.6</ele>
		</trkpt>
		<trkpt lat="46.567451257" lon="8.383728079">
			<ele>1983.2</ele>
		</trkpt>
		<trkpt lat="46.567117908" lon="8.382820738">
			<ele>1973.1</ele>
		</trkpt>
		<trkpt lat="46.566964603" lon="8.382521924">
			<ele>1971.6</ele>
		</trkpt>
		<trkpt lat="46.56640553" lon="8.381781802">
			<ele>1964.8</ele>
		</trkpt>
		<trkpt lat="46.565876297" lon="8.381327922">
			<ele>1962.1</ele>
		</trkpt>
		<trkpt lat="46.565650237" lon="8.381037572">
			<ele>1959.1</ele>
		</trkpt>
		<trkpt lat="46.564717583" lon="8.378934469">
			<ele>1940.2</ele>
		</trkpt>
		<trkpt lat="46.564442153" lon="8.377763852">
			<ele>1919.8</ele>
		</trkpt>
		<trkpt lat="46.564304606" lon="8.377301674">
			<ele>1921.9</ele>
		</trkpt>
		<trkpt lat="46.5640073" lon="8.375989571">
			<ele>1932.3</ele>
		</trkpt>
		<trkpt lat="46.563980981" lon="8.374916017">
			<ele>1921.7</ele>
		</trkpt>
		<trkpt lat="46.563763219" lon="8.374141278">
			<ele>1919.4</ele>
		</trkpt>
		<trkpt lat="46.563573621" lon="8.372576376">
			<ele>1902.7</ele>
		</trkpt>
		<trkpt lat="46.563342699" lon="8.371912865">
			<ele>1899.9</ele>
		</trkpt>
		<trkpt lat="46.563257371" lon="8.371353876">
			<ele>1896.2</ele>
		</trkpt>
		<trkpt lat="46.56250585" lon="8.369793668">
			<ele>1886.2</ele>
		</trkpt>
		<trkpt lat="46.561921045" lon="8.36898339">
			<ele>1887.5</ele>
		</trkpt>
		<trkpt lat="46.56150899" lon="8.36768344">
			<ele>1874.1</ele>
		</trkpt>
		<trkpt lat="46.561180671" lon="8.366796384">
			<ele>1873</ele>
		</trkpt>
		<trkpt lat="46.561025271" lon="8.365923325">
			<ele>1871.2</ele>
		</trkpt>
		<trkpt lat="46.560979254" lon="8.36549568">
			<ele>1866.4</ele>
		</trkpt>
		<trkpt lat="46.560930806" lon="8.364345934">
			<ele>1832.4</ele>
		</trkpt>
		<trkpt lat="46.560952097" lon="8.364206543">
			<ele>1832.4</ele>
		</trkpt>
		<trkpt lat="46.560998616" lon="8.364162957">
			<ele>1832.4</ele>
		</trkpt>
		<trkpt lat="46.561056032" lon="8.364187768">
			<ele>1832.4</ele>
		</trkpt>
		<trkpt lat="46.561075646" lon="8.364245938">
			<ele>1832.4</ele>
		</trkpt>
		<trkpt lat="46.561092074" lon="8.365032831">
			<ele>1841.8</ele>
		</trkpt>
		<trkpt lat="46.561164829" lon="8.365617553">
			<ele>1853</ele>
		</trkpt>
		<trkpt lat="46.561388039" lon="8.366309814">
			<ele>1854.9</ele>
		</trkpt>
		<trkpt lat="46.562409626" lon="8.36801637">
			<ele>1828.3</ele>
		</trkpt>
		<trkpt lat="46.562470143" lon="8.368154252">
			<ele>1834.5</ele>
		</trkpt>
		<trkpt lat="46.562569049" lon="8.36855826">
			<ele>1830.1</ele>
		</trkpt>
		<trkpt lat="46.562681115" lon="8.368625063">
			<ele>1830.1</ele>
		</trkpt>
		<trkpt lat="46.562767281" lon="8.368544346">
			<ele>1819.5</ele>
		</trkpt>
		<trkpt lat="46.562783626" lon="8.368392047">
			<ele>1813.8</ele>
		</trkpt>
		<trkpt lat="46.562725707" lon="8.368188115">
			<ele>1824.2</ele>
		</trkpt>
		<trkpt lat="46.562124641" lon="8.367064772">
			<ele>1822.3</ele>
		</trkpt>
		<trkpt lat="46.561858935" lon="8.366398159">
			<ele>1819</ele>
		</trkpt>
		<trkpt lat="46.561788946" lon="8.366092807">
			<ele>1824.1</ele>
		</trkpt>
		<trkpt lat="46.561625247" lon="8.364897044">
			<ele>1808</ele>
		</trkpt>
		<trkpt lat="46.561372197" lon="8.363751657">
			<ele>1792.7</ele>
		</trkpt>
		<trkpt lat="46.560261595" lon="8.361478485">
			<ele>1803.6</ele>
		</trkpt>
		<trkpt lat="46.56021055" lon="8.361116638">
			<ele>1797.4</ele>
		</trkpt>
		<trkpt lat="46.5602652" lon="8.360440722">
			<ele>1792.5</ele>
		</trkpt>
		<trkpt lat="46.560196133" lon="8.359341854">
			<ele>1785.6</ele>
		</trkpt>
		<trkpt lat="46.560118516" lon="8.359007332">
			<ele>1791.2</ele>
		</trkpt>
		<trkpt lat="46.559865718" lon="8.358508945">
			<ele>1788.8</ele>
		</trkpt>
		<trkpt lat="46.559853816" lon="8.358420348">
			<ele>1782.5</ele>
		</trkpt>
		<trkpt lat="46.559885332" lon="8.358338373">
			<ele>1782.5</ele>
		</trkpt>
		<trkpt lat="46.559972923" lon="8.358294284">
			<ele>1780.3</ele>
		</trkpt>
		<trkpt lat="46.560036374" lon="8.358336529">
			<ele>1780.3</ele>
		</trkpt>
		<trkpt lat="46.560085994" lon="8.358436693">
			<ele>1780.3</ele>
		</trkpt>
		<trkpt lat="46.560365782" lon="8.359472444">
			<ele>1778.6</ele>
		</trkpt>
		<trkpt lat="46.560689575" lon="8.361190651">
			<ele>1775.4</ele>
		</trkpt>
		<trkpt lat="46.56089116" lon="8.361646375">
			<ele>1769.4</ele>
		</trkpt>
		<trkpt lat="46.56182482" lon="8.362997454">
			<ele>1762.6</ele>
		</trkpt>
		<trkpt lat="46.561913501" lon="8.363070041">
			<ele>1765.1</ele>
		</trkpt>
		<trkpt lat="46.562086252" lon="8.363007847">
			<ele>1761.5</ele>
		</trkpt>
		<trkpt lat="46.562282556" lon="8.362731328">
			<ele>1760.4</ele>
		</trkpt>
		<trkpt lat="46.562449356" lon="8.362377947">
			<ele>1760.4</ele>
		</trkpt>
		<trkpt lat="46.562465784" lon="8.362148032">
			<ele>1760.5</ele>
		</trkpt>
		<trkpt lat="46.56227166" lon="8.361553922">
			<ele>1761.2</ele>
		</trkpt>
		<trkpt lat="46.561346046" lon="8.359955326">
			<ele>1767.7</ele>
		</trkpt>
		<trkpt lat="46.561207577" lon="8.35977545">
			<ele>1770.3</ele>
		</trkpt>
		<trkpt lat="46.560847155" lon="8.359481832">
			<ele>1772.2</ele>
		</trkpt>
		<trkpt lat="46.560748835" lon="8.359342776">
			<ele>1772.2</ele>
		</trkpt>
		<trkpt lat="46.560439543" lon="8.358274167">
			<ele>1779</ele>
		</trkpt>
		<trkpt lat="46.560345414" lon="8.358061267">
			<ele>1778.9</ele>
		</trkpt>
		<trkpt lat="46.559288959" lon="8.356666937">
			<ele>1747.9</ele>
		</trkpt>
		<trkpt lat="46.558977488" lon="8.356136614">
			<ele>1734.1</ele>
		</trkpt>
		<trkpt lat="46.558774059" lon="8.356040642">
			<ele>1732.6</ele>
		</trkpt>
		<trkpt lat="46.55829914" lon="8.355920445">
			<ele>1725.5</ele>
		</trkpt>
		<trkpt lat="46.55818984" lon="8.355931928">
			<ele>1725.5</ele>
		</trkpt>
		<trkpt lat="46.558042822" lon="8.356040474">
			<ele>1727.5</ele>
		</trkpt>
		<trkpt lat="46.557640574" lon="8.356689988">
			<ele>1731.3</ele>
		</trkpt>
		<trkpt lat="46.557572848" lon="8.356711362">
			<ele>1731.3</ele>
		</trkpt>
		<trkpt lat="46.557516103" lon="8.356636092">
			<ele>1723.9</ele>
		</trkpt>
		<trkpt lat="46.557528173" lon="8.356483122">
			<ele>1717</ele>
		</trkpt>
		<trkpt lat="46.557876106" lon="8.355879039">
			<ele>1720.2</ele>
		</trkpt>
		<trkpt lat="46.557916758" lon="8.355693547">
			<ele>1720.3</ele>
		</trkpt>
		<trkpt lat="46.557857246" lon="8.355483748">
			<ele>1720.3</ele>
		</trkpt>
		<trkpt lat="46.55754083" lon="8.35518904">
			<ele>1730.2</ele>
		</trkpt>
		<trkpt lat="46.5573027" lon="8.355114106">
			<ele>1729.9</ele>
		</trkpt>
		<trkpt lat="46.556570876" lon="8.355265902">
			<ele>1716.1</ele>
		</trkpt>
		<trkpt lat="46.555868305" lon="8.355283756">
			<ele>1717.4</ele>
		</trkpt>
		<trkpt lat="46.555464548" lon="8.355221143">
			<ele>1719.9</ele>
		</trkpt>
		<trkpt lat="46.555410066" lon="8.355271686">
			<ele>1719.9</ele>
		</trkpt>
		<trkpt lat="46.555390788" lon="8.355358103">
			<ele>1719.9</ele>
		</trkpt>
		<trkpt lat="46.555451892" lon="8.355476707">
			<ele>1719.9</ele>
		</trkpt>
		<trkpt lat="46.555815918" lon="8.355477042">
			<ele>1717.4</ele>
		</trkpt>
		<trkpt lat="46.55622881" lon="8.355556335">
			<ele>1702.2</ele>
		</trkpt>
		<trkpt lat="46.556551765" lon="8.355533537">
			<ele>1703.9</ele>
		</trkpt>
		<trkpt lat="46.556625107" lon="8.355607046">
			<ele>1703.9</ele>
		</trkpt>
		<trkpt lat="46.556631645" lon="8.355684578">
			<ele>1703.9</ele>
		</trkpt>
		<trkpt lat="46.55655847" lon="8.355786335">
			<ele>1693.4</ele>
		</trkpt>
		<trkpt lat="46.556069638" lon="8.355730176">
			<ele>1701.7</ele>
		</trkpt>
		<trkpt lat="46.555336808" lon="8.355855066">
			<ele>1688.3</ele>
		</trkpt>
		<trkpt lat="46.55513975" lon="8.355938299">
			<ele>1695.7</ele>
		</trkpt>
		<trkpt lat="46.553596893" lon="8.357356517">
			<ele>1666.4</ele>
		</trkpt>
		<trkpt lat="46.552400711" lon="8.358276347">
			<ele>1641.3</ele>
		</trkpt>
		<trkpt lat="46.551924619" lon="8.358715726">
			<ele>1629.5</ele>
		</trkpt>
		<trkpt lat="46.551330426" lon="8.35901848">
			<ele>1629.8</ele>
		</trkpt>
		<trkpt lat="46.55059198" lon="8.359468505">
			<ele>1632.7</ele>
		</trkpt>
		<trkpt lat="46.549991836" lon="8.359673359">
			<ele>1626</ele>
		</trkpt>
		<trkpt lat="46.548806635" lon="8.360418761">
			<ele>1595.4</ele>
		</trkpt>
		<trkpt lat="46.54867462" lon="8.360434184">
			<ele>1595.4</ele>
		</trkpt>
		<trkpt lat="46.548424253" lon="8.360377103">
			<ele>1592.9</ele>
		</trkpt>
		<trkpt lat="46.548197103" lon="8.360218182">
			<ele>1599.4</ele>
		</trkpt>
		<trkpt lat="46.546936968" lon="8.358705333">
			<ele>1609.3</ele>
		</trkpt>
		<trkpt lat="46.546773688" lon="8.358639115">
			<ele>1604.5</ele>
		</trkpt>
		<trkpt lat="46.546269181" lon="8.358630482">
			<ele>1594.3</ele>
		</trkpt>
		<trkpt lat="46.546136496" lon="8.358559236">
			<ele>1589.4</ele>
		</trkpt>
		<trkpt lat="46.546034488" lon="8.358449936">
			<ele>1584.5</ele>
		</trkpt>
		<trkpt lat="46.545753862" lon="8.357835207">
			<ele>1590.1</ele>
		</trkpt>
		<trkpt lat="46.545431829" lon="8.3573882">
			<ele>1581.5</ele>
		</trkpt>
		<trkpt lat="46.545324792" lon="8.356497707">
			<ele>1586.8</ele>
		</trkpt>
		<trkpt lat="46.545252708" lon="8.356226049">
			<ele>1589.8</ele>
		</trkpt>
		<trkpt lat="46.544695228" lon="8.355223071">
			<ele>1588.4</ele>
		</trkpt>
		<trkpt lat="46.544415524" lon="8.354932638">
			<ele>1598.6</ele>
		</trkpt>
		<trkpt lat="46.544312342" lon="8.354943451">
			<ele>1587.7</ele>
		</trkpt>
		<trkpt lat="46.5442877" lon="8.355085691">
			<ele>1587.7</ele>
		</trkpt>
		<trkpt lat="46.544511077" lon="8.355631102">
			<ele>1578.8</ele>
		</trkpt>
		<trkpt lat="46.544528344" lon="8.355852216">
			<ele>1574.3</ele>
		</trkpt>
		<trkpt lat="46.544456343" lon="8.35603863">
			<ele>1570.4</ele>
		</trkpt>
		<trkpt lat="46.544028363" lon="8.35645915">
			<ele>1561.2</ele>
		</trkpt>
		<trkpt lat="46.543868437" lon="8.356688311">
			<ele>1559.4</ele>
		</trkpt>
		<trkpt lat="46.543828539" lon="8.356916634">
			<ele>1557.3</ele>
		</trkpt>
		<trkpt lat="46.543845554" lon="8.357631695">
			<ele>1554.9</ele>
		</trkpt>
		<trkpt lat="46.543806327" lon="8.357777288">
			<ele>1553.3</ele>
		</trkpt>
		<trkpt lat="46.54373332" lon="8.357853312">
			<ele>1553.3</ele>
		</trkpt>
		<trkpt lat="46.543643718" lon="8.357871165">
			<ele>1553</ele>
		</trkpt>
		<trkpt lat="46.543205512" lon="8.35776153">
			<ele>1550.5</ele>
		</trkpt>
		<trkpt lat="46.543034773" lon="8.35764871">
			<ele>1548.2</ele>
		</trkpt>
		<trkpt lat="46.542925305" lon="8.35748761">
			<ele>1549.4</ele>
		</trkpt>
		<trkpt lat="46.542861435" lon="8.357301364">
			<ele>1546.6</ele>
		</trkpt>
		<trkpt lat="46.542436221" lon="8.355578883">
			<ele>1542.9</ele>
		</trkpt>
		<trkpt lat="46.542329519" lon="8.355315439">
			<ele>1540.8</ele>
		</trkpt>
		<trkpt lat="46.542227595" lon="8.355195075">
			<ele>1545.3</ele>
		</trkpt>
		<trkpt lat="46.541748905" lon="8.354819901">
			<ele>1531.7</ele>
		</trkpt>
		<trkpt lat="46.541474817" lon="8.354329644">
			<ele>1539.1</ele>
		</trkpt>
		<trkpt lat="46.541081873" lon="8.353939382">
			<ele>1534.3</ele>
		</trkpt>
		<trkpt lat="46.540663113" lon="8.353452142">
			<ele>1532.1</ele>
		</trkpt>
		<trkpt lat="46.540004715" lon="8.352919472">
			<ele>1524.2</ele>
		</trkpt>
		<trkpt lat="46.539612022" lon="8.352256045">
			<ele>1522</ele>
		</trkpt>
		<trkpt lat="46.538951026" lon="8.351345351">
			<ele>1516.1</ele>
		</trkpt>
		<trkpt lat="46.538481052" lon="8.350171633">
			<ele>1519.9</ele>
		</trkpt>
		<trkpt lat="46.538434533" lon="8.350119162">
			<ele>1507</ele>
		</trkpt>
		<trkpt lat="46.538377117" lon="8.350118911">
			<ele>1507</ele>
		</trkpt>
		<trkpt lat="46.538331938" lon="8.350180266">
			<ele>1507</ele>
		</trkpt>
		<trkpt lat="46.538328669" lon="8.350280598">
			<ele>1507</ele>
		</trkpt>
		<trkpt lat="46.538485998" lon="8.350675218">
			<ele>1508.6</ele>
		</trkpt>
		<trkpt lat="46.538658162" lon="8.351536291">
			<ele>1499.9</ele>
		</trkpt>
		<trkpt lat="46.539134925" lon="8.352631554">
			<ele>1492.7</ele>
		</trkpt>
		<trkpt lat="46.539392752" lon="8.353477623">
			<ele>1485.2</ele>
		</trkpt>
		<trkpt lat="46.540516262" lon="8.355132965">
			<ele>1487.5</ele>
		</trkpt>
		<trkpt lat="46.540540067" lon="8.355254838">
			<ele>1481.5</ele>
		</trkpt>
		<trkpt lat="46.540499415" lon="8.355571507">
			<ele>1470.6</ele>
		</trkpt>
		<trkpt lat="46.540515173" lon="8.355740067">
			<ele>1476.1</ele>
		</trkpt>
		<trkpt lat="46.540807533" lon="8.356790906">
			<ele>1468.7</ele>
		</trkpt>
		<trkpt lat="46.54106863" lon="8.358418001">
			<ele>1462.4</ele>
		</trkpt>
		<trkpt lat="46.54144724" lon="8.359502787">
			<ele>1463.4</ele>
		</trkpt>
		<trkpt lat="46.541402816" lon="8.359628683">
			<ele>1448.7</ele>
		</trkpt>
		<trkpt lat="46.541346071" lon="8.359641591">
			<ele>1448.7</ele>
		</trkpt>
		<trkpt lat="46.541294857" lon="8.359575961">
			<ele>1448.7</ele>
		</trkpt>
		<trkpt lat="46.540978608" lon="8.358720001">
			<ele>1446.2</ele>
		</trkpt>
		<trkpt lat="46.540574349" lon="8.358081216">
			<ele>1444.1</ele>
		</trkpt>
		<trkpt lat="46.539257719" lon="8.356535593">
			<ele>1426.1</ele>
		</trkpt>
		<trkpt lat="46.539064097" lon="8.355988674">
			<ele>1427.2</ele>
		</trkpt>
		<trkpt lat="46.53868138" lon="8.355273027">
			<ele>1419.8</ele>
		</trkpt>
		<trkpt lat="46.538272846" lon="8.353985734">
			<ele>1415.2</ele>
		</trkpt>
		<trkpt lat="46.537665242" lon="8.352819225">
			<ele>1411.2</ele>
		</trkpt>
		<trkpt lat="46.537299036" lon="8.351946585">
			<ele>1413.7</ele>
		</trkpt>
		<trkpt lat="46.536880444" lon="8.351194561">
			<ele>1406.5</ele>
		</trkpt>
		<trkpt lat="46.536631418" lon="8.350434238">
			<ele>1407.3</ele>
		</trkpt>
		<trkpt lat="46.536407621" lon="8.349957056">
			<ele>1399</ele>
		</trkpt>
		<trkpt lat="46.536287844" lon="8.349807858">
			<ele>1401.4</ele>
		</trkpt>
		<trkpt lat="46.536074273" lon="8.349685399">
			<ele>1395.7</ele>
		</trkpt>
		<trkpt lat="46.535239938" lon="8.349554976">
			<ele>1378.1</ele>
		</trkpt>
		<trkpt lat="46.535114126" lon="8.349503763">
			<ele>1377.5</ele>
		</trkpt>
		<trkpt lat="46.534879181" lon="8.349281726">
			<ele>1376.5</ele>
		</trkpt>
		<trkpt lat="46.534447261" lon="8.348747799">
			<ele>1373.7</ele>
		</trkpt>
		<trkpt lat="46.534365035" lon="8.348841844">
			<ele>1372.2</ele>
		</trkpt>
		<trkpt lat="46.534158253" lon="8.348485529">
			<ele>1371.4</ele>
		</trkpt>
		<trkpt lat="46.533505974" lon="8.347159261">
			<ele>1369.1</ele>
		</trkpt>
		<trkpt lat="46.532164115" lon="8.34588957">
			<ele>1365.5</ele>
		</trkpt>
	</trkseg>
</trk>
<trk>
	<name>02: Oberwald – Brig (Developed + Signed)</name>
	<desc>Developed + Signed</desc>
	<trkseg>
		<trkpt lat="46.532164115" lon="8.34588957">
			<ele>1365.5</ele>
		</trkpt>
		<trkpt lat="46.529665218" lon="8.343577087">
			<ele>1363.2</ele>
		</trkpt>
		<trkpt lat="46.527243854" lon="8.341078442">
			<ele>1358.3</ele>
		</trkpt>
		<trkpt lat="46.526023952" lon="8.340274617">
			<ele>1358.8</ele>
		</trkpt>
		<trkpt lat="46.522583935" lon="8.336313833">
			<ele>1356.2</ele>
		</trkpt>
		<trkpt lat="46.521873485" lon="8.335615201">
			<ele>1355.6</ele>
		</trkpt>
		<trkpt lat="46.520982237" lon="8.334894273">
			<ele>1354.4</ele>
		</trkpt>
		<trkpt lat="46.518881732" lon="8.333717538">
			<ele>1354.2</ele>
		</trkpt>
		<trkpt lat="46.518622228" lon="8.333539423">
			<ele>1354.3</ele>
		</trkpt>
		<trkpt lat="46.518223333" lon="8.333174223">
			<ele>1354.3</ele>
		</trkpt>
		<trkpt lat="46.517701225" lon="8.332487075">
			<ele>1353.1</ele>
		</trkpt>
		<trkpt lat="46.51723276" lon="8.331524916">
			<ele>1352.9</ele>
		</trkpt>
		<trkpt lat="46.516931598" lon="8.331081346">
			<ele>1353.4</ele>
		</trkpt>
		<trkpt lat="46.516701012" lon="8.33086241">
			<ele>1353.1</ele>
		</trkpt>
		<trkpt lat="46.515896852" lon="8.330559069">
			<ele>1352</ele>
		</trkpt>
		<trkpt lat="46.515515057" lon="8.330300404">
			<ele>1351.5</ele>
		</trkpt>
		<trkpt lat="46.515300564" lon="8.330064202">
			<ele>1351.2</ele>
		</trkpt>
		<trkpt lat="46.513947976" lon="8.328254549">
			<ele>1351.7</ele>
		</trkpt>
		<trkpt lat="46.513667015" lon="8.327781223">
			<ele>1352.7</ele>
		</trkpt>
		<trkpt lat="46.513429136" lon="8.326969687">
			<ele>1354.2</ele>
		</trkpt>
		<trkpt lat="46.513175751" lon="8.32713875">
			<ele>1355.8</ele>
		</trkpt>
		<trkpt lat="46.512905183" lon="8.326681769">
			<ele>1356.3</ele>
		</trkpt>
		<trkpt lat="46.512781048" lon="8.326403573">
			<ele>1356.5</ele>
		</trkpt>
		<trkpt lat="46.512761601" lon="8.326052371">
			<ele>1354</ele>
		</trkpt>
		<trkpt lat="46.512697648" lon="8.325728662">
			<ele>1353.2</ele>
		</trkpt>
		<trkpt lat="46.512589856" lon="8.325540656">
			<ele>1352.5</ele>
		</trkpt>
		<trkpt lat="46.51251115" lon="8.325474272">
			<ele>1352.5</ele>
		</trkpt>
		<trkpt lat="46.512468905" lon="8.325359104">
			<ele>1352.9</ele>
		</trkpt>
		<trkpt lat="46.511768849" lon="8.32424867">
			<ele>1349.9</ele>
		</trkpt>
		<trkpt lat="46.511308012" lon="8.323728489">
			<ele>1348.2</ele>
		</trkpt>
		<trkpt lat="46.510868549" lon="8.323309561">
			<ele>1348.3</ele>
		</trkpt>
		<trkpt lat="46.510594628" lon="8.323171847">
			<ele>1349.1</ele>
		</trkpt>
		<trkpt lat="46.510320121" lon="8.322905302">
			<ele>1348.8</ele>
		</trkpt>
		<trkpt lat="46.509575892" lon="8.322507832">
			<ele>1351.9</ele>
		</trkpt>
		<trkpt lat="46.509489977" lon="8.322425438">
			<ele>1355.2</ele>
		</trkpt>
		<trkpt lat="46.509204573" lon="8.321740888">
			<ele>1353.3</ele>
		</trkpt>
		<trkpt lat="46.50840494" lon="8.319387501">
			<ele>1358.1</ele>
		</trkpt>
		<trkpt lat="46.50822959" lon="8.318789033">
			<ele>1353.1</ele>
		</trkpt>
		<trkpt lat="46.508194554" lon="8.318338506">
			<ele>1350.3</ele>
		</trkpt>
		<trkpt lat="46.508273763" lon="8.317514481">
			<ele>1345.9</ele>
		</trkpt>
		<trkpt lat="46.50827611" lon="8.317210469">
			<ele>1345.9</ele>
		</trkpt>
		<trkpt lat="46.507983833" lon="8.313436098">
			<ele>1345</ele>
		</trkpt>
		<trkpt lat="46.507909066" lon="8.312857747">
			<ele>1345.3</ele>
		</trkpt>
		<trkpt lat="46.50764336" lon="8.31230429">
			<ele>1345.6</ele>
		</trkpt>
		<trkpt lat="46.507526768" lon="8.312150398">
			<ele>1345.6</ele>
		</trkpt>
		<trkpt lat="46.506612218" lon="8.311567856">
			<ele>1345</ele>
		</trkpt>
		<trkpt lat="46.506212485" lon="8.311176756">
			<ele>1344.9</ele>
		</trkpt>
		<trkpt lat="46.505631116" lon="8.310450716">
			<ele>1344.9</ele>
		</trkpt>
		<trkpt lat="46.505392484" lon="8.310280396">
			<ele>1345</ele>
		</trkpt>
		<trkpt lat="46.505316711" lon="8.310757997">
			<ele>1345.2</ele>
		</trkpt>
		<trkpt lat="46.505190815" lon="8.310749531">
			<ele>1345.4</ele>
		</trkpt>
		<trkpt lat="46.504497799" lon="8.310990678">
			<ele>1345.4</ele>
		</trkpt>
		<trkpt lat="46.504226477" lon="8.311024625">
			<ele>1346.2</ele>
		</trkpt>
		<trkpt lat="46.503916347" lon="8.310552221">
			<ele>1345.5</ele>
		</trkpt>
		<trkpt lat="46.503300612" lon="8.309897007">
			<ele>1345.8</ele>
		</trkpt>
		<trkpt lat="46.50294304" lon="8.309350759">
			<ele>1346</ele>
		</trkpt>
		<trkpt lat="46.502530483" lon="8.30901322">
			<ele>1347.1</ele>
		</trkpt>
		<trkpt lat="46.502323031" lon="8.308753381">
			<ele>1348.4</ele>
		</trkpt>
		<trkpt lat="46.502180874" lon="8.308414668">
			<ele>1351.3</ele>
		</trkpt>
		<trkpt lat="46.502153549" lon="8.308254322">
			<ele>1351.1</ele>
		</trkpt>
		<trkpt lat="46.50224642" lon="8.307811841">
			<ele>1350.9</ele>
		</trkpt>
		<trkpt lat="46.50222161" lon="8.307328876">
			<ele>1350</ele>
		</trkpt>
		<trkpt lat="46.502237787" lon="8.306951355">
			<ele>1348.8</ele>
		</trkpt>
		<trkpt lat="46.502199398" lon="8.306741137">
			<ele>1348.8</ele>
		</trkpt>
		<trkpt lat="46.502104179" lon="8.306525219">
			<ele>1349.2</ele>
		</trkpt>
		<trkpt lat="46.501854818" lon="8.30623378">
			<ele>1349.5</ele>
		</trkpt>
		<trkpt lat="46.501632446" lon="8.305857601">
			<ele>1348.7</ele>
		</trkpt>
		<trkpt lat="46.502115411" lon="8.30496585">
			<ele>1344.4</ele>
		</trkpt>
		<trkpt lat="46.502135444" lon="8.304809779">
			<ele>1343.4</ele>
		</trkpt>
		<trkpt lat="46.502108286" lon="8.304718165">
			<ele>1343.8</ele>
		</trkpt>
		<trkpt lat="46.501803353" lon="8.304239139">
			<ele>1343.1</ele>
		</trkpt>
		<trkpt lat="46.501711739" lon="8.30416739">
			<ele>1343.2</ele>
		</trkpt>
		<trkpt lat="46.50161761" lon="8.303868072">
			<ele>1342.4</ele>
		</trkpt>
		<trkpt lat="46.501521972" lon="8.303764137">
			<ele>1342.5</ele>
		</trkpt>
		<trkpt lat="46.500270219" lon="8.300832314">
			<ele>1340.8</ele>
		</trkpt>
		<trkpt lat="46.500219844" lon="8.300695019">
			<ele>1341.4</ele>
		</trkpt>
		<trkpt lat="46.500214731" lon="8.300518077">
			<ele>1341.4</ele>
		</trkpt>
		<trkpt lat="46.49971936" lon="8.300311631">
			<ele>1343</ele>
		</trkpt>
		<trkpt lat="46.499388359" lon="8.300068891">
			<ele>1345.5</ele>
		</trkpt>
		<trkpt lat="46.499215608" lon="8.299998567">
			<ele>1346.9</ele>
		</trkpt>
		<trkpt lat="46.498788885" lon="8.299206896">
			<ele>1347.3</ele>
		</trkpt>
		<trkpt lat="46.49856601" lon="8.298718063">
			<ele>1348.6</ele>
		</trkpt>
		<trkpt lat="46.497975757" lon="8.29770226">
			<ele>1344.4</ele>
		</trkpt>
		<trkpt lat="46.497127843" lon="8.297024332">
			<ele>1343.7</ele>
		</trkpt>
		<trkpt lat="46.496315302" lon="8.29669157">
			<ele>1345.4</ele>
		</trkpt>
		<trkpt lat="46.495981618" lon="8.29649887">
			<ele>1350.6</ele>
		</trkpt>
		<trkpt lat="46.495617424" lon="8.296065694">
			<ele>1352.3</ele>
		</trkpt>
		<trkpt lat="46.495142422" lon="8.295677695">
			<ele>1357.6</ele>
		</trkpt>
		<trkpt lat="46.494937401" lon="8.295332529">
			<ele>1355.3</ele>
		</trkpt>
		<trkpt lat="46.494822736" lon="8.294886863">
			<ele>1356.5</ele>
		</trkpt>
		<trkpt lat="46.494188058" lon="8.293702248">
			<ele>1354.6</ele>
		</trkpt>
		<trkpt lat="46.493908187" lon="8.292936813">
			<ele>1353.2</ele>
		</trkpt>
		<trkpt lat="46.493524296" lon="8.29232418">
			<ele>1354.2</ele>
		</trkpt>
		<trkpt lat="46.493289351" lon="8.291667039">
			<ele>1350.3</ele>
		</trkpt>
		<trkpt lat="46.493206118" lon="8.291083993">
			<ele>1347.2</ele>
		</trkpt>
		<trkpt lat="46.49312649" lon="8.290776713">
			<ele>1343.1</ele>
		</trkpt>
		<trkpt lat="46.492787107" lon="8.290327443">
			<ele>1347.8</ele>
		</trkpt>
		<trkpt lat="46.492629863" lon="8.289715648">
			<ele>1345.1</ele>
		</trkpt>
		<trkpt lat="46.492493657" lon="8.289344078">
			<ele>1342.5</ele>
		</trkpt>
		<trkpt lat="46.492318643" lon="8.289060099">
			<ele>1343.6</ele>
		</trkpt>
		<trkpt lat="46.492067772" lon="8.288750136">
			<ele>1346.5</ele>
		</trkpt>
		<trkpt lat="46.491973895" lon="8.287808513">
			<ele>1339.1</ele>
		</trkpt>
		<trkpt lat="46.491902733" lon="8.287391094">
			<ele>1339.9</ele>
		</trkpt>
		<trkpt lat="46.491583717" lon="8.286506552">
			<ele>1340.6</ele>
		</trkpt>
		<trkpt lat="46.491439632" lon="8.285657885">
			<ele>1341.5</ele>
		</trkpt>
		<trkpt lat="46.491226816" lon="8.284951542">
			<ele>1342.4</ele>
		</trkpt>
		<trkpt lat="46.49112682" lon="8.283995334">
			<ele>1340.7</ele>
		</trkpt>
		<trkpt lat="46.490901263" lon="8.282787669">
			<ele>1338</ele>
		</trkpt>
		<trkpt lat="46.490895144" lon="8.282169169">
			<ele>1338</ele>
		</trkpt>
		<trkpt lat="46.490922469" lon="8.282115022">
			<ele>1338</ele>
		</trkpt>
		<trkpt lat="46.490858431" lon="8.282029442">
			<ele>1338</ele>
		</trkpt>
		<trkpt lat="46.490395331" lon="8.281673128">
			<ele>1338.6</ele>
		</trkpt>
		<trkpt lat="46.490158123" lon="8.281387975">
			<ele>1339.1</ele>
		</trkpt>
		<trkpt lat="46.489685803" lon="8.280561771">
			<ele>1341.7</ele>
		</trkpt>
		<trkpt lat="46.489291854" lon="8.280152483">
			<ele>1341.9</ele>
		</trkpt>
		<trkpt lat="46.488496076" lon="8.279033918">
			<ele>1342.6</ele>
		</trkpt>
		<trkpt lat="46.487645815" lon="8.277941421">
			<ele>1339.9</ele>
		</trkpt>
		<trkpt lat="46.486691033" lon="8.277271204">
			<ele>1337.5</ele>
		</trkpt>
		<trkpt lat="46.485740693" lon="8.276780946">
			<ele>1333.2</ele>
		</trkpt>
		<trkpt lat="46.485657796" lon="8.276785892">
			<ele>1333.2</ele>
		</trkpt>
		<trkpt lat="46.485489403" lon="8.276901646">
			<ele>1334.1</ele>
		</trkpt>
		<trkpt lat="46.485213303" lon="8.276617164">
			<ele>1333.1</ele>
		</trkpt>
		<trkpt lat="46.484859419" lon="8.276379034">
			<ele>1333.2</ele>
		</trkpt>
		<trkpt lat="46.484211079" lon="8.275696076">
			<ele>1340.2</ele>
		</trkpt>
		<trkpt lat="46.48413933" lon="8.275549226">
			<ele>1340.2</ele>
		</trkpt>
		<trkpt lat="46.484083171" lon="8.275033571">
			<ele>1340.9</ele>
		</trkpt>
		<trkpt lat="46.483568522" lon="8.27393705">
			<ele>1345</ele>
		</trkpt>
		<trkpt lat="46.483394346" lon="8.273441261">
			<ele>1342.3</ele>
		</trkpt>
		<trkpt lat="46.483141548" lon="8.272280619">
			<ele>1340.4</ele>
		</trkpt>
		<trkpt lat="46.483094693" lon="8.271945007">
			<ele>1338.1</ele>
		</trkpt>
		<trkpt lat="46.483084803" lon="8.27154167">
			<ele>1334.8</ele>
		</trkpt>
		<trkpt lat="46.482932084" lon="8.271046299">
			<ele>1334.3</ele>
		</trkpt>
		<trkpt lat="46.482744917" lon="8.270575153">
			<ele>1334.6</ele>
		</trkpt>
		<trkpt lat="46.482141" lon="8.26990393">
			<ele>1341.9</ele>
		</trkpt>
		<trkpt lat="46.481969842" lon="8.269578796">
			<ele>1343.7</ele>
		</trkpt>
		<trkpt lat="46.481894321" lon="8.269359525">
			<ele>1344.8</ele>
		</trkpt>
		<trkpt lat="46.481881916" lon="8.2692286">
			<ele>1342.4</ele>
		</trkpt>
		<trkpt lat="46.482021391" lon="8.268453944">
			<ele>1333.6</ele>
		</trkpt>
		<trkpt lat="46.482109401" lon="8.268238194">
			<ele>1330.7</ele>
		</trkpt>
		<trkpt lat="46.482284582" lon="8.26799822">
			<ele>1331</ele>
		</trkpt>
		<trkpt lat="46.479496091" lon="8.263480207">
			<ele>1323.7</ele>
		</trkpt>
		<trkpt lat="46.477528774" lon="8.260365911">
			<ele>1318.7</ele>
		</trkpt>
		<trkpt lat="46.477418971" lon="8.26001144">
			<ele>1318.1</ele>
		</trkpt>
		<trkpt lat="46.47731973" lon="8.259519339">
			<ele>1318</ele>
		</trkpt>
		<trkpt lat="46.477156702" lon="8.25863203">
			<ele>1317.8</ele>
		</trkpt>
		<trkpt lat="46.477174555" lon="8.258530358">
			<ele>1317.8</ele>
		</trkpt>
		<trkpt lat="46.477084114" lon="8.25849968">
			<ele>1317.8</ele>
		</trkpt>
		<trkpt lat="46.476888565" lon="8.258541925">
			<ele>1317.3</ele>
		</trkpt>
		<trkpt lat="46.476778426" lon="8.258518372">
			<ele>1317.3</ele>
		</trkpt>
		<trkpt lat="46.4765869" lon="8.258231208">
			<ele>1317.2</ele>
		</trkpt>
		<trkpt lat="46.476329911" lon="8.257962735">
			<ele>1317.1</ele>
		</trkpt>
		<trkpt lat="46.47516206" lon="8.256983226">
			<ele>1318.2</ele>
		</trkpt>
		<trkpt lat="46.47459603" lon="8.256003885">
			<ele>1317.8</ele>
		</trkpt>
		<trkpt lat="46.474466865" lon="8.255940517">
			<ele>1317.8</ele>
		</trkpt>
		<trkpt lat="46.47415816" lon="8.255944122">
			<ele>1318</ele>
		</trkpt>
		<trkpt lat="46.473977278" lon="8.255889891">
			<ele>1318.7</ele>
		</trkpt>
		<trkpt lat="46.473442429" lon="8.2551465">
			<ele>1318.4</ele>
		</trkpt>
		<trkpt lat="46.473272779" lon="8.254957655">
			<ele>1318</ele>
		</trkpt>
		<trkpt lat="46.472839854" lon="8.254740564">
			<ele>1318.6</ele>
		</trkpt>
		<trkpt lat="46.472279691" lon="8.254596563">
			<ele>1318.6</ele>
		</trkpt>
		<trkpt lat="46.471722965" lon="8.25435441">
			<ele>1317.8</ele>
		</trkpt>
		<trkpt lat="46.471009246" lon="8.253876725">
			<ele>1316.9</ele>
		</trkpt>
		<trkpt lat="46.470821743" lon="8.253685618">
			<ele>1317.4</ele>
		</trkpt>
		<trkpt lat="46.470743037" lon="8.253426114">
			<ele>1318.6</ele>
		</trkpt>
		<trkpt lat="46.470661481" lon="8.25287777">
			<ele>1319.7</ele>
		</trkpt>
		<trkpt lat="46.47075276" lon="8.252104707">
			<ele>1320.2</ele>
		</trkpt>
		<trkpt lat="46.470723675" lon="8.251382187">
			<ele>1319.7</ele>
		</trkpt>
		<trkpt lat="46.470738678" lon="8.250078885">
			<ele>1318.4</ele>
		</trkpt>
		<trkpt lat="46.470673467" lon="8.249080265">
			<ele>1318.1</ele>
		</trkpt>
		<trkpt lat="46.470464423" lon="8.248217264">
			<ele>1317.3</ele>
		</trkpt>
		<trkpt lat="46.470246828" lon="8.247491894">
			<ele>1317.2</ele>
		</trkpt>
		<trkpt lat="46.469947846" lon="8.246682705">
			<ele>1317</ele>
		</trkpt>
		<trkpt lat="46.469780543" lon="8.246382633">
			<ele>1316.8</ele>
		</trkpt>
		<trkpt lat="46.4696725" lon="8.245816771">
			<ele>1316.4</ele>
		</trkpt>
		<trkpt lat="46.469484913" lon="8.245149823">
			<ele>1316.4</ele>
		</trkpt>
		<trkpt lat="46.469138154" lon="8.245172203">
			<ele>1314.7</ele>
		</trkpt>
		<trkpt lat="46.468638006" lon="8.245349396">
			<ele>1314.4</ele>
		</trkpt>
		<trkpt lat="46.468216731" lon="8.245414859">
			<ele>1314.3</ele>
		</trkpt>
		<trkpt lat="46.467928729" lon="8.245746698">
			<ele>1316.1</ele>
		</trkpt>
		<trkpt lat="46.467737119" lon="8.246187586">
			<ele>1318.6</ele>
		</trkpt>
		<trkpt lat="46.467553807" lon="8.246793849">
			<ele>1320.5</ele>
		</trkpt>
		<trkpt lat="46.467446267" lon="8.246924523">
			<ele>1321.5</ele>
		</trkpt>
		<trkpt lat="46.467302685" lon="8.246910609">
			<ele>1321.4</ele>
		</trkpt>
		<trkpt lat="46.46719942" lon="8.246824443">
			<ele>1320.2</ele>
		</trkpt>
		<trkpt lat="46.466812511" lon="8.246154394">
			<ele>1318.3</ele>
		</trkpt>
		<trkpt lat="46.46668452" lon="8.245821549">
			<ele>1317.6</ele>
		</trkpt>
		<trkpt lat="46.466624757" lon="8.245743765">
			<ele>1317</ele>
		</trkpt>
		<trkpt lat="46.465976416" lon="8.245293321">
			<ele>1315.1</ele>
		</trkpt>
		<trkpt lat="46.465762007" lon="8.245066758">
			<ele>1313.1</ele>
		</trkpt>
		<trkpt lat="46.465652204" lon="8.245041277">
			<ele>1312.3</ele>
		</trkpt>
		<trkpt lat="46.465349534" lon="8.245100789">
			<ele>1310.6</ele>
		</trkpt>
		<trkpt lat="46.464918704" lon="8.245017054">
			<ele>1309.7</ele>
		</trkpt>
		<trkpt lat="46.464807895" lon="8.244343065">
			<ele>1306.6</ele>
		</trkpt>
		<trkpt lat="46.464758693" lon="8.244221024">
			<ele>1306.6</ele>
		</trkpt>
		<trkpt lat="46.464620979" lon="8.244170398">
			<ele>1305.6</ele>
		</trkpt>
		<trkpt lat="46.464173972" lon="8.24420535">
			<ele>1306.9</ele>
		</trkpt>
		<trkpt lat="46.463976494" lon="8.244151538">
			<ele>1306.7</ele>
		</trkpt>
		<trkpt lat="46.463671225" lon="8.243924892">
			<ele>1313.2</ele>
		</trkpt>
		<trkpt lat="46.46353175" lon="8.243744178">
			<ele>1311</ele>
		</trkpt>
		<trkpt lat="46.463387917" lon="8.243471095">
			<ele>1312.3</ele>
		</trkpt>
		<trkpt lat="46.463289933" lon="8.243175969">
			<ele>1314.1</ele>
		</trkpt>
		<trkpt lat="46.463098238" lon="8.242289079">
			<ele>1309.3</ele>
		</trkpt>
		<trkpt lat="46.462855666" lon="8.241393138">
			<ele>1305.7</ele>
		</trkpt>
		<trkpt lat="46.462654249" lon="8.240876477">
			<ele>1305</ele>
		</trkpt>
		<trkpt lat="46.462351662" lon="8.240268286">
			<ele>1305.1</ele>
		</trkpt>
		<trkpt lat="46.462140187" lon="8.239567224">
			<ele>1305.9</ele>
		</trkpt>
		<trkpt lat="46.461690833" lon="8.238911843">
			<ele>1307.2</ele>
		</trkpt>
		<trkpt lat="46.461514394" lon="8.238109443">
			<ele>1302.4</ele>
		</trkpt>
		<trkpt lat="46.461180543" lon="8.237118032">
			<ele>1300.7</ele>
		</trkpt>
		<trkpt lat="46.460796903" lon="8.236710085">
			<ele>1301.3</ele>
		</trkpt>
		<trkpt lat="46.460614429" lon="8.236385034">
			<ele>1300.6</ele>
		</trkpt>
		<trkpt lat="46.460201956" lon="8.236017991">
			<ele>1300.5</ele>
		</trkpt>
		<trkpt lat="46.459889227" lon="8.235801235">
			<ele>1302.7</ele>
		</trkpt>
		<trkpt lat="46.45978965" lon="8.235603254">
			<ele>1305.5</ele>
		</trkpt>
		<trkpt lat="46.459603572" lon="8.235442154">
			<ele>1306.5</ele>
		</trkpt>
		<trkpt lat="46.459307187" lon="8.235086259">
			<ele>1307.4</ele>
		</trkpt>
		<trkpt lat="46.459080708" lon="8.234920632">
			<ele>1308.2</ele>
		</trkpt>
		<trkpt lat="46.459015413" lon="8.234805381">
			<ele>1311.3</ele>
		</trkpt>
		<trkpt lat="46.458759598" lon="8.232877711">
			<ele>1306.4</ele>
		</trkpt>
		<trkpt lat="46.458580979" lon="8.232012698">
			<ele>1303.1</ele>
		</trkpt>
		<trkpt lat="46.458155849" lon="8.231532583">
			<ele>1303.3</ele>
		</trkpt>
		<trkpt lat="46.457943787" lon="8.231366873">
			<ele>1302.5</ele>
		</trkpt>
		<trkpt lat="46.457799367" lon="8.231317922">
			<ele>1302.5</ele>
		</trkpt>
		<trkpt lat="46.457696521" lon="8.231051965">
			<ele>1301.8</ele>
		</trkpt>
		<trkpt lat="46.457191595" lon="8.230548631">
			<ele>1303.8</ele>
		</trkpt>
		<trkpt lat="46.456916836" lon="8.230357189">
			<ele>1302.6</ele>
		</trkpt>
		<trkpt lat="46.456625984" lon="8.230011351">
			<ele>1302.7</ele>
		</trkpt>
		<trkpt lat="46.456287188" lon="8.229717063">
			<ele>1301.1</ele>
		</trkpt>
		<trkpt lat="46.455999856" lon="8.229148099">
			<ele>1297.5</ele>
		</trkpt>
		<trkpt lat="46.455694839" lon="8.228374952">
			<ele>1292.2</ele>
		</trkpt>
		<trkpt lat="46.455460648" lon="8.228098769">
			<ele>1291.4</ele>
		</trkpt>
		<trkpt lat="46.455060496" lon="8.227313217">
			<ele>1290</ele>
		</trkpt>
		<trkpt lat="46.454847428" lon="8.227012558">
			<ele>1290.8</ele>
		</trkpt>
		<trkpt lat="46.45458147" lon="8.227466019">
			<ele>1295.1</ele>
		</trkpt>
		<trkpt lat="46.454503016" lon="8.227522764">
			<ele>1296</ele>
		</trkpt>
		<trkpt lat="46.45438877" lon="8.22752662">
			<ele>1297.5</ele>
		</trkpt>
		<trkpt lat="46.454315177" lon="8.227426372">
			<ele>1296.8</ele>
		</trkpt>
		<trkpt lat="46.454295061" lon="8.227313133">
			<ele>1296.8</ele>
		</trkpt>
		<trkpt lat="46.454158939" lon="8.227162343">
			<ele>1298.2</ele>
		</trkpt>
		<trkpt lat="46.453771946" lon="8.226952879">
			<ele>1302.4</ele>
		</trkpt>
		<trkpt lat="46.453584611" lon="8.22679312">
			<ele>1304.1</ele>
		</trkpt>
		<trkpt lat="46.453486291" lon="8.226684239">
			<ele>1306.4</ele>
		</trkpt>
		<trkpt lat="46.453311444" lon="8.226359356">
			<ele>1307</ele>
		</trkpt>
		<trkpt lat="46.452953034" lon="8.226147462">
			<ele>1309.1</ele>
		</trkpt>
		<trkpt lat="46.452479121" lon="8.225564836">
			<ele>1312</ele>
		</trkpt>
		<trkpt lat="46.452206207" lon="8.225384541">
			<ele>1314.5</ele>
		</trkpt>
		<trkpt lat="46.451925413" lon="8.225263925">
			<ele>1319.3</ele>
		</trkpt>
		<trkpt lat="46.451514113" lon="8.224958489">
			<ele>1324.4</ele>
		</trkpt>
		<trkpt lat="46.450845824" lon="8.223276827">
			<ele>1315.9</ele>
		</trkpt>
		<trkpt lat="46.450724454" lon="8.223110195">
			<ele>1312.5</ele>
		</trkpt>
		<trkpt lat="46.450511218" lon="8.222946664">
			<ele>1315.3</ele>
		</trkpt>
		<trkpt lat="46.450513733" lon="8.222855804">
			<ele>1312.2</ele>
		</trkpt>
		<trkpt lat="46.450607359" lon="8.222807525">
			<ele>1310.9</ele>
		</trkpt>
		<trkpt lat="46.451043469" lon="8.222854212">
			<ele>1308.2</ele>
		</trkpt>
		<trkpt lat="46.45133868" lon="8.222839125">
			<ele>1305.3</ele>
		</trkpt>
		<trkpt lat="46.451562979" lon="8.222727394">
			<ele>1303.6</ele>
		</trkpt>
		<trkpt lat="46.451761547" lon="8.222533269">
			<ele>1299.6</ele>
		</trkpt>
		<trkpt lat="46.451936645" lon="8.22223437">
			<ele>1296.7</ele>
		</trkpt>
		<trkpt lat="46.452784139" lon="8.219728516">
			<ele>1282.1</ele>
		</trkpt>
		<trkpt lat="46.453210694" lon="8.21944261">
			<ele>1281.5</ele>
		</trkpt>
		<trkpt lat="46.453456787" lon="8.219377315">
			<ele>1281.3</ele>
		</trkpt>
		<trkpt lat="46.453341871" lon="8.219132479">
			<ele>1281.3</ele>
		</trkpt>
		<trkpt lat="46.452812889" lon="8.218518756">
			<ele>1282.7</ele>
		</trkpt>
		<trkpt lat="46.452481804" lon="8.21848372">
			<ele>1280.8</ele>
		</trkpt>
		<trkpt lat="46.452274771" lon="8.218406355">
			<ele>1279.8</ele>
		</trkpt>
		<trkpt lat="46.452062457" lon="8.218268305">
			<ele>1279.6</ele>
		</trkpt>
		<trkpt lat="46.451805803" lon="8.218206782">
			<ele>1276.6</ele>
		</trkpt>
		<trkpt lat="46.451599525" lon="8.218030259">
			<ele>1275</ele>
		</trkpt>
		<trkpt lat="46.451125276" lon="8.217758937">
			<ele>1274.9</ele>
		</trkpt>
		<trkpt lat="46.450771895" lon="8.217651984">
			<ele>1275.4</ele>
		</trkpt>
		<trkpt lat="46.450445672" lon="8.217459954">
			<ele>1274.1</ele>
		</trkpt>
		<trkpt lat="46.450132272" lon="8.217347972">
			<ele>1273.9</ele>
		</trkpt>
		<trkpt lat="46.450047028" lon="8.217275133">
			<ele>1273.9</ele>
		</trkpt>
		<trkpt lat="46.449772102" lon="8.21683039">
			<ele>1273</ele>
		</trkpt>
		<trkpt lat="46.44964168" lon="8.216418">
			<ele>1272.4</ele>
		</trkpt>
		<trkpt lat="46.449589377" lon="8.215987505">
			<ele>1272</ele>
		</trkpt>
		<trkpt lat="46.44964411" lon="8.21550345">
			<ele>1271.6</ele>
		</trkpt>
		<trkpt lat="46.449638495" lon="8.215214107">
			<ele>1271.3</ele>
		</trkpt>
		<trkpt lat="46.449396174" lon="8.214444816">
			<ele>1269.6</ele>
		</trkpt>
		<trkpt lat="46.44930984" lon="8.213986242">
			<ele>1269.3</ele>
		</trkpt>
		<trkpt lat="46.44880768" lon="8.213353911">
			<ele>1267.5</ele>
		</trkpt>
		<trkpt lat="46.448392776" lon="8.21330647">
			<ele>1267.8</ele>
		</trkpt>
		<trkpt lat="46.448140732" lon="8.213140341">
			<ele>1268.3</ele>
		</trkpt>
		<trkpt lat="46.448087759" lon="8.213081751">
			<ele>1270.1</ele>
		</trkpt>
		<trkpt lat="46.448034534" lon="8.212874969">
			<ele>1269.2</ele>
		</trkpt>
		<trkpt lat="46.44796488" lon="8.21274396">
			<ele>1269.2</ele>
		</trkpt>
		<trkpt lat="46.447600351" lon="8.212465933">
			<ele>1272.5</ele>
		</trkpt>
		<trkpt lat="46.44729592" lon="8.212069049">
			<ele>1273.6</ele>
		</trkpt>
		<trkpt lat="46.447136161" lon="8.211823041">
			<ele>1273.5</ele>
		</trkpt>
		<trkpt lat="46.446978581" lon="8.211472258">
			<ele>1272.8</ele>
		</trkpt>
		<trkpt lat="46.446874981" lon="8.211032795">
			<ele>1271</ele>
		</trkpt>
		<trkpt lat="46.446800634" lon="8.210480763">
			<ele>1267</ele>
		</trkpt>
		<trkpt lat="46.446679767" lon="8.210245986">
			<ele>1267</ele>
		</trkpt>
		<trkpt lat="46.446428729" lon="8.209995115">
			<ele>1266</ele>
		</trkpt>
		<trkpt lat="46.446208871" lon="8.209843235">
			<ele>1264.4</ele>
		</trkpt>
		<trkpt lat="46.445965712" lon="8.209757153">
			<ele>1263.6</ele>
		</trkpt>
		<trkpt lat="46.445558687" lon="8.209693534">
			<ele>1263.7</ele>
		</trkpt>
		<trkpt lat="46.44417869" lon="8.209045865">
			<ele>1265.5</ele>
		</trkpt>
		<trkpt lat="46.443989343" lon="8.20889717">
			<ele>1266.9</ele>
		</trkpt>
		<trkpt lat="46.443814497" lon="8.208566923">
			<ele>1264</ele>
		</trkpt>
		<trkpt lat="46.443720284" lon="8.208133075">
			<ele>1262.2</ele>
		</trkpt>
		<trkpt lat="46.443715926" lon="8.20765648">
			<ele>1260.1</ele>
		</trkpt>
		<trkpt lat="46.443865878" lon="8.206439177">
			<ele>1257.3</ele>
		</trkpt>
		<trkpt lat="46.443876104" lon="8.205934418">
			<ele>1257.3</ele>
		</trkpt>
		<trkpt lat="46.443939303" lon="8.205877421">
			<ele>1257.3</ele>
		</trkpt>
		<trkpt lat="46.443897142" lon="8.205526974">
			<ele>1257.6</ele>
		</trkpt>
		<trkpt lat="46.443789854" lon="8.20505172">
			<ele>1258.1</ele>
		</trkpt>
		<trkpt lat="46.44372984" lon="8.204918616">
			<ele>1258.1</ele>
		</trkpt>
		<trkpt lat="46.443408226" lon="8.204605551">
			<ele>1258</ele>
		</trkpt>
		<trkpt lat="46.44325995" lon="8.204567665">
			<ele>1257.5</ele>
		</trkpt>
		<trkpt lat="46.44319893" lon="8.204583339">
			<ele>1257.5</ele>
		</trkpt>
		<trkpt lat="46.443003296" lon="8.204792636">
			<ele>1257.5</ele>
		</trkpt>
		<trkpt lat="46.442464759" lon="8.205027496">
			<ele>1253.3</ele>
		</trkpt>
		<trkpt lat="46.441893365" lon="8.205038644">
			<ele>1253.2</ele>
		</trkpt>
		<trkpt lat="46.441798314" lon="8.205020791">
			<ele>1254.1</ele>
		</trkpt>
		<trkpt lat="46.441587844" lon="8.204885591">
			<ele>1255.7</ele>
		</trkpt>
		<trkpt lat="46.441087696" lon="8.204228533">
			<ele>1259</ele>
		</trkpt>
		<trkpt lat="46.440335839" lon="8.203367293">
			<ele>1261.2</ele>
		</trkpt>
		<trkpt lat="46.440037444" lon="8.202974182">
			<ele>1262.4</ele>
		</trkpt>
		<trkpt lat="46.439708873" lon="8.2022727">
			<ele>1260.5</ele>
		</trkpt>
		<trkpt lat="46.439340069" lon="8.201623019">
			<ele>1261.7</ele>
		</trkpt>
		<trkpt lat="46.43904972" lon="8.201192021">
			<ele>1261.4</ele>
		</trkpt>
		<trkpt lat="46.439088361" lon="8.200844675">
			<ele>1262</ele>
		</trkpt>
		<trkpt lat="46.439069669" lon="8.200773597">
			<ele>1263.3</ele>
		</trkpt>
		<trkpt lat="46.438707487" lon="8.200550973">
			<ele>1259.5</ele>
		</trkpt>
		<trkpt lat="46.438021931" lon="8.199993242">
			<ele>1253.4</ele>
		</trkpt>
		<trkpt lat="46.437473503" lon="8.199420925">
			<ele>1250.6</ele>
		</trkpt>
		<trkpt lat="46.437359258" lon="8.199132839">
			<ele>1251.7</ele>
		</trkpt>
		<trkpt lat="46.437340566" lon="8.198807621">
			<ele>1250.9</ele>
		</trkpt>
		<trkpt lat="46.437398401" lon="8.198417276">
			<ele>1253.3</ele>
		</trkpt>
		<trkpt lat="46.437568386" lon="8.19776969">
			<ele>1255.1</ele>
		</trkpt>
		<trkpt lat="46.437567297" lon="8.197564417">
			<ele>1255.1</ele>
		</trkpt>
		<trkpt lat="46.437382979" lon="8.196936613">
			<ele>1254.8</ele>
		</trkpt>
		<trkpt lat="46.437039069" lon="8.195105754">
			<ele>1248.7</ele>
		</trkpt>
		<trkpt lat="46.436730699" lon="8.194242166">
			<ele>1244.3</ele>
		</trkpt>
		<trkpt lat="46.436536909" lon="8.193884175">
			<ele>1241.9</ele>
		</trkpt>
		<trkpt lat="46.436204902" lon="8.1934168">
			<ele>1240</ele>
		</trkpt>
		<trkpt lat="46.435900807" lon="8.193043554">
			<ele>1241</ele>
		</trkpt>
		<trkpt lat="46.435495709" lon="8.192677097">
			<ele>1242.8</ele>
		</trkpt>
		<trkpt lat="46.435318516" lon="8.19241575">
			<ele>1242.4</ele>
		</trkpt>
		<trkpt lat="46.435213994" lon="8.192089358">
			<ele>1241.5</ele>
		</trkpt>
		<trkpt lat="46.435184824" lon="8.191901604">
			<ele>1241.5</ele>
		</trkpt>
		<trkpt lat="46.435184908" lon="8.191309506">
			<ele>1243.6</ele>
		</trkpt>
		<trkpt lat="46.435068903" lon="8.191307411">
			<ele>1241.3</ele>
		</trkpt>
		<trkpt lat="46.434899002" lon="8.191379411">
			<ele>1238</ele>
		</trkpt>
		<trkpt lat="46.434571604" lon="8.19165308">
			<ele>1234.6</ele>
		</trkpt>
		<trkpt lat="46.434516787" lon="8.191875368">
			<ele>1232</ele>
		</trkpt>
		<trkpt lat="46.434520726" lon="8.192423545">
			<ele>1231.5</ele>
		</trkpt>
		<trkpt lat="46.434435566" lon="8.192639882">
			<ele>1230.9</ele>
		</trkpt>
		<trkpt lat="46.434309921" lon="8.192632673">
			<ele>1228.9</ele>
		</trkpt>
		<trkpt lat="46.434125939" lon="8.192517171">
			<ele>1227.6</ele>
		</trkpt>
		<trkpt lat="46.433856712" lon="8.192637367">
			<ele>1228.3</ele>
		</trkpt>
		<trkpt lat="46.433715058" lon="8.192461934">
			<ele>1230.7</ele>
		</trkpt>
		<trkpt lat="46.433483382" lon="8.192075863">
			<ele>1228.6</ele>
		</trkpt>
		<trkpt lat="46.43326101" lon="8.191436576">
			<ele>1227.3</ele>
		</trkpt>
		<trkpt lat="46.433027406" lon="8.190912874">
			<ele>1227.1</ele>
		</trkpt>
		<trkpt lat="46.432789947" lon="8.190543232">
			<ele>1225.6</ele>
		</trkpt>
		<trkpt lat="46.432173793" lon="8.189872345">
			<ele>1227.1</ele>
		</trkpt>
		<trkpt lat="46.432001126" lon="8.189495411">
			<ele>1227.3</ele>
		</trkpt>
		<trkpt lat="46.431887635" lon="8.18909727">
			<ele>1227.7</ele>
		</trkpt>
		<trkpt lat="46.431827118" lon="8.18845748">
			<ele>1225.8</ele>
		</trkpt>
		<trkpt lat="46.431771294" lon="8.188214991">
			<ele>1229.9</ele>
		</trkpt>
		<trkpt lat="46.431808678" lon="8.187744599">
			<ele>1225.1</ele>
		</trkpt>
		<trkpt lat="46.431743131" lon="8.187294826">
			<ele>1227.5</ele>
		</trkpt>
		<trkpt lat="46.431686553" lon="8.186346665">
			<ele>1223.6</ele>
		</trkpt>
		<trkpt lat="46.431592006" lon="8.185954308">
			<ele>1222</ele>
		</trkpt>
		<trkpt lat="46.431231919" lon="8.18540412">
			<ele>1221.8</ele>
		</trkpt>
		<trkpt lat="46.431006781" lon="8.185191639">
			<ele>1222.5</ele>
		</trkpt>
		<trkpt lat="46.430242854" lon="8.184655197">
			<ele>1224.9</ele>
		</trkpt>
		<trkpt lat="46.429679339" lon="8.184063602">
			<ele>1228.5</ele>
		</trkpt>
		<trkpt lat="46.429382787" lon="8.18369329">
			<ele>1229.3</ele>
		</trkpt>
		<trkpt lat="46.429014822" lon="8.183478964">
			<ele>1232.8</ele>
		</trkpt>
		<trkpt lat="46.428600756" lon="8.183024414">
			<ele>1238.8</ele>
		</trkpt>
		<trkpt lat="46.428169088" lon="8.182652174">
			<ele>1237.2</ele>
		</trkpt>
		<trkpt lat="46.427240121" lon="8.181744497">
			<ele>1241</ele>
		</trkpt>
		<trkpt lat="46.426908114" lon="8.181547187">
			<ele>1239</ele>
		</trkpt>
		<trkpt lat="46.426644084" lon="8.181452723">
			<ele>1241.2</ele>
		</trkpt>
		<trkpt lat="46.426324315" lon="8.181579961">
			<ele>1244.7</ele>
		</trkpt>
		<trkpt lat="46.425864148" lon="8.181598233">
			<ele>1249.3</ele>
		</trkpt>
		<trkpt lat="46.42547154" lon="8.181355912">
			<ele>1248.7</ele>
		</trkpt>
		<trkpt lat="46.425089074" lon="8.18105693">
			<ele>1250.4</ele>
		</trkpt>
		<trkpt lat="46.424750864" lon="8.180944948">
			<ele>1258.1</ele>
		</trkpt>
		<trkpt lat="46.424558499" lon="8.180953329">
			<ele>1261.5</ele>
		</trkpt>
		<trkpt lat="46.424163963" lon="8.180713858">
			<ele>1261.4</ele>
		</trkpt>
		<trkpt lat="46.424018202" lon="8.180585196">
			<ele>1264.6</ele>
		</trkpt>
		<trkpt lat="46.423699103" lon="8.180167777">
			<ele>1260.4</ele>
		</trkpt>
		<trkpt lat="46.423441108" lon="8.179729236">
			<ele>1257.6</ele>
		</trkpt>
		<trkpt lat="46.422753289" lon="8.179507786">
			<ele>1278.1</ele>
		</trkpt>
		<trkpt lat="46.422424047" lon="8.179222047">
			<ele>1279.3</ele>
		</trkpt>
		<trkpt lat="46.422411307" lon="8.179125488">
			<ele>1279.3</ele>
		</trkpt>
		<trkpt lat="46.422509375" lon="8.178388886">
			<ele>1263.7</ele>
		</trkpt>
		<trkpt lat="46.422702494" lon="8.177972976">
			<ele>1256.7</ele>
		</trkpt>
		<trkpt lat="46.422662094" lon="8.177746665">
			<ele>1256.5</ele>
		</trkpt>
		<trkpt lat="46.422029763" lon="8.176901015">
			<ele>1247.7</ele>
		</trkpt>
		<trkpt lat="46.421248486" lon="8.176394748">
			<ele>1245.7</ele>
		</trkpt>
		<trkpt lat="46.42104447" lon="8.176144129">
			<ele>1245.4</ele>
		</trkpt>
		<trkpt lat="46.420883286" lon="8.175748251">
			<ele>1245.7</ele>
		</trkpt>
		<trkpt lat="46.420477267" lon="8.174344031">
			<ele>1228.4</ele>
		</trkpt>
		<trkpt lat="46.420158168" lon="8.173637521">
			<ele>1228.5</ele>
		</trkpt>
		<trkpt lat="46.419309416" lon="8.17237881">
			<ele>1232.9</ele>
		</trkpt>
		<trkpt lat="46.419296089" lon="8.172283005">
			<ele>1232.9</ele>
		</trkpt>
		<trkpt lat="46.418903816" lon="8.172102123">
			<ele>1239.9</ele>
		</trkpt>
		<trkpt lat="46.418797533" lon="8.17196751">
			<ele>1239.9</ele>
		</trkpt>
		<trkpt lat="46.418798707" lon="8.171747904">
			<ele>1236.3</ele>
		</trkpt>
		<trkpt lat="46.419026108" lon="8.17138589">
			<ele>1224</ele>
		</trkpt>
		<trkpt lat="46.419026946" lon="8.171303915">
			<ele>1224</ele>
		</trkpt>
		<trkpt lat="46.418952096" lon="8.171099229">
			<ele>1225.7</ele>
		</trkpt>
		<trkpt lat="46.418699549" lon="8.170702094">
			<ele>1226.6</ele>
		</trkpt>
		<trkpt lat="46.418655711" lon="8.17070419">
			<ele>1226.6</ele>
		</trkpt>
		<trkpt lat="46.418595613" lon="8.170568487">
			<ele>1221.6</ele>
		</trkpt>
		<trkpt lat="46.418214656" lon="8.170004468">
			<ele>1220.5</ele>
		</trkpt>
		<trkpt lat="46.417908381" lon="8.169364342">
			<ele>1220.5</ele>
		</trkpt>
		<trkpt lat="46.417524238" lon="8.168998472">
			<ele>1226.9</ele>
		</trkpt>
		<trkpt lat="46.417249899" lon="8.168422133">
			<ele>1225.4</ele>
		</trkpt>
		<trkpt lat="46.416824182" lon="8.167703301">
			<ele>1226.2</ele>
		</trkpt>
		<trkpt lat="46.415771163" lon="8.166810879">
			<ele>1224.7</ele>
		</trkpt>
		<trkpt lat="46.414871282" lon="8.165802201">
			<ele>1220.8</ele>
		</trkpt>
		<trkpt lat="46.41401834" lon="8.164595962">
			<ele>1214.6</ele>
		</trkpt>
		<trkpt lat="46.413319373" lon="8.1637167">
			<ele>1215.8</ele>
		</trkpt>
		<trkpt lat="46.412436758" lon="8.162686229">
			<ele>1224.7</ele>
		</trkpt>
		<trkpt lat="46.411351889" lon="8.161113616">
			<ele>1229.5</ele>
		</trkpt>
		<trkpt lat="46.411078722" lon="8.160644732">
			<ele>1231.7</ele>
		</trkpt>
		<trkpt lat="46.41076482" lon="8.159999158">
			<ele>1229.6</ele>
		</trkpt>
		<trkpt lat="46.410466257" lon="8.159050997">
			<ele>1229.3</ele>
		</trkpt>
		<trkpt lat="46.410374223" lon="8.158837762">
			<ele>1231.6</ele>
		</trkpt>
		<trkpt lat="46.409846918" lon="8.157922374">
			<ele>1229.6</ele>
		</trkpt>
		<trkpt lat="46.409687913" lon="8.157174205">
			<ele>1225</ele>
		</trkpt>
		<trkpt lat="46.409703504" lon="8.156811018">
			<ele>1219.8</ele>
		</trkpt>
		<trkpt lat="46.409674335" lon="8.156606918">
			<ele>1219.8</ele>
		</trkpt>
		<trkpt lat="46.409381555" lon="8.155934103">
			<ele>1211.2</ele>
		</trkpt>
		<trkpt lat="46.409279631" lon="8.155786917">
			<ele>1211.7</ele>
		</trkpt>
		<trkpt lat="46.408790128" lon="8.155510649">
			<ele>1206.7</ele>
		</trkpt>
		<trkpt lat="46.407859066" lon="8.154892735">
			<ele>1202.9</ele>
		</trkpt>
		<trkpt lat="46.407352128" lon="8.154665837">
			<ele>1199.2</ele>
		</trkpt>
		<trkpt lat="46.406615275" lon="8.154478669">
			<ele>1200.4</ele>
		</trkpt>
		<trkpt lat="46.40588387" lon="8.153696721">
			<ele>1199.4</ele>
		</trkpt>
		<trkpt lat="46.404962951" lon="8.153094482">
			<ele>1204.9</ele>
		</trkpt>
		<trkpt lat="46.404588363" lon="8.152583521">
			<ele>1203.2</ele>
		</trkpt>
		<trkpt lat="46.403914375" lon="8.151787911">
			<ele>1202.5</ele>
		</trkpt>
		<trkpt lat="46.40313645" lon="8.151124651">
			<ele>1205.5</ele>
		</trkpt>
		<trkpt lat="46.403041064" lon="8.150953408">
			<ele>1205.5</ele>
		</trkpt>
		<trkpt lat="46.402652228" lon="8.149772063">
			<ele>1200.5</ele>
		</trkpt>
		<trkpt lat="46.402521218" lon="8.149600402">
			<ele>1200.7</ele>
		</trkpt>
		<trkpt lat="46.401825856" lon="8.149048956">
			<ele>1200.9</ele>
		</trkpt>
		<trkpt lat="46.400935865" lon="8.148556184">
			<ele>1200.7</ele>
		</trkpt>
		<trkpt lat="46.400666974" lon="8.148466665">
			<ele>1200.8</ele>
		</trkpt>
		<trkpt lat="46.400233629" lon="8.148482004">
			<ele>1203.6</ele>
		</trkpt>
		<trkpt lat="46.400064902" lon="8.148420649">
			<ele>1204.9</ele>
		</trkpt>
		<trkpt lat="46.399964989" lon="8.148339177">
			<ele>1206.3</ele>
		</trkpt>
		<trkpt lat="46.399195614" lon="8.147370564">
			<ele>1205.8</ele>
		</trkpt>
		<trkpt lat="46.399100228" lon="8.147210805">
			<ele>1205.8</ele>
		</trkpt>
		<trkpt lat="46.398733269" lon="8.146526339">
			<ele>1204</ele>
		</trkpt>
		<trkpt lat="46.398659173" lon="8.146128198">
			<ele>1203</ele>
		</trkpt>
		<trkpt lat="46.398560099" lon="8.145790994">
			<ele>1199.3</ele>
		</trkpt>
		<trkpt lat="46.398456917" lon="8.145816308">
			<ele>1202.6</ele>
		</trkpt>
		<trkpt lat="46.398194731" lon="8.145700218">
			<ele>1201.9</ele>
		</trkpt>
		<trkpt lat="46.397605232" lon="8.145110216">
			<ele>1199.6</ele>
		</trkpt>
		<trkpt lat="46.397240536" lon="8.144924054">
			<ele>1198.1</ele>
		</trkpt>
		<trkpt lat="46.396559087" lon="8.144468414">
			<ele>1202.4</ele>
		</trkpt>
		<trkpt lat="46.39604142" lon="8.143159579">
			<ele>1194.8</ele>
		</trkpt>
		<trkpt lat="46.395884511" lon="8.14289974">
			<ele>1194.3</ele>
		</trkpt>
		<trkpt lat="46.395775547" lon="8.142793374">
			<ele>1189.2</ele>
		</trkpt>
		<trkpt lat="46.395484611" lon="8.1426368">
			<ele>1195.7</ele>
		</trkpt>
		<trkpt lat="46.39487005" lon="8.142470419">
			<ele>1196.2</ele>
		</trkpt>
		<trkpt lat="46.394475262" lon="8.142218962">
			<ele>1191.9</ele>
		</trkpt>
		<trkpt lat="46.394218357" lon="8.142112596">
			<ele>1196.6</ele>
		</trkpt>
		<trkpt lat="46.393697254" lon="8.141995082">
			<ele>1191.5</ele>
		</trkpt>
		<trkpt lat="46.392695532" lon="8.141630804">
			<ele>1195.7</ele>
		</trkpt>
		<trkpt lat="46.391757262" lon="8.140837876">
			<ele>1198.6</ele>
		</trkpt>
		<trkpt lat="46.391301622" lon="8.140396653">
			<ele>1195.7</ele>
		</trkpt>
		<trkpt lat="46.391076316" lon="8.140093982">
			<ele>1199.7</ele>
		</trkpt>
		<trkpt lat="46.390816813" lon="8.139969427">
			<ele>1204.8</ele>
		</trkpt>
		<trkpt lat="46.390287915" lon="8.139405157">
			<ele>1202.5</ele>
		</trkpt>
		<trkpt lat="46.390169478" lon="8.139332989">
			<ele>1196.1</ele>
		</trkpt>
		<trkpt lat="46.38976589" lon="8.139230395">
			<ele>1206</ele>
		</trkpt>
		<trkpt lat="46.389430781" lon="8.138949266">
			<ele>1204.5</ele>
		</trkpt>
		<trkpt lat="46.389251241" lon="8.138715997">
			<ele>1204.4</ele>
		</trkpt>
		<trkpt lat="46.389196172" lon="8.138430845">
			<ele>1206.4</ele>
		</trkpt>
		<trkpt lat="46.389138588" lon="8.13834032">
			<ele>1206.4</ele>
		</trkpt>
		<trkpt lat="46.388894172" lon="8.138342919">
			<ele>1214.4</ele>
		</trkpt>
		<trkpt lat="46.388773053" lon="8.138280306">
			<ele>1224</ele>
		</trkpt>
		<trkpt lat="46.38869837" lon="8.138176203">
			<ele>1219.1</ele>
		</trkpt>
		<trkpt lat="46.388510783" lon="8.137749983">
			<ele>1222.8</ele>
		</trkpt>
		<trkpt lat="46.388451356" lon="8.137539262">
			<ele>1226.7</ele>
		</trkpt>
		<trkpt lat="46.388408608" lon="8.13718739">
			<ele>1215.4</ele>
		</trkpt>
		<trkpt lat="46.388183386" lon="8.136856221">
			<ele>1219.8</ele>
		</trkpt>
		<trkpt lat="46.388102501" lon="8.136479035">
			<ele>1227.7</ele>
		</trkpt>
		<trkpt lat="46.38744603" lon="8.134748759">
			<ele>1240.5</ele>
		</trkpt>
		<trkpt lat="46.387317117" lon="8.134229751">
			<ele>1251.5</ele>
		</trkpt>
		<trkpt lat="46.387234136" lon="8.133539502">
			<ele>1234.5</ele>
		</trkpt>
		<trkpt lat="46.38695133" lon="8.13204878">
			<ele>1235.8</ele>
		</trkpt>
		<trkpt lat="46.386427042" lon="8.13093801">
			<ele>1241.9</ele>
		</trkpt>
		<trkpt lat="46.386047761" lon="8.130526543">
			<ele>1245.3</ele>
		</trkpt>
		<trkpt lat="46.38583595" lon="8.130395953">
			<ele>1244.9</ele>
		</trkpt>
		<trkpt lat="46.385663535" lon="8.13050257">
			<ele>1246.3</ele>
		</trkpt>
		<trkpt lat="46.385444851" lon="8.130833907">
			<ele>1246.9</ele>
		</trkpt>
		<trkpt lat="46.38552976" lon="8.131428603">
			<ele>1252.4</ele>
		</trkpt>
		<trkpt lat="46.385505033" lon="8.131577214">
			<ele>1255.5</ele>
		</trkpt>
		<trkpt lat="46.385416604" lon="8.131780308">
			<ele>1254.6</ele>
		</trkpt>
		<trkpt lat="46.38530085" lon="8.13191819">
			<ele>1256.4</ele>
		</trkpt>
		<trkpt lat="46.385169589" lon="8.131992873">
			<ele>1256.4</ele>
		</trkpt>
		<trkpt lat="46.385008573" lon="8.132031681">
			<ele>1253.1</ele>
		</trkpt>
		<trkpt lat="46.38464396" lon="8.132026987">
			<ele>1243.4</ele>
		</trkpt>
		<trkpt lat="46.384496941" lon="8.132093875">
			<ele>1242.5</ele>
		</trkpt>
		<trkpt lat="46.384278928" lon="8.132526297">
			<ele>1241.2</ele>
		</trkpt>
		<trkpt lat="46.384169293" lon="8.132958217">
			<ele>1244.3</ele>
		</trkpt>
		<trkpt lat="46.38401691" lon="8.133248314">
			<ele>1248.6</ele>
		</trkpt>
		<trkpt lat="46.383952285" lon="8.133453671">
			<ele>1239.9</ele>
		</trkpt>
		<trkpt lat="46.383920686" lon="8.133646036">
			<ele>1239.9</ele>
		</trkpt>
		<trkpt lat="46.383936527" lon="8.133865809">
			<ele>1241.8</ele>
		</trkpt>
		<trkpt lat="46.384194858" lon="8.134394037">
			<ele>1254.4</ele>
		</trkpt>
		<trkpt lat="46.384440196" lon="8.13552727">
			<ele>1271.1</ele>
		</trkpt>
		<trkpt lat="46.384447237" lon="8.136103777">
			<ele>1266.4</ele>
		</trkpt>
		<trkpt lat="46.384584951" lon="8.136701155">
			<ele>1273.5</ele>
		</trkpt>
		<trkpt lat="46.384467772" lon="8.137917537">
			<ele>1259.5</ele>
		</trkpt>
		<trkpt lat="46.384434329" lon="8.139060494">
			<ele>1266.7</ele>
		</trkpt>
		<trkpt lat="46.38435227" lon="8.139298121">
			<ele>1260.2</ele>
		</trkpt>
		<trkpt lat="46.38404457" lon="8.139500292">
			<ele>1255.4</ele>
		</trkpt>
		<trkpt lat="46.38377526" lon="8.139897678">
			<ele>1246.7</ele>
		</trkpt>
		<trkpt lat="46.383688255" lon="8.140081661">
			<ele>1246.7</ele>
		</trkpt>
		<trkpt lat="46.38359815" lon="8.140758164">
			<ele>1251.9</ele>
		</trkpt>
		<trkpt lat="46.383441157" lon="8.141372725">
			<ele>1247.8</ele>
		</trkpt>
		<trkpt lat="46.383420118" lon="8.141574813">
			<ele>1249.8</ele>
		</trkpt>
		<trkpt lat="46.383451215" lon="8.142076638">
			<ele>1253.8</ele>
		</trkpt>
		<trkpt lat="46.38359924" lon="8.142710393">
			<ele>1272.1</ele>
		</trkpt>
		<trkpt lat="46.38359706" lon="8.142842073">
			<ele>1272.1</ele>
		</trkpt>
		<trkpt lat="46.383554145" lon="8.142940812">
			<ele>1276.6</ele>
		</trkpt>
		<trkpt lat="46.383045363" lon="8.1434076">
			<ele>1256.8</ele>
		</trkpt>
		<trkpt lat="46.382869763" lon="8.143757712">
			<ele>1255.6</ele>
		</trkpt>
		<trkpt lat="46.382705813" lon="8.144437904">
			<ele>1258.6</ele>
		</trkpt>
		<trkpt lat="46.382696257" lon="8.14468978">
			<ele>1262.7</ele>
		</trkpt>
		<trkpt lat="46.382747387" lon="8.145173332">
			<ele>1285.3</ele>
		</trkpt>
		<trkpt lat="46.382726767" lon="8.145312471">
			<ele>1291.8</ele>
		</trkpt>
		<trkpt lat="46.382491236" lon="8.145799963">
			<ele>1271.9</ele>
		</trkpt>
		<trkpt lat="46.382388725" lon="8.146128869">
			<ele>1283.3</ele>
		</trkpt>
		<trkpt lat="46.382228128" lon="8.146897908">
			<ele>1286</ele>
		</trkpt>
		<trkpt lat="46.382004163" lon="8.147296552">
			<ele>1280.4</ele>
		</trkpt>
		<trkpt lat="46.381770141" lon="8.148098281">
			<ele>1277.1</ele>
		</trkpt>
		<trkpt lat="46.381756646" lon="8.148352001">
			<ele>1279.8</ele>
		</trkpt>
		<trkpt lat="46.381801992" lon="8.14891954">
			<ele>1288.7</ele>
		</trkpt>
		<trkpt lat="46.38194725" lon="8.149350872">
			<ele>1285.1</ele>
		</trkpt>
		<trkpt lat="46.3824132" lon="8.150454517">
			<ele>1304.2</ele>
		</trkpt>
		<trkpt lat="46.382604559" lon="8.151588002">
			<ele>1304.3</ele>
		</trkpt>
		<trkpt lat="46.382640769" lon="8.151875837">
			<ele>1303.4</ele>
		</trkpt>
		<trkpt lat="46.382640518" lon="8.152328208">
			<ele>1305.4</ele>
		</trkpt>
		<trkpt lat="46.382685864" lon="8.152687624">
			<ele>1307.9</ele>
		</trkpt>
		<trkpt lat="46.382616126" lon="8.153274693">
			<ele>1314.2</ele>
		</trkpt>
		<trkpt lat="46.382673542" lon="8.15379655">
			<ele>1317.6</ele>
		</trkpt>
		<trkpt lat="46.382618389" lon="8.153965697">
			<ele>1318.5</ele>
		</trkpt>
		<trkpt lat="46.382496349" lon="8.154026801">
			<ele>1317.4</ele>
		</trkpt>
		<trkpt lat="46.382387719" lon="8.154007941">
			<ele>1317.4</ele>
		</trkpt>
		<trkpt lat="46.382263248" lon="8.153938372">
			<ele>1318.2</ele>
		</trkpt>
		<trkpt lat="46.382057724" lon="8.153733853">
			<ele>1315.4</ele>
		</trkpt>
		<trkpt lat="46.381907688" lon="8.153466051">
			<ele>1313.4</ele>
		</trkpt>
		<trkpt lat="46.381806434" lon="8.153127003">
			<ele>1306.2</ele>
		</trkpt>
		<trkpt lat="46.381657572" lon="8.15287672">
			<ele>1302.3</ele>
		</trkpt>
		<trkpt lat="46.380896495" lon="8.15175673">
			<ele>1289.8</ele>
		</trkpt>
		<trkpt lat="46.38028009" lon="8.151106378">
			<ele>1274.9</ele>
		</trkpt>
		<trkpt lat="46.380156876" lon="8.151056338">
			<ele>1274.9</ele>
		</trkpt>
		<trkpt lat="46.379738116" lon="8.151019793">
			<ele>1286</ele>
		</trkpt>
		<trkpt lat="46.379591516" lon="8.151058601">
			<ele>1286</ele>
		</trkpt>
		<trkpt lat="46.379304269" lon="8.151250798">
			<ele>1298.8</ele>
		</trkpt>
		<trkpt lat="46.37871083" lon="8.151229424">
			<ele>1297.3</ele>
		</trkpt>
		<trkpt lat="46.37782436" lon="8.151043179">
			<ele>1290.7</ele>
		</trkpt>
		<trkpt lat="46.377047022" lon="8.150566081">
			<ele>1280.1</ele>
		</trkpt>
		<trkpt lat="46.376875025" lon="8.150601955">
			<ele>1280.1</ele>
		</trkpt>
		<trkpt lat="46.37676187" lon="8.150743693">
			<ele>1286.3</ele>
		</trkpt>
		<trkpt lat="46.376495828" lon="8.151245937">
			<ele>1294.7</ele>
		</trkpt>
		<trkpt lat="46.376323831" lon="8.151917411">
			<ele>1302.3</ele>
		</trkpt>
		<trkpt lat="46.376227859" lon="8.152055461">
			<ele>1309.4</ele>
		</trkpt>
		<trkpt lat="46.375653698" lon="8.152614785">
			<ele>1315</ele>
		</trkpt>
		<trkpt lat="46.375276345" lon="8.152754931">
			<ele>1302.9</ele>
		</trkpt>
		<trkpt lat="46.375018266" lon="8.15303782">
			<ele>1310.9</ele>
		</trkpt>
		<trkpt lat="46.374704364" lon="8.153169164">
			<ele>1315.7</ele>
		</trkpt>
		<trkpt lat="46.374380487" lon="8.153412994">
			<ele>1322.3</ele>
		</trkpt>
		<trkpt lat="46.374070608" lon="8.153741062">
			<ele>1321.9</ele>
		</trkpt>
		<trkpt lat="46.373968517" lon="8.153806524">
			<ele>1318.3</ele>
		</trkpt>
		<trkpt lat="46.373853517" lon="8.153820271">
			<ele>1318.3</ele>
		</trkpt>
		<trkpt lat="46.373609687" lon="8.153729243">
			<ele>1315.4</ele>
		</trkpt>
		<trkpt lat="46.373214397" lon="8.153777439">
			<ele>1309.8</ele>
		</trkpt>
		<trkpt lat="46.372678542" lon="8.153612483">
			<ele>1298</ele>
		</trkpt>
		<trkpt lat="46.372328849" lon="8.153653303">
			<ele>1309.1</ele>
		</trkpt>
		<trkpt lat="46.372179651" lon="8.153624553">
			<ele>1299.7</ele>
		</trkpt>
		<trkpt lat="46.372234133" lon="8.153571831">
			<ele>1299.7</ele>
		</trkpt>
		<trkpt lat="46.373441546" lon="8.153370162">
			<ele>1303.8</ele>
		</trkpt>
		<trkpt lat="46.373475996" lon="8.153351471">
			<ele>1293.8</ele>
		</trkpt>
		<trkpt lat="46.373491" lon="8.153277291">
			<ele>1293.8</ele>
		</trkpt>
		<trkpt lat="46.372521968" lon="8.152762558">
			<ele>1268.8</ele>
		</trkpt>
		<trkpt lat="46.372268164" lon="8.152577989">
			<ele>1272.9</ele>
		</trkpt>
		<trkpt lat="46.372186943" lon="8.152471958">
			<ele>1262.4</ele>
		</trkpt>
		<trkpt lat="46.372111841" lon="8.152436586">
			<ele>1264.3</ele>
		</trkpt>
		<trkpt lat="46.372012432" lon="8.152284538">
			<ele>1264.3</ele>
		</trkpt>
		<trkpt lat="46.371909754" lon="8.152220165">
			<ele>1255.3</ele>
		</trkpt>
		<trkpt lat="46.371537262" lon="8.152222931">
			<ele>1254.9</ele>
		</trkpt>
		<trkpt lat="46.371209278" lon="8.152283533">
			<ele>1262</ele>
		</trkpt>
		<trkpt lat="46.370943655" lon="8.152244557">
			<ele>1256</ele>
		</trkpt>
		<trkpt lat="46.370956564" lon="8.152200887">
			<ele>1256</ele>
		</trkpt>
		<trkpt lat="46.371169296" lon="8.152132239">
			<ele>1253.5</ele>
		</trkpt>
		<trkpt lat="46.371553858" lon="8.151887236">
			<ele>1246.6</ele>
		</trkpt>
		<trkpt lat="46.371797017" lon="8.151880866">
			<ele>1245.6</ele>
		</trkpt>
		<trkpt lat="46.371972115" lon="8.151766788">
			<ele>1243.9</ele>
		</trkpt>
		<trkpt lat="46.372347624" lon="8.151398906">
			<ele>1224</ele>
		</trkpt>
		<trkpt lat="46.372512832" lon="8.151479959">
			<ele>1228.9</ele>
		</trkpt>
		<trkpt lat="46.372947349" lon="8.151493287">
			<ele>1227.4</ele>
		</trkpt>
		<trkpt lat="46.373302072" lon="8.151393039">
			<ele>1222.5</ele>
		</trkpt>
		<trkpt lat="46.37340584" lon="8.151487838">
			<ele>1228.1</ele>
		</trkpt>
		<trkpt lat="46.373459987" lon="8.151492449">
			<ele>1228.8</ele>
		</trkpt>
		<trkpt lat="46.373646735" lon="8.151407037">
			<ele>1223.7</ele>
		</trkpt>
		<trkpt lat="46.373883105" lon="8.151425477">
			<ele>1224.7</ele>
		</trkpt>
		<trkpt lat="46.374040517" lon="8.151393123">
			<ele>1225.7</ele>
		</trkpt>
		<trkpt lat="46.374273031" lon="8.151050638">
			<ele>1222.2</ele>
		</trkpt>
		<trkpt lat="46.374589867" lon="8.150993809">
			<ele>1227.9</ele>
		</trkpt>
		<trkpt lat="46.374600093" lon="8.150637075">
			<ele>1225.6</ele>
		</trkpt>
		<trkpt lat="46.374644601" lon="8.150599692">
			<ele>1225.6</ele>
		</trkpt>
		<trkpt lat="46.374809054" lon="8.150598854">
			<ele>1230.1</ele>
		</trkpt>
		<trkpt lat="46.37504249" lon="8.150664903">
			<ele>1236.6</ele>
		</trkpt>
		<trkpt lat="46.375069899" lon="8.150568428">
			<ele>1235.9</ele>
		</trkpt>
		<trkpt lat="46.375007034" lon="8.150236001">
			<ele>1236.9</ele>
		</trkpt>
		<trkpt lat="46.374993623" lon="8.149935342">
			<ele>1238.2</ele>
		</trkpt>
		<trkpt lat="46.375027403" lon="8.149654297">
			<ele>1239.8</ele>
		</trkpt>
		<trkpt lat="46.375348429" lon="8.148726923">
			<ele>1248.4</ele>
		</trkpt>
		<trkpt lat="46.375496286" lon="8.148020664">
			<ele>1248.9</ele>
		</trkpt>
		<trkpt lat="46.375665265" lon="8.147828216">
			<ele>1247.2</ele>
		</trkpt>
		<trkpt lat="46.375920075" lon="8.147417419">
			<ele>1255.8</ele>
		</trkpt>
		<trkpt lat="46.37594916" lon="8.147202088">
			<ele>1255.8</ele>
		</trkpt>
		<trkpt lat="46.376046893" lon="8.146997234">
			<ele>1258.5</ele>
		</trkpt>
		<trkpt lat="46.376264236" lon="8.146891287">
			<ele>1262.3</ele>
		</trkpt>
		<trkpt lat="46.376525249" lon="8.146970998">
			<ele>1245.5</ele>
		</trkpt>
		<trkpt lat="46.376591633" lon="8.146927999">
			<ele>1240.1</ele>
		</trkpt>
		<trkpt lat="46.376688947" lon="8.146572355">
			<ele>1260.8</ele>
		</trkpt>
		<trkpt lat="46.376819034" lon="8.146255268">
			<ele>1267</ele>
		</trkpt>
		<trkpt lat="46.377101002" lon="8.145951675">
			<ele>1272.4</ele>
		</trkpt>
		<trkpt lat="46.377293199" lon="8.145631654">
			<ele>1277.8</ele>
		</trkpt>
		<trkpt lat="46.377523869" lon="8.145502908">
			<ele>1278.9</ele>
		</trkpt>
		<trkpt lat="46.377676419" lon="8.145186156">
			<ele>1292.6</ele>
		</trkpt>
		<trkpt lat="46.377875322" lon="8.14506663">
			<ele>1288</ele>
		</trkpt>
		<trkpt lat="46.377972133" lon="8.144800672">
			<ele>1297.3</ele>
		</trkpt>
		<trkpt lat="46.378026699" lon="8.144730767">
			<ele>1309.1</ele>
		</trkpt>
		<trkpt lat="46.378216549" lon="8.144792374">
			<ele>1293.8</ele>
		</trkpt>
		<trkpt lat="46.378399358" lon="8.14471459">
			<ele>1303.6</ele>
		</trkpt>
		<trkpt lat="46.378673614" lon="8.14479447">
			<ele>1288.2</ele>
		</trkpt>
		<trkpt lat="46.378982571" lon="8.144821459">
			<ele>1287.4</ele>
		</trkpt>
		<trkpt lat="46.379340227" lon="8.145499891">
			<ele>1265.4</ele>
		</trkpt>
		<trkpt lat="46.379428405" lon="8.145560157">
			<ele>1253.8</ele>
		</trkpt>
		<trkpt lat="46.379520941" lon="8.145551858">
			<ele>1253.8</ele>
		</trkpt>
		<trkpt lat="46.379826294" lon="8.144881977">
			<ele>1267.4</ele>
		</trkpt>
		<trkpt lat="46.380024526" lon="8.144651726">
			<ele>1264</ele>
		</trkpt>
		<trkpt lat="46.380113374" lon="8.144387528">
			<ele>1259.8</ele>
		</trkpt>
		<trkpt lat="46.380171544" lon="8.143739356">
			<ele>1264.1</ele>
		</trkpt>
		<trkpt lat="46.380267768" lon="8.143147007">
			<ele>1266.4</ele>
		</trkpt>
		<trkpt lat="46.380273636" lon="8.142620204">
			<ele>1267.1</ele>
		</trkpt>
		<trkpt lat="46.380428282" lon="8.141759466">
			<ele>1262.4</ele>
		</trkpt>
		<trkpt lat="46.380425767" lon="8.141307095">
			<ele>1262.8</ele>
		</trkpt>
		<trkpt lat="46.380480082" lon="8.140857322">
			<ele>1259.2</ele>
		</trkpt>
		<trkpt lat="46.380418978" lon="8.140486255">
			<ele>1255.6</ele>
		</trkpt>
		<trkpt lat="46.380249244" lon="8.139932044">
			<ele>1256.3</ele>
		</trkpt>
		<trkpt lat="46.380145895" lon="8.13975703">
			<ele>1250.3</ele>
		</trkpt>
		<trkpt lat="46.379881949" lon="8.139503561">
			<ele>1263.5</ele>
		</trkpt>
		<trkpt lat="46.379608699" lon="8.139049597">
			<ele>1258.6</ele>
		</trkpt>
		<trkpt lat="46.37944433" lon="8.13849966">
			<ele>1252.4</ele>
		</trkpt>
		<trkpt lat="46.379064379" lon="8.137557618">
			<ele>1258.8</ele>
		</trkpt>
		<trkpt lat="46.379074269" lon="8.1370252">
			<ele>1256.1</ele>
		</trkpt>
		<trkpt lat="46.379240482" lon="8.135987101">
			<ele>1241.1</ele>
		</trkpt>
		<trkpt lat="46.379252552" lon="8.135741008">
			<ele>1237.6</ele>
		</trkpt>
		<trkpt lat="46.379116682" lon="8.135061655">
			<ele>1237.2</ele>
		</trkpt>
		<trkpt lat="46.378829518" lon="8.134498727">
			<ele>1233.3</ele>
		</trkpt>
		<trkpt lat="46.3787172" lon="8.134159008">
			<ele>1231.9</ele>
		</trkpt>
		<trkpt lat="46.378509999" lon="8.133793892">
			<ele>1239.1</ele>
		</trkpt>
		<trkpt lat="46.378469599" lon="8.133664392">
			<ele>1235.3</ele>
		</trkpt>
		<trkpt lat="46.378390306" lon="8.133099787">
			<ele>1243</ele>
		</trkpt>
		<trkpt lat="46.37836516" lon="8.132456224">
			<ele>1238.5</ele>
		</trkpt>
		<trkpt lat="46.378348899" lon="8.131667739">
			<ele>1232.4</ele>
		</trkpt>
		<trkpt lat="46.378400197" lon="8.131265659">
			<ele>1229.5</ele>
		</trkpt>
		<trkpt lat="46.378250999" lon="8.130826699">
			<ele>1234.2</ele>
		</trkpt>
		<trkpt lat="46.378050923" lon="8.130058749">
			<ele>1227.2</ele>
		</trkpt>
		<trkpt lat="46.37792796" lon="8.129204046">
			<ele>1203.4</ele>
		</trkpt>
		<trkpt lat="46.377433847" lon="8.128340794">
			<ele>1202.9</ele>
		</trkpt>
		<trkpt lat="46.377243997" lon="8.128288742">
			<ele>1202.9</ele>
		</trkpt>
		<trkpt lat="46.377117011" lon="8.128101993">
			<ele>1214.1</ele>
		</trkpt>
		<trkpt lat="46.376712668" lon="8.127673091">
			<ele>1216.8</ele>
		</trkpt>
		<trkpt lat="46.37634311" lon="8.127408894">
			<ele>1230.6</ele>
		</trkpt>
		<trkpt lat="46.376212855" lon="8.127107564">
			<ele>1220.1</ele>
		</trkpt>
		<trkpt lat="46.376169604" lon="8.126832219">
			<ele>1221.3</ele>
		</trkpt>
		<trkpt lat="46.376069608" lon="8.126552263">
			<ele>1210.6</ele>
		</trkpt>
		<trkpt lat="46.37592896" lon="8.12599319">
			<ele>1201.4</ele>
		</trkpt>
		<trkpt lat="46.375932648" lon="8.125602007">
			<ele>1192.3</ele>
		</trkpt>
		<trkpt lat="46.375806836" lon="8.124779658">
			<ele>1174.1</ele>
		</trkpt>
		<trkpt lat="46.375832903" lon="8.124674549">
			<ele>1174.1</ele>
		</trkpt>
		<trkpt lat="46.37590373" lon="8.124593161">
			<ele>1163.4</ele>
		</trkpt>
		<trkpt lat="46.376050665" lon="8.124528453">
			<ele>1153.1</ele>
		</trkpt>
		<trkpt lat="46.376069944" lon="8.124481179">
			<ele>1148</ele>
		</trkpt>
		<trkpt lat="46.376066842" lon="8.124162666">
			<ele>1143.5</ele>
		</trkpt>
		<trkpt lat="46.375981263" lon="8.123676851">
			<ele>1144.6</ele>
		</trkpt>
		<trkpt lat="46.375959302" lon="8.123376863">
			<ele>1140.7</ele>
		</trkpt>
		<trkpt lat="46.375838435" lon="8.123045191">
			<ele>1137</ele>
		</trkpt>
		<trkpt lat="46.37562696" lon="8.122851653">
			<ele>1150.9</ele>
		</trkpt>
		<trkpt lat="46.375585302" lon="8.122746125">
			<ele>1150.9</ele>
		</trkpt>
		<trkpt lat="46.375431159" lon="8.121805172">
			<ele>1147.9</ele>
		</trkpt>
		<trkpt lat="46.375348597" lon="8.121474003">
			<ele>1144.6</ele>
		</trkpt>
		<trkpt lat="46.37531926" lon="8.120862879">
			<ele>1135</ele>
		</trkpt>
		<trkpt lat="46.375256899" lon="8.120465074">
			<ele>1133</ele>
		</trkpt>
		<trkpt lat="46.37515992" lon="8.120335992">
			<ele>1133</ele>
		</trkpt>
		<trkpt lat="46.374820034" lon="8.120177155">
			<ele>1146.1</ele>
		</trkpt>
		<trkpt lat="46.374769156" lon="8.120071543">
			<ele>1146.1</ele>
		</trkpt>
		<trkpt lat="46.374808216" lon="8.119955622">
			<ele>1146.1</ele>
		</trkpt>
		<trkpt lat="46.37517945" lon="8.119733166">
			<ele>1123.2</ele>
		</trkpt>
		<trkpt lat="46.375327558" lon="8.11947735">
			<ele>1109.1</ele>
		</trkpt>
		<trkpt lat="46.375329486" lon="8.119374337">
			<ele>1104.4</ele>
		</trkpt>
		<trkpt lat="46.375255642" lon="8.119140565">
			<ele>1114</ele>
		</trkpt>
		<trkpt lat="46.375127315" lon="8.118503373">
			<ele>1099.9</ele>
		</trkpt>
		<trkpt lat="46.375067468" lon="8.118355684">
			<ele>1108.9</ele>
		</trkpt>
		<trkpt lat="46.374992618" lon="8.118280331">
			<ele>1103.3</ele>
		</trkpt>
		<trkpt lat="46.374641164" lon="8.118069777">
			<ele>1117.4</ele>
		</trkpt>
		<trkpt lat="46.374636051" lon="8.117598295">
			<ele>1105</ele>
		</trkpt>
		<trkpt lat="46.374464977" lon="8.117054142">
			<ele>1100.4</ele>
		</trkpt>
		<trkpt lat="46.374410159" lon="8.116723308">
			<ele>1094.9</ele>
		</trkpt>
		<trkpt lat="46.374162558" lon="8.116367161">
			<ele>1093.4</ele>
		</trkpt>
		<trkpt lat="46.374066333" lon="8.115894506">
			<ele>1094.3</ele>
		</trkpt>
		<trkpt lat="46.373668528" lon="8.114817012">
			<ele>1098.3</ele>
		</trkpt>
		<trkpt lat="46.373621757" lon="8.114463296">
			<ele>1093.6</ele>
		</trkpt>
		<trkpt lat="46.373630307" lon="8.114137072">
			<ele>1088.6</ele>
		</trkpt>
		<trkpt lat="46.373593007" lon="8.113970608">
			<ele>1091.3</ele>
		</trkpt>
		<trkpt lat="46.373444564" lon="8.11366383">
			<ele>1086.4</ele>
		</trkpt>
		<trkpt lat="46.373289247" lon="8.113572216">
			<ele>1093.8</ele>
		</trkpt>
		<trkpt lat="46.373057069" lon="8.113515889">
			<ele>1100.8</ele>
		</trkpt>
		<trkpt lat="46.372809132" lon="8.112995625">
			<ele>1105.4</ele>
		</trkpt>
		<trkpt lat="46.372800415" lon="8.112245444">
			<ele>1097.6</ele>
		</trkpt>
		<trkpt lat="46.372539235" lon="8.110618098">
			<ele>1089.6</ele>
		</trkpt>
		<trkpt lat="46.372481064" lon="8.110405533">
			<ele>1091.4</ele>
		</trkpt>
		<trkpt lat="46.372027268" lon="8.109846544">
			<ele>1092.2</ele>
		</trkpt>
		<trkpt lat="46.371494598" lon="8.108786484">
			<ele>1089.3</ele>
		</trkpt>
		<trkpt lat="46.371181115" lon="8.108404772">
			<ele>1093.6</ele>
		</trkpt>
		<trkpt lat="46.371058655" lon="8.108118866">
			<ele>1091.3</ele>
		</trkpt>
		<trkpt lat="46.370979865" lon="8.1064652">
			<ele>1078.6</ele>
		</trkpt>
		<trkpt lat="46.370843576" lon="8.105836641">
			<ele>1073</ele>
		</trkpt>
		<trkpt lat="46.370815161" lon="8.105517039">
			<ele>1075.6</ele>
		</trkpt>
		<trkpt lat="46.370864866" lon="8.105147397">
			<ele>1067.2</ele>
		</trkpt>
		<trkpt lat="46.371014147" lon="8.104698882">
			<ele>1054.9</ele>
		</trkpt>
		<trkpt lat="46.371026217" lon="8.104452789">
			<ele>1051</ele>
		</trkpt>
		<trkpt lat="46.370959833" lon="8.104272578">
			<ele>1051.7</ele>
		</trkpt>
		<trkpt lat="46.37067929" lon="8.103910396">
			<ele>1052.2</ele>
		</trkpt>
		<trkpt lat="46.370621958" lon="8.103770334">
			<ele>1052.3</ele>
		</trkpt>
		<trkpt lat="46.370593962" lon="8.103588698">
			<ele>1052.3</ele>
		</trkpt>
		<trkpt lat="46.370538055" lon="8.102311296">
			<ele>1036.8</ele>
		</trkpt>
		<trkpt lat="46.370567392" lon="8.102034945">
			<ele>1033.7</ele>
		</trkpt>
		<trkpt lat="46.370672249" lon="8.101582993">
			<ele>1023.7</ele>
		</trkpt>
		<trkpt lat="46.370676608" lon="8.101243274">
			<ele>1020.7</ele>
		</trkpt>
		<trkpt lat="46.370652636" lon="8.101115618">
			<ele>1020.7</ele>
		</trkpt>
		<trkpt lat="46.370538893" lon="8.10086106">
			<ele>1020.8</ele>
		</trkpt>
		<trkpt lat="46.370351809" lon="8.100671964">
			<ele>1021.3</ele>
		</trkpt>
		<trkpt lat="46.369664912" lon="8.100507343">
			<ele>1036.1</ele>
		</trkpt>
		<trkpt lat="46.369280183" lon="8.100673892">
			<ele>1045</ele>
		</trkpt>
		<trkpt lat="46.369157472" lon="8.100558724">
			<ele>1045</ele>
		</trkpt>
		<trkpt lat="46.369116065" lon="8.100458141">
			<ele>1049.5</ele>
		</trkpt>
		<trkpt lat="46.369121765" lon="8.100291761">
			<ele>1049.5</ele>
		</trkpt>
		<trkpt lat="46.369255624" lon="8.099917928">
			<ele>1051.2</ele>
		</trkpt>
		<trkpt lat="46.369874208" lon="8.098695595">
			<ele>1050.7</ele>
		</trkpt>
		<trkpt lat="46.37065733" lon="8.097831421">
			<ele>1037.7</ele>
		</trkpt>
		<trkpt lat="46.370704101" lon="8.097687671">
			<ele>1037.7</ele>
		</trkpt>
		<trkpt lat="46.370783226" lon="8.097171094">
			<ele>1040.8</ele>
		</trkpt>
		<trkpt lat="46.370960838" lon="8.096607579">
			<ele>1034.7</ele>
		</trkpt>
		<trkpt lat="46.371025128" lon="8.096182365">
			<ele>1032.4</ele>
		</trkpt>
		<trkpt lat="46.371324948" lon="8.095606612">
			<ele>1028.6</ele>
		</trkpt>
		<trkpt lat="46.371195867" lon="8.095447021">
			<ele>1028.6</ele>
		</trkpt>
		<trkpt lat="46.370768977" lon="8.094711341">
			<ele>1030.1</ele>
		</trkpt>
		<trkpt lat="46.370768055" lon="8.094587708">
			<ele>1028.8</ele>
		</trkpt>
		<trkpt lat="46.370885904" lon="8.094227286">
			<ele>1023.7</ele>
		</trkpt>
		<trkpt lat="46.370885234" lon="8.094069287">
			<ele>1022.5</ele>
		</trkpt>
		<trkpt lat="46.370816753" lon="8.093848592">
			<ele>1022.5</ele>
		</trkpt>
		<trkpt lat="46.370638806" lon="8.093618006">
			<ele>1024.7</ele>
		</trkpt>
		<trkpt lat="46.370558423" lon="8.093576934">
			<ele>1029.1</ele>
		</trkpt>
		<trkpt lat="46.370432862" lon="8.093590681">
			<ele>1033.3</ele>
		</trkpt>
		<trkpt lat="46.37000966" lon="8.093900476">
			<ele>1042.5</ele>
		</trkpt>
		<trkpt lat="46.369412952" lon="8.094070796">
			<ele>1056.4</ele>
		</trkpt>
		<trkpt lat="46.369309687" lon="8.094063085">
			<ele>1058</ele>
		</trkpt>
		<trkpt lat="46.369240201" lon="8.093972476">
			<ele>1058</ele>
		</trkpt>
		<trkpt lat="46.369263084" lon="8.093667459">
			<ele>1056</ele>
		</trkpt>
		<trkpt lat="46.369399457" lon="8.093159599">
			<ele>1050.2</ele>
		</trkpt>
		<trkpt lat="46.369066696" lon="8.092224263">
			<ele>1053.9</ele>
		</trkpt>
		<trkpt lat="46.369024367" lon="8.091998622">
			<ele>1054.6</ele>
		</trkpt>
		<trkpt lat="46.369122771" lon="8.090513181">
			<ele>1067.1</ele>
		</trkpt>
		<trkpt lat="46.369098379" lon="8.090157956">
			<ele>1068</ele>
		</trkpt>
		<trkpt lat="46.368723625" lon="8.089400651">
			<ele>1070.2</ele>
		</trkpt>
		<trkpt lat="46.368200426" lon="8.087796103">
			<ele>1062.2</ele>
		</trkpt>
		<trkpt lat="46.367821899" lon="8.086761106">
			<ele>1056.2</ele>
		</trkpt>
		<trkpt lat="46.367558037" lon="8.086238913">
			<ele>1053.5</ele>
		</trkpt>
		<trkpt lat="46.367203315" lon="8.085675566">
			<ele>1055.3</ele>
		</trkpt>
		<trkpt lat="46.366932244" lon="8.084786916">
			<ele>1054.9</ele>
		</trkpt>
		<trkpt lat="46.366802492" lon="8.084144192">
			<ele>1056.8</ele>
		</trkpt>
		<trkpt lat="46.366658407" lon="8.083696933">
			<ele>1058.8</ele>
		</trkpt>
		<trkpt lat="46.366526225" lon="8.082550373">
			<ele>1060.4</ele>
		</trkpt>
		<trkpt lat="46.366491188" lon="8.082435457">
			<ele>1060.3</ele>
		</trkpt>
		<trkpt lat="46.366022556" lon="8.08168578">
			<ele>1067.5</ele>
		</trkpt>
		<trkpt lat="46.365931696" lon="8.081633141">
			<ele>1072</ele>
		</trkpt>
		<trkpt lat="46.365642437" lon="8.08163356">
			<ele>1075.7</ele>
		</trkpt>
		<trkpt lat="46.365570269" lon="8.081550496">
			<ele>1079.8</ele>
		</trkpt>
		<trkpt lat="46.36554001" lon="8.081454188">
			<ele>1079.8</ele>
		</trkpt>
		<trkpt lat="46.365571526" lon="8.08132167">
			<ele>1081.4</ele>
		</trkpt>
		<trkpt lat="46.365736482" lon="8.081111787">
			<ele>1079.4</ele>
		</trkpt>
		<trkpt lat="46.365912083" lon="8.080667295">
			<ele>1077.5</ele>
		</trkpt>
		<trkpt lat="46.366272672" lon="8.079509502">
			<ele>1079.2</ele>
		</trkpt>
		<trkpt lat="46.366389181" lon="8.079218902">
			<ele>1074.9</ele>
		</trkpt>
		<trkpt lat="46.366491691" lon="8.078507278">
			<ele>1072.4</ele>
		</trkpt>
		<trkpt lat="46.366607613" lon="8.078088854">
			<ele>1062</ele>
		</trkpt>
		<trkpt lat="46.366564195" lon="8.077590298">
			<ele>1056.3</ele>
		</trkpt>
		<trkpt lat="46.366424301" lon="8.077331046">
			<ele>1060</ele>
		</trkpt>
		<trkpt lat="46.366159433" lon="8.076511212">
			<ele>1062.7</ele>
		</trkpt>
		<trkpt lat="46.365887189" lon="8.075836301">
			<ele>1062.1</ele>
		</trkpt>
		<trkpt lat="46.365518972" lon="8.075301535">
			<ele>1067.3</ele>
		</trkpt>
		<trkpt lat="46.365157544" lon="8.074972881">
			<ele>1076</ele>
		</trkpt>
		<trkpt lat="46.36506199" lon="8.074822929">
			<ele>1072.4</ele>
		</trkpt>
		<trkpt lat="46.36489628" lon="8.074456556">
			<ele>1072.9</ele>
		</trkpt>
		<trkpt lat="46.364396551" lon="8.073111093">
			<ele>1061.2</ele>
		</trkpt>
		<trkpt lat="46.364319186" lon="8.072997602">
			<ele>1056.6</ele>
		</trkpt>
		<trkpt lat="46.364174347" lon="8.07291965">
			<ele>1060.8</ele>
		</trkpt>
		<trkpt lat="46.364074602" lon="8.07280398">
			<ele>1064.7</ele>
		</trkpt>
		<trkpt lat="46.363845525" lon="8.072429225">
			<ele>1059.3</ele>
		</trkpt>
		<trkpt lat="46.363747121" lon="8.072069306">
			<ele>1058.4</ele>
		</trkpt>
		<trkpt lat="46.363525504" lon="8.071774766">
			<ele>1058.6</ele>
		</trkpt>
		<trkpt lat="46.363412264" lon="8.071473939">
			<ele>1054.1</ele>
		</trkpt>
		<trkpt lat="46.363136499" lon="8.071186356">
			<ele>1061.8</ele>
		</trkpt>
		<trkpt lat="46.363030468" lon="8.071001954">
			<ele>1057.8</ele>
		</trkpt>
		<trkpt lat="46.362806923" lon="8.070354452">
			<ele>1057.5</ele>
		</trkpt>
		<trkpt lat="46.362810192" lon="8.069755314">
			<ele>1049</ele>
		</trkpt>
		<trkpt lat="46.36275286" lon="8.06938827">
			<ele>1044.4</ele>
		</trkpt>
		<trkpt lat="46.3621098" lon="8.067425061">
			<ele>1035.6</ele>
		</trkpt>
		<trkpt lat="46.362014414" lon="8.06700605">
			<ele>1034.2</ele>
		</trkpt>
		<trkpt lat="46.361996058" lon="8.066874621">
			<ele>1034.2</ele>
		</trkpt>
		<trkpt lat="46.36214492" lon="8.066951651">
			<ele>1029.5</ele>
		</trkpt>
		<trkpt lat="46.362367041" lon="8.067623964">
			<ele>1030.7</ele>
		</trkpt>
		<trkpt lat="46.362650684" lon="8.067938285">
			<ele>1025.1</ele>
		</trkpt>
		<trkpt lat="46.362817903" lon="8.06826652">
			<ele>1027.8</ele>
		</trkpt>
		<trkpt lat="46.36313784" lon="8.068462992">
			<ele>1015.4</ele>
		</trkpt>
		<trkpt lat="46.363242866" lon="8.068569107">
			<ele>1013.4</ele>
		</trkpt>
		<trkpt lat="46.363468171" lon="8.069149889">
			<ele>1016.4</ele>
		</trkpt>
		<trkpt lat="46.363553415" lon="8.069513412">
			<ele>1021</ele>
		</trkpt>
		<trkpt lat="46.363613597" lon="8.06961718">
			<ele>1018.5</ele>
		</trkpt>
		<trkpt lat="46.363889949" lon="8.069805438">
			<ele>1011.6</ele>
		</trkpt>
		<trkpt lat="46.364057671" lon="8.070040215">
			<ele>1009.4</ele>
		</trkpt>
		<trkpt lat="46.364131431" lon="8.070083046">
			<ele>1003.5</ele>
		</trkpt>
		<trkpt lat="46.36427275" lon="8.070090422">
			<ele>1008</ele>
		</trkpt>
		<trkpt lat="46.364496463" lon="8.070003334">
			<ele>993.5</ele>
		</trkpt>
		<trkpt lat="46.364603249" lon="8.070050357">
			<ele>993.5</ele>
		</trkpt>
		<trkpt lat="46.364697377" lon="8.070230819">
			<ele>993.7</ele>
		</trkpt>
		<trkpt lat="46.36474155" lon="8.070586296">
			<ele>998.5</ele>
		</trkpt>
		<trkpt lat="46.364793769" lon="8.070709007">
			<ele>1003.5</ele>
		</trkpt>
		<trkpt lat="46.365092333" lon="8.070931882">
			<ele>998.3</ele>
		</trkpt>
		<trkpt lat="46.365468596" lon="8.070980161">
			<ele>985.5</ele>
		</trkpt>
		<trkpt lat="46.365569934" lon="8.071042439">
			<ele>985.5</ele>
		</trkpt>
		<trkpt lat="46.365847291" lon="8.071521716">
			<ele>982.9</ele>
		</trkpt>
		<trkpt lat="46.36626823" lon="8.072080035">
			<ele>981.7</ele>
		</trkpt>
		<trkpt lat="46.366522202" lon="8.07250089">
			<ele>981.7</ele>
		</trkpt>
		<trkpt lat="46.366587832" lon="8.072576076">
			<ele>982.1</ele>
		</trkpt>
		<trkpt lat="46.366649942" lon="8.072561575">
			<ele>982.1</ele>
		</trkpt>
		<trkpt lat="46.36666922" lon="8.072428219">
			<ele>974.5</ele>
		</trkpt>
		<trkpt lat="46.366370154" lon="8.0715736">
			<ele>958.5</ele>
		</trkpt>
		<trkpt lat="46.366163791" lon="8.071151404">
			<ele>960.7</ele>
		</trkpt>
		<trkpt lat="46.36568091" lon="8.070334839">
			<ele>960.1</ele>
		</trkpt>
		<trkpt lat="46.365425429" lon="8.069711644">
			<ele>957.2</ele>
		</trkpt>
		<trkpt lat="46.365215128" lon="8.069050899">
			<ele>959.5</ele>
		</trkpt>
		<trkpt lat="46.365066097" lon="8.068762897">
			<ele>953.2</ele>
		</trkpt>
		<trkpt lat="46.364927544" lon="8.068033336">
			<ele>942.3</ele>
		</trkpt>
		<trkpt lat="46.364864932" lon="8.067412488">
			<ele>933</ele>
		</trkpt>
		<trkpt lat="46.364658904" lon="8.066919716">
			<ele>940.3</ele>
		</trkpt>
		<trkpt lat="46.36462194" lon="8.066440271">
			<ele>934.9</ele>
		</trkpt>
		<trkpt lat="46.364687738" lon="8.065769384">
			<ele>918.7</ele>
		</trkpt>
		<trkpt lat="46.364630657" lon="8.065574085">
			<ele>926.9</ele>
		</trkpt>
		<trkpt lat="46.364405603" lon="8.065186087">
			<ele>926.9</ele>
		</trkpt>
		<trkpt lat="46.364391438" lon="8.065126743">
			<ele>926.9</ele>
		</trkpt>
		<trkpt lat="46.364434102" lon="8.065048959">
			<ele>926.9</ele>
		</trkpt>
		<trkpt lat="46.364497385" lon="8.065072596">
			<ele>918.1</ele>
		</trkpt>
		<trkpt lat="46.36467944" lon="8.065362861">
			<ele>914.5</ele>
		</trkpt>
		<trkpt lat="46.364899214" lon="8.065504683">
			<ele>910.8</ele>
		</trkpt>
		<trkpt lat="46.364957384" lon="8.065984296">
			<ele>913.9</ele>
		</trkpt>
		<trkpt lat="46.365023266" lon="8.066244554">
			<ele>916.4</ele>
		</trkpt>
		<trkpt lat="46.365169446" lon="8.066566838">
			<ele>912.7</ele>
		</trkpt>
		<trkpt lat="46.365203812" lon="8.066572957">
			<ele>912.7</ele>
		</trkpt>
		<trkpt lat="46.365247733" lon="8.066512439">
			<ele>906.1</ele>
		</trkpt>
		<trkpt lat="46.365093171" lon="8.066024026">
			<ele>906.5</ele>
		</trkpt>
		<trkpt lat="46.365082777" lon="8.065762511">
			<ele>903</ele>
		</trkpt>
		<trkpt lat="46.365123513" lon="8.065324053">
			<ele>898</ele>
		</trkpt>
		<trkpt lat="46.365068947" lon="8.065153649">
			<ele>891.6</ele>
		</trkpt>
		<trkpt lat="46.364914301" lon="8.06493815">
			<ele>894.1</ele>
		</trkpt>
		<trkpt lat="46.364787231" lon="8.064501621">
			<ele>896.5</ele>
		</trkpt>
		<trkpt lat="46.364803911" lon="8.063872056">
			<ele>870.7</ele>
		</trkpt>
		<trkpt lat="46.36453678" lon="8.063445417">
			<ele>873.9</ele>
		</trkpt>
		<trkpt lat="46.36427669" lon="8.063182896">
			<ele>889.4</ele>
		</trkpt>
		<trkpt lat="46.364219357" lon="8.063033363">
			<ele>878.3</ele>
		</trkpt>
		<trkpt lat="46.364160852" lon="8.062622482">
			<ele>866</ele>
		</trkpt>
		<trkpt lat="46.364064125" lon="8.062428609">
			<ele>865.6</ele>
		</trkpt>
		<trkpt lat="46.36349734" lon="8.061973723">
			<ele>882.4</ele>
		</trkpt>
		<trkpt lat="46.363288128" lon="8.061585892">
			<ele>885.5</ele>
		</trkpt>
		<trkpt lat="46.362796529" lon="8.060908383">
			<ele>886.3</ele>
		</trkpt>
		<trkpt lat="46.362544318" lon="8.060405636">
			<ele>884.5</ele>
		</trkpt>
		<trkpt lat="46.362517161" lon="8.060050411">
			<ele>845.3</ele>
		</trkpt>
		<trkpt lat="46.362353043" lon="8.059390252">
			<ele>821.1</ele>
		</trkpt>
		<trkpt lat="46.36230887" lon="8.059256142">
			<ele>805.5</ele>
		</trkpt>
		<trkpt lat="46.362183142" lon="8.059063945">
			<ele>816.2</ele>
		</trkpt>
		<trkpt lat="46.362046265" lon="8.058961183">
			<ele>812.5</ele>
		</trkpt>
		<trkpt lat="46.361554834" lon="8.058722802">
			<ele>819.1</ele>
		</trkpt>
		<trkpt lat="46.361277226" lon="8.058528844">
			<ele>832.2</ele>
		</trkpt>
		<trkpt lat="46.361134649" lon="8.058498586">
			<ele>837.2</ele>
		</trkpt>
		<trkpt lat="46.360854526" lon="8.058525911">
			<ele>841.7</ele>
		</trkpt>
		<trkpt lat="46.360595442" lon="8.058315022">
			<ele>835.9</ele>
		</trkpt>
		<trkpt lat="46.360258154" lon="8.058537478">
			<ele>855.9</ele>
		</trkpt>
		<trkpt lat="46.360212389" lon="8.058532197">
			<ele>862.4</ele>
		</trkpt>
		<trkpt lat="46.360032932" lon="8.058309155">
			<ele>853.2</ele>
		</trkpt>
		<trkpt lat="46.360165953" lon="8.057856029">
			<ele>836.3</ele>
		</trkpt>
		<trkpt lat="46.36038799" lon="8.057595184">
			<ele>823.8</ele>
		</trkpt>
		<trkpt lat="46.360382374" lon="8.057406256">
			<ele>818.4</ele>
		</trkpt>
		<trkpt lat="46.36016897" lon="8.057066118">
			<ele>817.3</ele>
		</trkpt>
		<trkpt lat="46.359865545" lon="8.056744002">
			<ele>816.1</ele>
		</trkpt>
		<trkpt lat="46.359682066" lon="8.056476703">
			<ele>815.1</ele>
		</trkpt>
		<trkpt lat="46.359459945" lon="8.05602584">
			<ele>815.7</ele>
		</trkpt>
		<trkpt lat="46.359215361" lon="8.055332322">
			<ele>808.8</ele>
		</trkpt>
		<trkpt lat="46.358741197" lon="8.054838544">
			<ele>803.7</ele>
		</trkpt>
		<trkpt lat="46.358403742" lon="8.054212667">
			<ele>798</ele>
		</trkpt>
		<trkpt lat="46.358084726" lon="8.053844701">
			<ele>794.8</ele>
		</trkpt>
		<trkpt lat="46.35791055" lon="8.053562231">
			<ele>794.5</ele>
		</trkpt>
		<trkpt lat="46.357937372" lon="8.053495763">
			<ele>794.5</ele>
		</trkpt>
		<trkpt lat="46.357991436" lon="8.05351546">
			<ele>789.3</ele>
		</trkpt>
		<trkpt lat="46.358132838" lon="8.053749818">
			<ele>794.8</ele>
		</trkpt>
		<trkpt lat="46.358604991" lon="8.054131027">
			<ele>784.7</ele>
		</trkpt>
		<trkpt lat="46.358825267" lon="8.054431183">
			<ele>786.3</ele>
		</trkpt>
		<trkpt lat="46.359325835" lon="8.054930996">
			<ele>789.3</ele>
		</trkpt>
		<trkpt lat="46.359711235" lon="8.055244479">
			<ele>791.7</ele>
		</trkpt>
		<trkpt lat="46.359820786" lon="8.055255292">
			<ele>791.7</ele>
		</trkpt>
		<trkpt lat="46.359830677" lon="8.055138951">
			<ele>791.7</ele>
		</trkpt>
		<trkpt lat="46.359507973" lon="8.054730836">
			<ele>787.6</ele>
		</trkpt>
		<trkpt lat="46.359416359" lon="8.054565713">
			<ele>782.8</ele>
		</trkpt>
		<trkpt lat="46.359197759" lon="8.053950733">
			<ele>774.3</ele>
		</trkpt>
		<trkpt lat="46.358822418" lon="8.053259645">
			<ele>770.9</ele>
		</trkpt>
		<trkpt lat="46.358727618" lon="8.052953286">
			<ele>769.6</ele>
		</trkpt>
		<trkpt lat="46.358700377" lon="8.052617172">
			<ele>770.9</ele>
		</trkpt>
		<trkpt lat="46.358766343" lon="8.052140912">
			<ele>765.3</ele>
		</trkpt>
		<trkpt lat="46.35883499" lon="8.051914684">
			<ele>763.8</ele>
		</trkpt>
		<trkpt lat="46.359016543" lon="8.051565662">
			<ele>763.8</ele>
		</trkpt>
		<trkpt lat="46.359047639" lon="8.05142669">
			<ele>765.9</ele>
		</trkpt>
		<trkpt lat="46.359053339" lon="8.050584812">
			<ele>771.2</ele>
		</trkpt>
		<trkpt lat="46.358747232" lon="8.050395129">
			<ele>770.1</ele>
		</trkpt>
		<trkpt lat="46.358543468" lon="8.050215337">
			<ele>767.5</ele>
		</trkpt>
		<trkpt lat="46.35766714" lon="8.049077913">
			<ele>763.8</ele>
		</trkpt>
		<trkpt lat="46.357119047" lon="8.047337495">
			<ele>772.4</ele>
		</trkpt>
		<trkpt lat="46.3569297" lon="8.046928961">
			<ele>771.8</ele>
		</trkpt>
		<trkpt lat="46.356717303" lon="8.046627045">
			<ele>773.7</ele>
		</trkpt>
		<trkpt lat="46.356134509" lon="8.045927994">
			<ele>771.3</ele>
		</trkpt>
		<trkpt lat="46.355472087" lon="8.045327263">
			<ele>768.9</ele>
		</trkpt>
		<trkpt lat="46.35485191" lon="8.044459652">
			<ele>772.6</ele>
		</trkpt>
		<trkpt lat="46.354535996" lon="8.043862525">
			<ele>768.5</ele>
		</trkpt>
		<trkpt lat="46.354316055" lon="8.043273864">
			<ele>766.6</ele>
		</trkpt>
		<trkpt lat="46.353950604" lon="8.042082544">
			<ele>764.3</ele>
		</trkpt>
		<trkpt lat="46.353639384" lon="8.041379554">
			<ele>767.6</ele>
		</trkpt>
		<trkpt lat="46.353324727" lon="8.040916706">
			<ele>770.2</ele>
		</trkpt>
		<trkpt lat="46.352498942" lon="8.040035265">
			<ele>770.3</ele>
		</trkpt>
		<trkpt lat="46.352284198" lon="8.039754722">
			<ele>772.1</ele>
		</trkpt>
		<trkpt lat="46.352084792" lon="8.039432857">
			<ele>772.1</ele>
		</trkpt>
		<trkpt lat="46.351491102" lon="8.038267856">
			<ele>771.3</ele>
		</trkpt>
		<trkpt lat="46.351221959" lon="8.037855886">
			<ele>756.4</ele>
		</trkpt>
		<trkpt lat="46.350193416" lon="8.036789289">
			<ele>747</ele>
		</trkpt>
		<trkpt lat="46.349930979" lon="8.036446134">
			<ele>743.5</ele>
		</trkpt>
		<trkpt lat="46.349612802" lon="8.035858311">
			<ele>743.2</ele>
		</trkpt>
		<trkpt lat="46.349026655" lon="8.034389382">
			<ele>749.1</ele>
		</trkpt>
		<trkpt lat="46.348738988" lon="8.03386895">
			<ele>752</ele>
		</trkpt>
		<trkpt lat="46.348354678" lon="8.033398977">
			<ele>748.3</ele>
		</trkpt>
		<trkpt lat="46.34712237" lon="8.032347634">
			<ele>741.7</ele>
		</trkpt>
		<trkpt lat="46.346632616" lon="8.031698456">
			<ele>737.3</ele>
		</trkpt>
		<trkpt lat="46.34618804" lon="8.03079254">
			<ele>735</ele>
		</trkpt>
		<trkpt lat="46.345380443" lon="8.028487684">
			<ele>747.4</ele>
		</trkpt>
		<trkpt lat="46.345162765" lon="8.027951578">
			<ele>762.4</ele>
		</trkpt>
		<trkpt lat="46.34494735" lon="8.027510187">
			<ele>747.5</ele>
		</trkpt>
		<trkpt lat="46.344625737" lon="8.026993778">
			<ele>757.8</ele>
		</trkpt>
		<trkpt lat="46.344258358" lon="8.026555907">
			<ele>754.3</ele>
		</trkpt>
		<trkpt lat="46.34384907" lon="8.026192384">
			<ele>744.1</ele>
		</trkpt>
		<trkpt lat="46.343494515" lon="8.025963558">
			<ele>739.5</ele>
		</trkpt>
		<trkpt lat="46.342771241" lon="8.025609925">
			<ele>732.3</ele>
		</trkpt>
		<trkpt lat="46.342439904" lon="8.025368359">
			<ele>722.8</ele>
		</trkpt>
		<trkpt lat="46.342387936" lon="8.025416471">
			<ele>722.8</ele>
		</trkpt>
		<trkpt lat="46.342291461" lon="8.025348075">
			<ele>722.5</ele>
		</trkpt>
		<trkpt lat="46.342269751" lon="8.025375819">
			<ele>719.3</ele>
		</trkpt>
		<trkpt lat="46.342229351" lon="8.025819473">
			<ele>717.2</ele>
		</trkpt>
		<trkpt lat="46.342094905" lon="8.025810085">
			<ele>715.3</ele>
		</trkpt>
		<trkpt lat="46.341605905" lon="8.025650159">
			<ele>710</ele>
		</trkpt>
		<trkpt lat="46.340661516" lon="8.025446143">
			<ele>707.3</ele>
		</trkpt>
		<trkpt lat="46.340373765" lon="8.025313122">
			<ele>705.5</ele>
		</trkpt>
		<trkpt lat="46.340140413" lon="8.025147747">
			<ele>704.7</ele>
		</trkpt>
		<trkpt lat="46.339815279" lon="8.024777183">
			<ele>703.3</ele>
		</trkpt>
		<trkpt lat="46.339549237" lon="8.024302097">
			<ele>706</ele>
		</trkpt>
		<trkpt lat="46.338424721" lon="8.021102306">
			<ele>702.4</ele>
		</trkpt>
		<trkpt lat="46.338145436" lon="8.020421024">
			<ele>704.3</ele>
		</trkpt>
		<trkpt lat="46.337974697" lon="8.020297475">
			<ele>702.4</ele>
		</trkpt>
		<trkpt lat="46.337396513" lon="8.019421231">
			<ele>699.5</ele>
		</trkpt>
		<trkpt lat="46.337023183" lon="8.018980175">
			<ele>698.4</ele>
		</trkpt>
		<trkpt lat="46.336794357" lon="8.018486984">
			<ele>699</ele>
		</trkpt>
		<trkpt lat="46.336533596" lon="8.018092448">
			<ele>697.6</ele>
		</trkpt>
		<trkpt lat="46.33570932" lon="8.017032137">
			<ele>695.7</ele>
		</trkpt>
		<trkpt lat="46.335482589" lon="8.016853351">
			<ele>695.2</ele>
		</trkpt>
		<trkpt lat="46.335389801" lon="8.016686384">
			<ele>695</ele>
		</trkpt>
		<trkpt lat="46.335370355" lon="8.016585801">
			<ele>695</ele>
		</trkpt>
		<trkpt lat="46.335416037" lon="8.016497875">
			<ele>695</ele>
		</trkpt>
		<trkpt lat="46.335516033" lon="8.016368542">
			<ele>697.1</ele>
		</trkpt>
		<trkpt lat="46.335638493" lon="8.016301738">
			<ele>697.1</ele>
		</trkpt>
		<trkpt lat="46.335614939" lon="8.016259996">
			<ele>697.1</ele>
		</trkpt>
		<trkpt lat="46.335417043" lon="8.016362423">
			<ele>695.7</ele>
		</trkpt>
		<trkpt lat="46.334606177" lon="8.015295491">
			<ele>693.7</ele>
		</trkpt>
		<trkpt lat="46.334167469" lon="8.014771873">
			<ele>691.7</ele>
		</trkpt>
		<trkpt lat="46.333579478" lon="8.014228642">
			<ele>690.7</ele>
		</trkpt>
		<trkpt lat="46.333195755" lon="8.013961595">
			<ele>689.9</ele>
		</trkpt>
		<trkpt lat="46.332645566" lon="8.013706701">
			<ele>688.6</ele>
		</trkpt>
		<trkpt lat="46.331089215" lon="8.013103288">
			<ele>689.9</ele>
		</trkpt>
		<trkpt lat="46.330091265" lon="8.012423432">
			<ele>699.3</ele>
		</trkpt>
		<trkpt lat="46.330119931" lon="8.012398453">
			<ele>702.8</ele>
		</trkpt>
		<trkpt lat="46.33027047" lon="8.012435082">
			<ele>699.2</ele>
		</trkpt>
		<trkpt lat="46.330292682" lon="8.012478836">
			<ele>699.2</ele>
		</trkpt>
		<trkpt lat="46.330231662" lon="8.012577239">
			<ele>699.3</ele>
		</trkpt>
		<trkpt lat="46.330087158" lon="8.01265779">
			<ele>699.3</ele>
		</trkpt>
		<trkpt lat="46.32930345" lon="8.012559721">
			<ele>691</ele>
		</trkpt>
		<trkpt lat="46.329007737" lon="8.01242318">
			<ele>689.1</ele>
		</trkpt>
		<trkpt lat="46.328162925" lon="8.011873914">
			<ele>682.4</ele>
		</trkpt>
		<trkpt lat="46.327821781" lon="8.011601502">
			<ele>682.8</ele>
		</trkpt>
		<trkpt lat="46.327157515" lon="8.010929693">
			<ele>682.1</ele>
		</trkpt>
		<trkpt lat="46.326340028" lon="8.009734098">
			<ele>683.5</ele>
		</trkpt>
		<trkpt lat="46.325928477" lon="8.008755762">
			<ele>682.7</ele>
		</trkpt>
		<trkpt lat="46.325784895" lon="8.008197611">
			<ele>681.8</ele>
		</trkpt>
		<trkpt lat="46.325689173" lon="8.007585062">
			<ele>679.2</ele>
		</trkpt>
		<trkpt lat="46.325462778" lon="8.005497297">
			<ele>677.8</ele>
		</trkpt>
		<trkpt lat="46.325275443" lon="8.004177734">
			<ele>676.4</ele>
		</trkpt>
		<trkpt lat="46.325094897" lon="8.003152041">
			<ele>676.2</ele>
		</trkpt>
		<trkpt lat="46.324719387" lon="8.001361666">
			<ele>675.4</ele>
		</trkpt>
		<trkpt lat="46.324326025" lon="8.000053754">
			<ele>677</ele>
		</trkpt>
		<trkpt lat="46.32143804" lon="7.991198273">
			<ele>674</ele>
		</trkpt>
		<trkpt lat="46.321200581" lon="7.989988094">
			<ele>674.7</ele>
		</trkpt>
		<trkpt lat="46.321096813" lon="7.989236573">
			<ele>674.7</ele>
		</trkpt>
		<trkpt lat="46.320801434" lon="7.986249598">
			<ele>674.3</ele>
		</trkpt>
		<trkpt lat="46.320769583" lon="7.98581399">
			<ele>673.8</ele>
		</trkpt>
		<trkpt lat="46.320833453" lon="7.985784654">
			<ele>674.1</ele>
		</trkpt>
	</trkseg>
</trk>
<trk>
	<name>03: Brig – Sierre (Developed + Signed)</name>
	<desc>Developed + Signed</desc>
	<trkseg>
		<trkpt lat="46.320833453" lon="7.985784654">
			<ele>674.1</ele>
		</trkpt>
		<trkpt lat="46.320651817" lon="7.984459642">
			<ele>672.3</ele>
		</trkpt>
		<trkpt lat="46.320436989" lon="7.983447947">
			<ele>676.2</ele>
		</trkpt>
		<trkpt lat="46.320269854" lon="7.983049219">
			<ele>675.2</ele>
		</trkpt>
		<trkpt lat="46.320286702" lon="7.982944781">
			<ele>675.9</ele>
		</trkpt>
		<trkpt lat="46.319926783" lon="7.982408255">
			<ele>672.9</ele>
		</trkpt>
		<trkpt lat="46.319794935" lon="7.982114805">
			<ele>671.8</ele>
		</trkpt>
		<trkpt lat="46.319713715" lon="7.981824707">
			<ele>671.9</ele>
		</trkpt>
		<trkpt lat="46.319367039" lon="7.981318608">
			<ele>670.6</ele>
		</trkpt>
		<trkpt lat="46.319174926" lon="7.980822399">
			<ele>669.6</ele>
		</trkpt>
		<trkpt lat="46.317146673" lon="7.97432919">
			<ele>674.5</ele>
		</trkpt>
		<trkpt lat="46.316642669" lon="7.972861351">
			<ele>671.9</ele>
		</trkpt>
		<trkpt lat="46.315765503" lon="7.970416853">
			<ele>682.9</ele>
		</trkpt>
		<trkpt lat="46.315204167" lon="7.969010789">
			<ele>693</ele>
		</trkpt>
		<trkpt lat="46.314718268" lon="7.967370115">
			<ele>690.2</ele>
		</trkpt>
		<trkpt lat="46.31326602" lon="7.963335486">
			<ele>697</ele>
		</trkpt>
		<trkpt lat="46.312255916" lon="7.960957456">
			<ele>691.5</ele>
		</trkpt>
		<trkpt lat="46.310629827" lon="7.955558505">
			<ele>687.7</ele>
		</trkpt>
		<trkpt lat="46.310055583" lon="7.954134503">
			<ele>693.8</ele>
		</trkpt>
		<trkpt lat="46.309514447" lon="7.953009652">
			<ele>676</ele>
		</trkpt>
		<trkpt lat="46.30950397" lon="7.952931449">
			<ele>676</ele>
		</trkpt>
		<trkpt lat="46.309299368" lon="7.952667587">
			<ele>670.5</ele>
		</trkpt>
		<trkpt lat="46.308401582" lon="7.951192623">
			<ele>666</ele>
		</trkpt>
		<trkpt lat="46.307820968" lon="7.949857973">
			<ele>668.4</ele>
		</trkpt>
		<trkpt lat="46.307242616" lon="7.947985874">
			<ele>667.9</ele>
		</trkpt>
		<trkpt lat="46.305449643" lon="7.941753259">
			<ele>685.1</ele>
		</trkpt>
		<trkpt lat="46.304820414" lon="7.94034753">
			<ele>674.6</ele>
		</trkpt>
		<trkpt lat="46.301353994" lon="7.934874231">
			<ele>655.6</ele>
		</trkpt>
		<trkpt lat="46.300773882" lon="7.933909139">
			<ele>655.9</ele>
		</trkpt>
		<trkpt lat="46.300614626" lon="7.933593476">
			<ele>655.7</ele>
		</trkpt>
		<trkpt lat="46.300384711" lon="7.932928875">
			<ele>654.9</ele>
		</trkpt>
		<trkpt lat="46.299764701" lon="7.931444943">
			<ele>653.6</ele>
		</trkpt>
		<trkpt lat="46.299936949" lon="7.931285435">
			<ele>653.4</ele>
		</trkpt>
		<trkpt lat="46.300088913" lon="7.931209914">
			<ele>653.4</ele>
		</trkpt>
		<trkpt lat="46.301625651" lon="7.93069493">
			<ele>655.8</ele>
		</trkpt>
		<trkpt lat="46.301305714" lon="7.928778576">
			<ele>653.1</ele>
		</trkpt>
		<trkpt lat="46.300710096" lon="7.925654305">
			<ele>652.1</ele>
		</trkpt>
		<trkpt lat="46.300668773" lon="7.924866909">
			<ele>653</ele>
		</trkpt>
		<trkpt lat="46.300681011" lon="7.922840584">
			<ele>660.4</ele>
		</trkpt>
		<trkpt lat="46.300635665" lon="7.922170451">
			<ele>657.6</ele>
		</trkpt>
		<trkpt lat="46.300588726" lon="7.921890412">
			<ele>657.7</ele>
		</trkpt>
		<trkpt lat="46.300243308" lon="7.920090063">
			<ele>656</ele>
		</trkpt>
		<trkpt lat="46.300121854" lon="7.919623861">
			<ele>658.5</ele>
		</trkpt>
		<trkpt lat="46.299684151" lon="7.918460453">
			<ele>657.6</ele>
		</trkpt>
		<trkpt lat="46.299604272" lon="7.918324918">
			<ele>658.6</ele>
		</trkpt>
		<trkpt lat="46.299497151" lon="7.918263897">
			<ele>656.1</ele>
		</trkpt>
		<trkpt lat="46.299493044" lon="7.918134565">
			<ele>656.1</ele>
		</trkpt>
		<trkpt lat="46.299432694" lon="7.917937422">
			<ele>656.5</ele>
		</trkpt>
		<trkpt lat="46.299511065" lon="7.917419923">
			<ele>657</ele>
		</trkpt>
		<trkpt lat="46.299568313" lon="7.916693129">
			<ele>658.9</ele>
		</trkpt>
		<trkpt lat="46.299610307" lon="7.915288825">
			<ele>656.3</ele>
		</trkpt>
		<trkpt lat="46.299587089" lon="7.914204625">
			<ele>656.6</ele>
		</trkpt>
		<trkpt lat="46.299398077" lon="7.912898641">
			<ele>658.2</ele>
		</trkpt>
		<trkpt lat="46.29939288" lon="7.91249983">
			<ele>660.1</ele>
		</trkpt>
		<trkpt lat="46.299446608" lon="7.911927262">
			<ele>667.5</ele>
		</trkpt>
		<trkpt lat="46.297965861" lon="7.907553166">
			<ele>655.1</ele>
		</trkpt>
		<trkpt lat="46.297909032" lon="7.90717355">
			<ele>655.6</ele>
		</trkpt>
		<trkpt lat="46.298045824" lon="7.905508317">
			<ele>652.2</ele>
		</trkpt>
		<trkpt lat="46.298001652" lon="7.905252501">
			<ele>651.7</ele>
		</trkpt>
		<trkpt lat="46.298034341" lon="7.905159378">
			<ele>651.7</ele>
		</trkpt>
		<trkpt lat="46.298055631" lon="7.904861486">
			<ele>651</ele>
		</trkpt>
		<trkpt lat="46.297995617" lon="7.904627463">
			<ele>651</ele>
		</trkpt>
		<trkpt lat="46.29804859" lon="7.904479606">
			<ele>650.5</ele>
		</trkpt>
		<trkpt lat="46.298361152" lon="7.903985074">
			<ele>651.2</ele>
		</trkpt>
		<trkpt lat="46.298587295" lon="7.903403621">
			<ele>649.8</ele>
		</trkpt>
		<trkpt lat="46.298674635" lon="7.90326071">
			<ele>649.3</ele>
		</trkpt>
		<trkpt lat="46.298576818" lon="7.902409863">
			<ele>649.1</ele>
		</trkpt>
		<trkpt lat="46.298630462" lon="7.901294567">
			<ele>647.1</ele>
		</trkpt>
		<trkpt lat="46.300283206" lon="7.901614672">
			<ele>648</ele>
		</trkpt>
		<trkpt lat="46.30033794" lon="7.900841609">
			<ele>649</ele>
		</trkpt>
		<trkpt lat="46.300605825" lon="7.899730839">
			<ele>655.1</ele>
		</trkpt>
		<trkpt lat="46.300695596" lon="7.898835903">
			<ele>658.8</ele>
		</trkpt>
		<trkpt lat="46.300752006" lon="7.89854086">
			<ele>657.4</ele>
		</trkpt>
		<trkpt lat="46.300831382" lon="7.898467351">
			<ele>657.4</ele>
		</trkpt>
		<trkpt lat="46.300914782" lon="7.898272472">
			<ele>660.2</ele>
		</trkpt>
		<trkpt lat="46.301017125" lon="7.897737371">
			<ele>655</ele>
		</trkpt>
		<trkpt lat="46.301297584" lon="7.89698191">
			<ele>654.6</ele>
		</trkpt>
		<trkpt lat="46.301690192" lon="7.89628705">
			<ele>660.4</ele>
		</trkpt>
		<trkpt lat="46.301794882" lon="7.895857058">
			<ele>665.6</ele>
		</trkpt>
		<trkpt lat="46.301841318" lon="7.895184578">
			<ele>665.1</ele>
		</trkpt>
		<trkpt lat="46.301789015" lon="7.894410426">
			<ele>666.7</ele>
		</trkpt>
		<trkpt lat="46.301687761" lon="7.893781615">
			<ele>659.6</ele>
		</trkpt>
		<trkpt lat="46.301727743" lon="7.892567664">
			<ele>655.4</ele>
		</trkpt>
		<trkpt lat="46.301769066" lon="7.892138008">
			<ele>653.7</ele>
		</trkpt>
		<trkpt lat="46.301721038" lon="7.892024266">
			<ele>653.7</ele>
		</trkpt>
		<trkpt lat="46.301655491" lon="7.891974226">
			<ele>653.7</ele>
		</trkpt>
		<trkpt lat="46.30179857" lon="7.890559444">
			<ele>657.4</ele>
		</trkpt>
		<trkpt lat="46.302338868" lon="7.884040838">
			<ele>655.3</ele>
		</trkpt>
		<trkpt lat="46.30238874" lon="7.881678231">
			<ele>651.9</ele>
		</trkpt>
		<trkpt lat="46.302366276" lon="7.881561471">
			<ele>651.9</ele>
		</trkpt>
		<trkpt lat="46.302443306" lon="7.881476562">
			<ele>651.9</ele>
		</trkpt>
		<trkpt lat="46.302567861" lon="7.880646922">
			<ele>650</ele>
		</trkpt>
		<trkpt lat="46.302620248" lon="7.880457491">
			<ele>648.8</ele>
		</trkpt>
		<trkpt lat="46.302839435" lon="7.878736854">
			<ele>646.2</ele>
		</trkpt>
		<trkpt lat="46.302913279" lon="7.877444616">
			<ele>645.8</ele>
		</trkpt>
		<trkpt lat="46.302906742" lon="7.876873473">
			<ele>645.8</ele>
		</trkpt>
		<trkpt lat="46.303051078" lon="7.871959833">
			<ele>645.5</ele>
		</trkpt>
		<trkpt lat="46.303316449" lon="7.870876724">
			<ele>647</ele>
		</trkpt>
		<trkpt lat="46.30339088" lon="7.870709924">
			<ele>647</ele>
		</trkpt>
		<trkpt lat="46.303317539" lon="7.870523091">
			<ele>647</ele>
		</trkpt>
		<trkpt lat="46.303380738" lon="7.870316729">
			<ele>647.3</ele>
		</trkpt>
		<trkpt lat="46.303485763" lon="7.869734857">
			<ele>649</ele>
		</trkpt>
		<trkpt lat="46.303945846" lon="7.868625931">
			<ele>652.6</ele>
		</trkpt>
		<trkpt lat="46.304583709" lon="7.866721731">
			<ele>656.4</ele>
		</trkpt>
		<trkpt lat="46.304823683" lon="7.866152851">
			<ele>650.8</ele>
		</trkpt>
		<trkpt lat="46.305189301" lon="7.865511132">
			<ele>646</ele>
		</trkpt>
		<trkpt lat="46.3054364" lon="7.865178874">
			<ele>645.8</ele>
		</trkpt>
		<trkpt lat="46.305763797" lon="7.864825744">
			<ele>645.7</ele>
		</trkpt>
		<trkpt lat="46.30567981" lon="7.864740836">
			<ele>645.7</ele>
		</trkpt>
		<trkpt lat="46.30556523" lon="7.864861535">
			<ele>645.7</ele>
		</trkpt>
		<trkpt lat="46.305202712" lon="7.864191905">
			<ele>645.3</ele>
		</trkpt>
		<trkpt lat="46.303796564" lon="7.861083811">
			<ele>643.4</ele>
		</trkpt>
		<trkpt lat="46.303715763" lon="7.860714002">
			<ele>643.2</ele>
		</trkpt>
		<trkpt lat="46.303548712" lon="7.858601343">
			<ele>641.4</ele>
		</trkpt>
		<trkpt lat="46.302898946" lon="7.858180488">
			<ele>642.3</ele>
		</trkpt>
		<trkpt lat="46.302800291" lon="7.858338151">
			<ele>642.3</ele>
		</trkpt>
		<trkpt lat="46.302660984" lon="7.85877401">
			<ele>642.6</ele>
		</trkpt>
		<trkpt lat="46.302583871" lon="7.858843496">
			<ele>642.8</ele>
		</trkpt>
		<trkpt lat="46.302237195" lon="7.858578125">
			<ele>642.7</ele>
		</trkpt>
		<trkpt lat="46.302082633" lon="7.858330607">
			<ele>642.3</ele>
		</trkpt>
		<trkpt lat="46.302045082" lon="7.858117623">
			<ele>642</ele>
		</trkpt>
		<trkpt lat="46.302051117" lon="7.85766894">
			<ele>641.5</ele>
		</trkpt>
		<trkpt lat="46.3020051" lon="7.857442461">
			<ele>641.2</ele>
		</trkpt>
		<trkpt lat="46.302178103" lon="7.857298376">
			<ele>641.4</ele>
		</trkpt>
		<trkpt lat="46.30232839" lon="7.857042309">
			<ele>641.2</ele>
		</trkpt>
		<trkpt lat="46.302594599" lon="7.856297242">
			<ele>641.5</ele>
		</trkpt>
		<trkpt lat="46.302669869" lon="7.855961211">
			<ele>641.3</ele>
		</trkpt>
		<trkpt lat="46.302880171" lon="7.855309267">
			<ele>640.9</ele>
		</trkpt>
		<trkpt lat="46.302876986" lon="7.854902074">
			<ele>640.7</ele>
		</trkpt>
		<trkpt lat="46.302801549" lon="7.854046449">
			<ele>641.1</ele>
		</trkpt>
		<trkpt lat="46.301992695" lon="7.854103027">
			<ele>642.5</ele>
		</trkpt>
		<trkpt lat="46.301864117" lon="7.85359785">
			<ele>642.3</ele>
		</trkpt>
		<trkpt lat="46.301488775" lon="7.85275396">
			<ele>641.4</ele>
		</trkpt>
		<trkpt lat="46.300357218" lon="7.851734636">
			<ele>640.4</ele>
		</trkpt>
		<trkpt lat="46.299694629" lon="7.851069868">
			<ele>640.1</ele>
		</trkpt>
		<trkpt lat="46.298998092" lon="7.850249447">
			<ele>640.1</ele>
		</trkpt>
		<trkpt lat="46.298325612" lon="7.849539164">
			<ele>636.8</ele>
		</trkpt>
		<trkpt lat="46.299044612" lon="7.839738037">
			<ele>636.1</ele>
		</trkpt>
		<trkpt lat="46.299645008" lon="7.832091395">
			<ele>636.4</ele>
		</trkpt>
		<trkpt lat="46.299695802" lon="7.831923841">
			<ele>636.4</ele>
		</trkpt>
		<trkpt lat="46.299806359" lon="7.831898611">
			<ele>636.6</ele>
		</trkpt>
		<trkpt lat="46.301204042" lon="7.832127269">
			<ele>637.1</ele>
		</trkpt>
		<trkpt lat="46.301508472" lon="7.82657451">
			<ele>634.9</ele>
		</trkpt>
		<trkpt lat="46.301750542" lon="7.824285831">
			<ele>635</ele>
		</trkpt>
		<trkpt lat="46.304984112" lon="7.825239105">
			<ele>634.3</ele>
		</trkpt>
		<trkpt lat="46.306736098" lon="7.825335832">
			<ele>636.8</ele>
		</trkpt>
		<trkpt lat="46.306901473" lon="7.825413952">
			<ele>636.8</ele>
		</trkpt>
		<trkpt lat="46.307275641" lon="7.825699607">
			<ele>637</ele>
		</trkpt>
		<trkpt lat="46.30778459" lon="7.825970342">
			<ele>637.6</ele>
		</trkpt>
		<trkpt lat="46.307958515" lon="7.826114343">
			<ele>638</ele>
		</trkpt>
		<trkpt lat="46.308021379" lon="7.826340152">
			<ele>638.4</ele>
		</trkpt>
		<trkpt lat="46.308047028" lon="7.827217318">
			<ele>638.9</ele>
		</trkpt>
		<trkpt lat="46.308109305" lon="7.827381771">
			<ele>638.8</ele>
		</trkpt>
		<trkpt lat="46.308166218" lon="7.827409767">
			<ele>639.1</ele>
		</trkpt>
		<trkpt lat="46.308794693" lon="7.827390991">
			<ele>641.6</ele>
		</trkpt>
		<trkpt lat="46.308092541" lon="7.819691291">
			<ele>636.7</ele>
		</trkpt>
		<trkpt lat="46.307347055" lon="7.810607152">
			<ele>641.7</ele>
		</trkpt>
		<trkpt lat="46.307252172" lon="7.806443023">
			<ele>635</ele>
		</trkpt>
		<trkpt lat="46.307229708" lon="7.800368154">
			<ele>633.9</ele>
		</trkpt>
		<trkpt lat="46.311134334" lon="7.799924836">
			<ele>639.6</ele>
		</trkpt>
		<trkpt lat="46.311305241" lon="7.799858451">
			<ele>640.4</ele>
		</trkpt>
		<trkpt lat="46.311178842" lon="7.799243219">
			<ele>639.1</ele>
		</trkpt>
		<trkpt lat="46.311063088" lon="7.796854712">
			<ele>641</ele>
		</trkpt>
		<trkpt lat="46.311075996" lon="7.79654433">
			<ele>641.7</ele>
		</trkpt>
		<trkpt lat="46.31123718" lon="7.795936977">
			<ele>645.1</ele>
		</trkpt>
		<trkpt lat="46.311245897" lon="7.795797">
			<ele>645.1</ele>
		</trkpt>
		<trkpt lat="46.310982705" lon="7.794334106">
			<ele>648.4</ele>
		</trkpt>
		<trkpt lat="46.310939706" lon="7.793965722">
			<ele>649.8</ele>
		</trkpt>
		<trkpt lat="46.310922607" lon="7.792337956">
			<ele>646.7</ele>
		</trkpt>
		<trkpt lat="46.310957057" lon="7.792178197">
			<ele>644.9</ele>
		</trkpt>
		<trkpt lat="46.311310941" lon="7.791435476">
			<ele>651.6</ele>
		</trkpt>
		<trkpt lat="46.311358131" lon="7.791270437">
			<ele>648.9</ele>
		</trkpt>
		<trkpt lat="46.310904754" lon="7.791116042">
			<ele>636.2</ele>
		</trkpt>
		<trkpt lat="46.310585235" lon="7.790840864">
			<ele>634</ele>
		</trkpt>
		<trkpt lat="46.311068452" lon="7.789633367">
			<ele>634.6</ele>
		</trkpt>
		<trkpt lat="46.311245981" lon="7.789104637">
			<ele>634.2</ele>
		</trkpt>
		<trkpt lat="46.311412781" lon="7.788410699">
			<ele>633.6</ele>
		</trkpt>
		<trkpt lat="46.311535576" lon="7.787711313">
			<ele>633.3</ele>
		</trkpt>
		<trkpt lat="46.311629201" lon="7.786563328">
			<ele>632.6</ele>
		</trkpt>
		<trkpt lat="46.311854088" lon="7.781220786">
			<ele>633.5</ele>
		</trkpt>
		<trkpt lat="46.306793095" lon="7.778550731">
			<ele>631.3</ele>
		</trkpt>
		<trkpt lat="46.307568756" lon="7.77283377">
			<ele>634.1</ele>
		</trkpt>
		<trkpt lat="46.30895923" lon="7.762174504">
			<ele>631.1</ele>
		</trkpt>
		<trkpt lat="46.309119408" lon="7.761188792">
			<ele>628.9</ele>
		</trkpt>
		<trkpt lat="46.309418223" lon="7.758579757">
			<ele>630</ele>
		</trkpt>
		<trkpt lat="46.30947631" lon="7.757293135">
			<ele>632.4</ele>
		</trkpt>
		<trkpt lat="46.309415625" lon="7.756174738">
			<ele>630.8</ele>
		</trkpt>
		<trkpt lat="46.309285621" lon="7.75525298">
			<ele>629.9</ele>
		</trkpt>
		<trkpt lat="46.309255363" lon="7.75458511">
			<ele>630.1</ele>
		</trkpt>
		<trkpt lat="46.30896099" lon="7.753844652">
			<ele>629.8</ele>
		</trkpt>
		<trkpt lat="46.308750269" lon="7.753025573">
			<ele>628.5</ele>
		</trkpt>
		<trkpt lat="46.307232977" lon="7.746262215">
			<ele>628.4</ele>
		</trkpt>
		<trkpt lat="46.307012198" lon="7.745024459">
			<ele>628</ele>
		</trkpt>
		<trkpt lat="46.306787479" lon="7.744020391">
			<ele>628.6</ele>
		</trkpt>
		<trkpt lat="46.306795861" lon="7.743925089">
			<ele>628.6</ele>
		</trkpt>
		<trkpt lat="46.306939024" lon="7.743808413">
			<ele>628.5</ele>
		</trkpt>
		<trkpt lat="46.306855708" lon="7.743553519">
			<ele>628.3</ele>
		</trkpt>
		<trkpt lat="46.306922847" lon="7.743260236">
			<ele>628.3</ele>
		</trkpt>
		<trkpt lat="46.306661918" lon="7.743015401">
			<ele>628.3</ele>
		</trkpt>
		<trkpt lat="46.306566616" lon="7.742586415">
			<ele>628</ele>
		</trkpt>
		<trkpt lat="46.30645237" lon="7.741258638">
			<ele>627.1</ele>
		</trkpt>
		<trkpt lat="46.306439881" lon="7.740592193">
			<ele>627.5</ele>
		</trkpt>
		<trkpt lat="46.306465865" lon="7.739700694">
			<ele>627.4</ele>
		</trkpt>
		<trkpt lat="46.306796699" lon="7.73707984">
			<ele>626.2</ele>
		</trkpt>
		<trkpt lat="46.306958051" lon="7.73633536">
			<ele>626</ele>
		</trkpt>
		<trkpt lat="46.307534474" lon="7.732599294">
			<ele>624.9</ele>
		</trkpt>
		<trkpt lat="46.308374592" lon="7.726342203">
			<ele>623.5</ele>
		</trkpt>
		<trkpt lat="46.308887481" lon="7.722848374">
			<ele>623.3</ele>
		</trkpt>
		<trkpt lat="46.309723157" lon="7.716675857">
			<ele>623.3</ele>
		</trkpt>
		<trkpt lat="46.309807143" lon="7.715679752">
			<ele>623.8</ele>
		</trkpt>
		<trkpt lat="46.309901775" lon="7.715087654">
			<ele>623.7</ele>
		</trkpt>
		<trkpt lat="46.309993054" lon="7.714816835">
			<ele>623.7</ele>
		</trkpt>
		<trkpt lat="46.310357667" lon="7.711692732">
			<ele>623.4</ele>
		</trkpt>
		<trkpt lat="46.310459591" lon="7.710482804">
			<ele>622</ele>
		</trkpt>
		<trkpt lat="46.310575261" lon="7.708419599">
			<ele>622.3</ele>
		</trkpt>
		<trkpt lat="46.310611219" lon="7.705689697">
			<ele>622.3</ele>
		</trkpt>
		<trkpt lat="46.310517007" lon="7.702840436">
			<ele>622.6</ele>
		</trkpt>
		<trkpt lat="46.310413909" lon="7.701392211">
			<ele>623.2</ele>
		</trkpt>
		<trkpt lat="46.310324474" lon="7.700770777">
			<ele>622.2</ele>
		</trkpt>
		<trkpt lat="46.310220958" lon="7.699030275">
			<ele>622.8</ele>
		</trkpt>
		<trkpt lat="46.310227915" lon="7.698084041">
			<ele>622.2</ele>
		</trkpt>
		<trkpt lat="46.310278709" lon="7.696931614">
			<ele>621.2</ele>
		</trkpt>
		<trkpt lat="46.31015868" lon="7.69608479">
			<ele>620.6</ele>
		</trkpt>
		<trkpt lat="46.309833211" lon="7.694738572">
			<ele>619.3</ele>
		</trkpt>
		<trkpt lat="46.309539006" lon="7.693801308">
			<ele>620.5</ele>
		</trkpt>
		<trkpt lat="46.309213621" lon="7.692961777">
			<ele>620</ele>
		</trkpt>
		<trkpt lat="46.30887231" lon="7.69180784">
			<ele>619.7</ele>
		</trkpt>
		<trkpt lat="46.307057879" lon="7.682387419">
			<ele>618.1</ele>
		</trkpt>
		<trkpt lat="46.306755879" lon="7.680591596">
			<ele>616.8</ele>
		</trkpt>
		<trkpt lat="46.30647366" lon="7.678182973">
			<ele>619</ele>
		</trkpt>
		<trkpt lat="46.306309794" lon="7.675393391">
			<ele>618</ele>
		</trkpt>
		<trkpt lat="46.306295796" lon="7.674115738">
			<ele>620.7</ele>
		</trkpt>
		<trkpt lat="46.306326139" lon="7.672678577">
			<ele>622.8</ele>
		</trkpt>
		<trkpt lat="46.306497549" lon="7.670354275">
			<ele>624</ele>
		</trkpt>
		<trkpt lat="46.304352033" lon="7.670093933">
			<ele>618.5</ele>
		</trkpt>
		<trkpt lat="46.30417727" lon="7.670029644">
			<ele>618.6</ele>
		</trkpt>
		<trkpt lat="46.304113233" lon="7.669919506">
			<ele>618.6</ele>
		</trkpt>
		<trkpt lat="46.304074424" lon="7.669694452">
			<ele>618.7</ele>
		</trkpt>
		<trkpt lat="46.303996138" lon="7.668395927">
			<ele>619.2</ele>
		</trkpt>
		<trkpt lat="46.303847862" lon="7.666971842">
			<ele>619.4</ele>
		</trkpt>
		<trkpt lat="46.303875019" lon="7.666460294">
			<ele>619.2</ele>
		</trkpt>
		<trkpt lat="46.30400125" lon="7.665859815">
			<ele>619.1</ele>
		</trkpt>
		<trkpt lat="46.304042573" lon="7.665406605">
			<ele>619.7</ele>
		</trkpt>
		<trkpt lat="46.303751554" lon="7.661937671">
			<ele>616.2</ele>
		</trkpt>
		<trkpt lat="46.303773766" lon="7.661698619">
			<ele>616.3</ele>
		</trkpt>
		<trkpt lat="46.303845012" lon="7.661424614">
			<ele>616.5</ele>
		</trkpt>
		<trkpt lat="46.303947355" lon="7.661204506">
			<ele>616.8</ele>
		</trkpt>
		<trkpt lat="46.30411558" lon="7.661015075">
			<ele>616.6</ele>
		</trkpt>
		<trkpt lat="46.304390758" lon="7.660892531">
			<ele>616.7</ele>
		</trkpt>
		<trkpt lat="46.305385689" lon="7.660855399">
			<ele>617.1</ele>
		</trkpt>
		<trkpt lat="46.30571074" lon="7.660779459">
			<ele>617.8</ele>
		</trkpt>
		<trkpt lat="46.306036125" lon="7.660516351">
			<ele>618.3</ele>
		</trkpt>
		<trkpt lat="46.306511966" lon="7.659873543">
			<ele>618.5</ele>
		</trkpt>
		<trkpt lat="46.306186077" lon="7.659169883">
			<ele>618.3</ele>
		</trkpt>
		<trkpt lat="46.305833702" lon="7.65862246">
			<ele>620.3</ele>
		</trkpt>
		<trkpt lat="46.304902892" lon="7.656872319">
			<ele>627.5</ele>
		</trkpt>
		<trkpt lat="46.304426045" lon="7.656047959">
			<ele>630.4</ele>
		</trkpt>
		<trkpt lat="46.304831562" lon="7.655579075">
			<ele>629.7</ele>
		</trkpt>
		<trkpt lat="46.305053515" lon="7.65524338">
			<ele>629.2</ele>
		</trkpt>
		<trkpt lat="46.305089473" lon="7.655126704">
			<ele>629.2</ele>
		</trkpt>
		<trkpt lat="46.305353" lon="7.654846162">
			<ele>628.2</ele>
		</trkpt>
		<trkpt lat="46.305853651" lon="7.654405106">
			<ele>627.5</ele>
		</trkpt>
		<trkpt lat="46.306606765" lon="7.653872352">
			<ele>625.5</ele>
		</trkpt>
		<trkpt lat="46.30674515" lon="7.653728602">
			<ele>625.1</ele>
		</trkpt>
		<trkpt lat="46.30660534" lon="7.653393243">
			<ele>626.8</ele>
		</trkpt>
		<trkpt lat="46.306730566" lon="7.653258042">
			<ele>626.5</ele>
		</trkpt>
		<trkpt lat="46.307272791" lon="7.652900554">
			<ele>627.5</ele>
		</trkpt>
		<trkpt lat="46.308184072" lon="7.6518068">
			<ele>624.7</ele>
		</trkpt>
		<trkpt lat="46.308598557" lon="7.651176732">
			<ele>624.3</ele>
		</trkpt>
		<trkpt lat="46.308699056" lon="7.650807593">
			<ele>624.1</ele>
		</trkpt>
		<trkpt lat="46.308924697" lon="7.65064314">
			<ele>623.8</ele>
		</trkpt>
		<trkpt lat="46.30914162" lon="7.650278863">
			<ele>623.4</ele>
		</trkpt>
		<trkpt lat="46.309571696" lon="7.649385938">
			<ele>624.1</ele>
		</trkpt>
		<trkpt lat="46.310211989" lon="7.647940479">
			<ele>624.7</ele>
		</trkpt>
		<trkpt lat="46.310374682" lon="7.647482576">
			<ele>625.3</ele>
		</trkpt>
		<trkpt lat="46.310508876" lon="7.646979913">
			<ele>626.3</ele>
		</trkpt>
		<trkpt lat="46.310619853" lon="7.646372141">
			<ele>627.2</ele>
		</trkpt>
		<trkpt lat="46.310664361" lon="7.64591231">
			<ele>627.8</ele>
		</trkpt>
		<trkpt lat="46.310771146" lon="7.643392039">
			<ele>632.1</ele>
		</trkpt>
		<trkpt lat="46.310812217" lon="7.643240327">
			<ele>632.1</ele>
		</trkpt>
		<trkpt lat="46.310965271" lon="7.643297659">
			<ele>630.7</ele>
		</trkpt>
		<trkpt lat="46.310989914" lon="7.643238902">
			<ele>630.7</ele>
		</trkpt>
		<trkpt lat="46.311034757" lon="7.643225826">
			<ele>630.7</ele>
		</trkpt>
		<trkpt lat="46.311109943" lon="7.642977387">
			<ele>629.2</ele>
		</trkpt>
		<trkpt lat="46.311611767" lon="7.641771901">
			<ele>627.5</ele>
		</trkpt>
		<trkpt lat="46.31178544" lon="7.641119957">
			<ele>625.7</ele>
		</trkpt>
		<trkpt lat="46.311997838" lon="7.63981699">
			<ele>621.4</ele>
		</trkpt>
		<trkpt lat="46.311941595" lon="7.639732165">
			<ele>621.4</ele>
		</trkpt>
		<trkpt lat="46.311967244" lon="7.639608784">
			<ele>620.9</ele>
		</trkpt>
		<trkpt lat="46.311901529" lon="7.639427064">
			<ele>620.6</ele>
		</trkpt>
		<trkpt lat="46.31185568" lon="7.639102349">
			<ele>620.4</ele>
		</trkpt>
		<trkpt lat="46.31183481" lon="7.638864471">
			<ele>621.1</ele>
		</trkpt>
		<trkpt lat="46.311883844" lon="7.638824992">
			<ele>620.1</ele>
		</trkpt>
		<trkpt lat="46.311892309" lon="7.638744693">
			<ele>620.1</ele>
		</trkpt>
		<trkpt lat="46.311843191" lon="7.638681997">
			<ele>620.1</ele>
		</trkpt>
		<trkpt lat="46.31178435" lon="7.638710244">
			<ele>621.1</ele>
		</trkpt>
		<trkpt lat="46.311706986" lon="7.638516203">
			<ele>620.6</ele>
		</trkpt>
		<trkpt lat="46.311059484" lon="7.635723101">
			<ele>622.9</ele>
		</trkpt>
		<trkpt lat="46.31098061" lon="7.63508616">
			<ele>622.5</ele>
		</trkpt>
		<trkpt lat="46.310869801" lon="7.633424951">
			<ele>622.8</ele>
		</trkpt>
		<trkpt lat="46.31075564" lon="7.632667813">
			<ele>622.7</ele>
		</trkpt>
		<trkpt lat="46.310554641" lon="7.631855691">
			<ele>625.8</ele>
		</trkpt>
		<trkpt lat="46.310049297" lon="7.630186351">
			<ele>629.1</ele>
		</trkpt>
		<trkpt lat="46.309909989" lon="7.629541866">
			<ele>631.6</ele>
		</trkpt>
		<trkpt lat="46.309824075" lon="7.628966281">
			<ele>631</ele>
		</trkpt>
		<trkpt lat="46.309756349" lon="7.628184669">
			<ele>633.4</ele>
		</trkpt>
		<trkpt lat="46.309744782" lon="7.627572119">
			<ele>632.7</ele>
		</trkpt>
		<trkpt lat="46.309866236" lon="7.625362314">
			<ele>626.1</ele>
		</trkpt>
		<trkpt lat="46.309921975" lon="7.623575209">
			<ele>622.6</ele>
		</trkpt>
		<trkpt lat="46.309887861" lon="7.620816724">
			<ele>609.2</ele>
		</trkpt>
		<trkpt lat="46.309822566" lon="7.619956154">
			<ele>602.6</ele>
		</trkpt>
		<trkpt lat="46.309741429" lon="7.619377133">
			<ele>601.1</ele>
		</trkpt>
		<trkpt lat="46.309580748" lon="7.618610691">
			<ele>599.7</ele>
		</trkpt>
		<trkpt lat="46.309436412" lon="7.61808305">
			<ele>596.9</ele>
		</trkpt>
		<trkpt lat="46.309122426" lon="7.617204459">
			<ele>600.9</ele>
		</trkpt>
		<trkpt lat="46.306728638" lon="7.611319525">
			<ele>594.4</ele>
		</trkpt>
		<trkpt lat="46.306218599" lon="7.61030565">
			<ele>596.6</ele>
		</trkpt>
		<trkpt lat="46.305748458" lon="7.609601822">
			<ele>593.8</ele>
		</trkpt>
		<trkpt lat="46.304150951" lon="7.607498551">
			<ele>594.8</ele>
		</trkpt>
		<trkpt lat="46.30382565" lon="7.606997816">
			<ele>589.2</ele>
		</trkpt>
		<trkpt lat="46.302898108" lon="7.605123958">
			<ele>572.8</ele>
		</trkpt>
		<trkpt lat="46.302381532" lon="7.604279313">
			<ele>570.2</ele>
		</trkpt>
		<trkpt lat="46.301893872" lon="7.603671877">
			<ele>569.3</ele>
		</trkpt>
		<trkpt lat="46.30065444" lon="7.602417944">
			<ele>566.2</ele>
		</trkpt>
		<trkpt lat="46.300098972" lon="7.601774298">
			<ele>565.3</ele>
		</trkpt>
		<trkpt lat="46.298631719" lon="7.599685611">
			<ele>562.8</ele>
		</trkpt>
		<trkpt lat="46.29830055" lon="7.599067194">
			<ele>565.3</ele>
		</trkpt>
		<trkpt lat="46.298049512" lon="7.59848021">
			<ele>568.2</ele>
		</trkpt>
		<trkpt lat="46.297801157" lon="7.597669344">
			<ele>566.3</ele>
		</trkpt>
		<trkpt lat="46.29762279" lon="7.5968304">
			<ele>563.5</ele>
		</trkpt>
		<trkpt lat="46.297090539" lon="7.593046725">
			<ele>565.4</ele>
		</trkpt>
		<trkpt lat="46.296999595" lon="7.592045171">
			<ele>564.5</ele>
		</trkpt>
		<trkpt lat="46.297037481" lon="7.590556126">
			<ele>563.2</ele>
		</trkpt>
		<trkpt lat="46.297023987" lon="7.589851627">
			<ele>565.8</ele>
		</trkpt>
		<trkpt lat="46.296952489" lon="7.589195827">
			<ele>565.9</ele>
		</trkpt>
		<trkpt lat="46.29681972" lon="7.588539021">
			<ele>566.7</ele>
		</trkpt>
		<trkpt lat="46.296576058" lon="7.587776687">
			<ele>568.9</ele>
		</trkpt>
		<trkpt lat="46.296242961" lon="7.58705182">
			<ele>574.4</ele>
		</trkpt>
		<trkpt lat="46.295818166" lon="7.586432733">
			<ele>580.5</ele>
		</trkpt>
		<trkpt lat="46.295057173" lon="7.585501587">
			<ele>580.3</ele>
		</trkpt>
		<trkpt lat="46.294800854" lon="7.585099004">
			<ele>579.7</ele>
		</trkpt>
		<trkpt lat="46.294470021" lon="7.584449574">
			<ele>580.2</ele>
		</trkpt>
		<trkpt lat="46.294232729" lon="7.583802827">
			<ele>582.9</ele>
		</trkpt>
		<trkpt lat="46.294075065" lon="7.583197569">
			<ele>586.6</ele>
		</trkpt>
		<trkpt lat="46.293996862" lon="7.582729692">
			<ele>588.2</ele>
		</trkpt>
		<trkpt lat="46.293870715" lon="7.581269061">
			<ele>586.3</ele>
		</trkpt>
		<trkpt lat="46.293737359" lon="7.580258539">
			<ele>587.1</ele>
		</trkpt>
		<trkpt lat="46.29329119" lon="7.578228358">
			<ele>584.8</ele>
		</trkpt>
		<trkpt lat="46.292794646" lon="7.576291971">
			<ele>583.7</ele>
		</trkpt>
		<trkpt lat="46.292420562" lon="7.575080534">
			<ele>576.7</ele>
		</trkpt>
		<trkpt lat="46.291876744" lon="7.573473472">
			<ele>569.4</ele>
		</trkpt>
		<trkpt lat="46.291611959" lon="7.572450126">
			<ele>564.4</ele>
		</trkpt>
		<trkpt lat="46.291431748" lon="7.571349582">
			<ele>568.3</ele>
		</trkpt>
		<trkpt lat="46.291157493" lon="7.568613477">
			<ele>581</ele>
		</trkpt>
		<trkpt lat="46.291017012" lon="7.567638159">
			<ele>578.3</ele>
		</trkpt>
		<trkpt lat="46.290710067" lon="7.56648791">
			<ele>577.9</ele>
		</trkpt>
		<trkpt lat="46.290184857" lon="7.564973133">
			<ele>570.7</ele>
		</trkpt>
		<trkpt lat="46.290007328" lon="7.564204596">
			<ele>567.6</ele>
		</trkpt>
		<trkpt lat="46.28996173" lon="7.563797822">
			<ele>566.6</ele>
		</trkpt>
		<trkpt lat="46.289963323" lon="7.562847482">
			<ele>561.7</ele>
		</trkpt>
		<trkpt lat="46.290022834" lon="7.562815715">
			<ele>561.7</ele>
		</trkpt>
		<trkpt lat="46.290129536" lon="7.562588062">
			<ele>560.2</ele>
		</trkpt>
		<trkpt lat="46.290184773" lon="7.561924718">
			<ele>557</ele>
		</trkpt>
		<trkpt lat="46.290059882" lon="7.561424905">
			<ele>555</ele>
		</trkpt>
		<trkpt lat="46.28995997" lon="7.561171353">
			<ele>555.1</ele>
		</trkpt>
		<trkpt lat="46.289968855" lon="7.560791066">
			<ele>555.9</ele>
		</trkpt>
		<trkpt lat="46.290058625" lon="7.560690148">
			<ele>559.5</ele>
		</trkpt>
		<trkpt lat="46.290395075" lon="7.560714539">
			<ele>560.6</ele>
		</trkpt>
		<trkpt lat="46.290782822" lon="7.560629882">
			<ele>563.5</ele>
		</trkpt>
		<trkpt lat="46.29124852" lon="7.56034473">
			<ele>569.2</ele>
		</trkpt>
		<trkpt lat="46.291634507" lon="7.559929574">
			<ele>571.1</ele>
		</trkpt>
		<trkpt lat="46.292367923" lon="7.558985353">
			<ele>560.4</ele>
		</trkpt>
		<trkpt lat="46.292493652" lon="7.558866749">
			<ele>559.2</ele>
		</trkpt>
		<trkpt lat="46.293127491" lon="7.557938704">
			<ele>549.1</ele>
		</trkpt>
		<trkpt lat="46.293310217" lon="7.557845498">
			<ele>550.7</ele>
		</trkpt>
		<trkpt lat="46.293519094" lon="7.557425313">
			<ele>545.7</ele>
		</trkpt>
		<trkpt lat="46.293364364" lon="7.557203108">
			<ele>540.1</ele>
		</trkpt>
		<trkpt lat="46.293685307" lon="7.556642694">
			<ele>539.6</ele>
		</trkpt>
		<trkpt lat="46.293656222" lon="7.556584189">
			<ele>539.6</ele>
		</trkpt>
		<trkpt lat="46.29390793" lon="7.556257378">
			<ele>538.6</ele>
		</trkpt>
		<trkpt lat="46.294292324" lon="7.555537708">
			<ele>534.6</ele>
		</trkpt>
		<trkpt lat="46.294582338" lon="7.555098329">
			<ele>533.9</ele>
		</trkpt>
		<trkpt lat="46.294685603" lon="7.554863552">
			<ele>533.1</ele>
		</trkpt>
		<trkpt lat="46.294731201" lon="7.554666661">
			<ele>532.5</ele>
		</trkpt>
		<trkpt lat="46.294749054" lon="7.554382682">
			<ele>532.1</ele>
		</trkpt>
		<trkpt lat="46.294762884" lon="7.553354558">
			<ele>535.2</ele>
		</trkpt>
		<trkpt lat="46.294737068" lon="7.553272834">
			<ele>535.2</ele>
		</trkpt>
		<trkpt lat="46.294830694" lon="7.552473452">
			<ele>536.6</ele>
		</trkpt>
		<trkpt lat="46.294917447" lon="7.552028457">
			<ele>535.3</ele>
		</trkpt>
		<trkpt lat="46.295774413" lon="7.549187075">
			<ele>536.8</ele>
		</trkpt>
		<trkpt lat="46.295809365" lon="7.549086493">
			<ele>537.5</ele>
		</trkpt>
		<trkpt lat="46.295883293" lon="7.54905263">
			<ele>537.4</ele>
		</trkpt>
		<trkpt lat="46.29585974" lon="7.54894861">
			<ele>537.4</ele>
		</trkpt>
		<trkpt lat="46.296817037" lon="7.546569491">
			<ele>545.8</ele>
		</trkpt>
		<trkpt lat="46.296881159" lon="7.546264725">
			<ele>546.1</ele>
		</trkpt>
		<trkpt lat="46.296854924" lon="7.546039168">
			<ele>546.7</ele>
		</trkpt>
		<trkpt lat="46.296690471" lon="7.545340033">
			<ele>549.5</ele>
		</trkpt>
		<trkpt lat="46.296699104" lon="7.545119086">
			<ele>549.5</ele>
		</trkpt>
		<trkpt lat="46.296750569" lon="7.545038285">
			<ele>549.6</ele>
		</trkpt>
		<trkpt lat="46.296330133" lon="7.543359892">
			<ele>556</ele>
		</trkpt>
		<trkpt lat="46.296262994" lon="7.542927051">
			<ele>557.5</ele>
		</trkpt>
		<trkpt lat="46.296338431" lon="7.542765196">
			<ele>557.5</ele>
		</trkpt>
		<trkpt lat="46.296623248" lon="7.542395806">
			<ele>554.8</ele>
		</trkpt>
		<trkpt lat="46.296782085" lon="7.542310646">
			<ele>553.6</ele>
		</trkpt>
		<trkpt lat="46.29657019" lon="7.540806681">
			<ele>555.4</ele>
		</trkpt>
		<trkpt lat="46.296474218" lon="7.540317178">
			<ele>553</ele>
		</trkpt>
		<trkpt lat="46.29637221" lon="7.53996673">
			<ele>548.6</ele>
		</trkpt>
		<trkpt lat="46.295766701" lon="7.538492521">
			<ele>540.8</ele>
		</trkpt>
		<trkpt lat="46.295677266" lon="7.538540466">
			<ele>540.8</ele>
		</trkpt>
		<trkpt lat="46.295617755" lon="7.538521439">
			<ele>540.6</ele>
		</trkpt>
		<trkpt lat="46.294748719" lon="7.537659528">
			<ele>540.8</ele>
		</trkpt>
		<trkpt lat="46.294516205" lon="7.537373789">
			<ele>539.4</ele>
		</trkpt>
		<trkpt lat="46.294262401" lon="7.536913287">
			<ele>539.5</ele>
		</trkpt>
		<trkpt lat="46.293998706" lon="7.536696363">
			<ele>539</ele>
		</trkpt>
		<trkpt lat="46.29387851" lon="7.536966931">
			<ele>537.3</ele>
		</trkpt>
		<trkpt lat="46.293696539" lon="7.537184441">
			<ele>537</ele>
		</trkpt>
		<trkpt lat="46.293581036" lon="7.537278654">
			<ele>537</ele>
		</trkpt>
		<trkpt lat="46.293420355" lon="7.537293825">
			<ele>537</ele>
		</trkpt>
		<trkpt lat="46.290983987" lon="7.53586052">
			<ele>527.4</ele>
		</trkpt>
	</trkseg>
</trk>
<trk>
	<name>04: Sierre – Martigny (Developed + Signed)</name>
	<desc>Developed + Signed</desc>
	<trkseg>
		<trkpt lat="46.290983987" lon="7.53586052">
			<ele>527.4</ele>
		</trkpt>
		<trkpt lat="46.289987714" lon="7.535093743">
			<ele>527.5</ele>
		</trkpt>
		<trkpt lat="46.289637937" lon="7.534956113">
			<ele>525.8</ele>
		</trkpt>
		<trkpt lat="46.28916151" lon="7.534961728">
			<ele>524</ele>
		</trkpt>
		<trkpt lat="46.289100238" lon="7.534882603">
			<ele>523.2</ele>
		</trkpt>
		<trkpt lat="46.289055144" lon="7.534916047">
			<ele>523.2</ele>
		</trkpt>
		<trkpt lat="46.289044499" lon="7.534988467">
			<ele>523.2</ele>
		</trkpt>
		<trkpt lat="46.288617776" lon="7.535316199">
			<ele>521.9</ele>
		</trkpt>
		<trkpt lat="46.287974633" lon="7.535972502">
			<ele>521.5</ele>
		</trkpt>
		<trkpt lat="46.287709094" lon="7.536112815">
			<ele>521.8</ele>
		</trkpt>
		<trkpt lat="46.287437772" lon="7.536122622">
			<ele>522.5</ele>
		</trkpt>
		<trkpt lat="46.286397829" lon="7.535926821">
			<ele>535.6</ele>
		</trkpt>
		<trkpt lat="46.285862309" lon="7.535900082">
			<ele>545.8</ele>
		</trkpt>
		<trkpt lat="46.285071979" lon="7.536048023">
			<ele>536.4</ele>
		</trkpt>
		<trkpt lat="46.284726561" lon="7.536241561">
			<ele>527.4</ele>
		</trkpt>
		<trkpt lat="46.284644921" lon="7.53620225">
			<ele>525.3</ele>
		</trkpt>
		<trkpt lat="46.284604437" lon="7.536299899">
			<ele>524.3</ele>
		</trkpt>
		<trkpt lat="46.28462908" lon="7.536364691">
			<ele>524.3</ele>
		</trkpt>
		<trkpt lat="46.284673252" lon="7.536385059">
			<ele>527.4</ele>
		</trkpt>
		<trkpt lat="46.284750533" lon="7.53764377">
			<ele>528</ele>
		</trkpt>
		<trkpt lat="46.284683981" lon="7.538922513">
			<ele>523.8</ele>
		</trkpt>
		<trkpt lat="46.284630505" lon="7.539335489">
			<ele>522.8</ele>
		</trkpt>
		<trkpt lat="46.284592535" lon="7.539384188">
			<ele>522.8</ele>
		</trkpt>
		<trkpt lat="46.28288841" lon="7.540279292">
			<ele>523</ele>
		</trkpt>
		<trkpt lat="46.281857352" lon="7.534701973">
			<ele>520</ele>
		</trkpt>
		<trkpt lat="46.280990328" lon="7.529796967">
			<ele>520.4</ele>
		</trkpt>
		<trkpt lat="46.28034006" lon="7.525836267">
			<ele>517.5</ele>
		</trkpt>
		<trkpt lat="46.278820505" lon="7.517030658">
			<ele>516.7</ele>
		</trkpt>
		<trkpt lat="46.2786874" lon="7.515692068">
			<ele>517.9</ele>
		</trkpt>
		<trkpt lat="46.278276351" lon="7.51388778">
			<ele>515.1</ele>
		</trkpt>
		<trkpt lat="46.277435311" lon="7.508997275">
			<ele>512.8</ele>
		</trkpt>
		<trkpt lat="46.277365322" lon="7.508434094">
			<ele>513.4</ele>
		</trkpt>
		<trkpt lat="46.276332001" lon="7.508802814">
			<ele>513.8</ele>
		</trkpt>
		<trkpt lat="46.276353208" lon="7.508366872">
			<ele>514.2</ele>
		</trkpt>
		<trkpt lat="46.276336444" lon="7.508098232">
			<ele>513.1</ele>
		</trkpt>
		<trkpt lat="46.275503031" lon="7.503232872">
			<ele>511.5</ele>
		</trkpt>
		<trkpt lat="46.274665511" lon="7.499401588">
			<ele>515.2</ele>
		</trkpt>
		<trkpt lat="46.274176176" lon="7.496552244">
			<ele>514</ele>
		</trkpt>
		<trkpt lat="46.273673597" lon="7.493176349">
			<ele>509.6</ele>
		</trkpt>
		<trkpt lat="46.273305883" lon="7.491326211">
			<ele>508.7</ele>
		</trkpt>
		<trkpt lat="46.27180393" lon="7.485868251">
			<ele>507.3</ele>
		</trkpt>
		<trkpt lat="46.271491285" lon="7.485188395">
			<ele>508.4</ele>
		</trkpt>
		<trkpt lat="46.27130705" lon="7.484628819">
			<ele>512</ele>
		</trkpt>
		<trkpt lat="46.267115847" lon="7.469805339">
			<ele>508.7</ele>
		</trkpt>
		<trkpt lat="46.266749307" lon="7.468396761">
			<ele>509.1</ele>
		</trkpt>
		<trkpt lat="46.265636777" lon="7.463132339">
			<ele>504.9</ele>
		</trkpt>
		<trkpt lat="46.265414572" lon="7.462252993">
			<ele>503.6</ele>
		</trkpt>
		<trkpt lat="46.265171413" lon="7.461697944">
			<ele>504.9</ele>
		</trkpt>
		<trkpt lat="46.265131516" lon="7.46131598">
			<ele>503.8</ele>
		</trkpt>
		<trkpt lat="46.26493672" lon="7.460467899">
			<ele>502.2</ele>
		</trkpt>
		<trkpt lat="46.264755252" lon="7.460097922">
			<ele>502.7</ele>
		</trkpt>
		<trkpt lat="46.264678641" lon="7.459756779">
			<ele>503.4</ele>
		</trkpt>
		<trkpt lat="46.264509578" lon="7.459293595">
			<ele>503.2</ele>
		</trkpt>
		<trkpt lat="46.263572398" lon="7.457092507">
			<ele>503.6</ele>
		</trkpt>
		<trkpt lat="46.262460622" lon="7.454920588">
			<ele>502.2</ele>
		</trkpt>
		<trkpt lat="46.261920911" lon="7.453978881">
			<ele>501.7</ele>
		</trkpt>
		<trkpt lat="46.255616547" lon="7.444343967">
			<ele>500.3</ele>
		</trkpt>
		<trkpt lat="46.253200631" lon="7.440806217">
			<ele>499.9</ele>
		</trkpt>
		<trkpt lat="46.242504233" lon="7.424556976">
			<ele>502</ele>
		</trkpt>
		<trkpt lat="46.241625055" lon="7.423190642">
			<ele>499.1</ele>
		</trkpt>
		<trkpt lat="46.24092701" lon="7.421945343">
			<ele>496.8</ele>
		</trkpt>
		<trkpt lat="46.240793738" lon="7.421780722">
			<ele>500.1</ele>
		</trkpt>
		<trkpt lat="46.240425856" lon="7.421055352">
			<ele>497.9</ele>
		</trkpt>
		<trkpt lat="46.240129472" lon="7.420307687">
			<ele>496.7</ele>
		</trkpt>
		<trkpt lat="46.239950854" lon="7.419721205">
			<ele>497.9</ele>
		</trkpt>
		<trkpt lat="46.239800734" lon="7.419083258">
			<ele>496.5</ele>
		</trkpt>
		<trkpt lat="46.239650614" lon="7.41812286">
			<ele>499.1</ele>
		</trkpt>
		<trkpt lat="46.239509127" lon="7.416887367">
			<ele>495.6</ele>
		</trkpt>
		<trkpt lat="46.239524382" lon="7.416131068">
			<ele>497.8</ele>
		</trkpt>
		<trkpt lat="46.239575428" lon="7.415432939">
			<ele>496.6</ele>
		</trkpt>
		<trkpt lat="46.239647848" lon="7.414818965">
			<ele>496.1</ele>
		</trkpt>
		<trkpt lat="46.239804757" lon="7.413999047">
			<ele>495</ele>
		</trkpt>
		<trkpt lat="46.24012109" lon="7.4128001">
			<ele>496.9</ele>
		</trkpt>
		<trkpt lat="46.240308928" lon="7.412222">
			<ele>496</ele>
		</trkpt>
		<trkpt lat="46.240534905" lon="7.411657646">
			<ele>494.8</ele>
		</trkpt>
		<trkpt lat="46.240748392" lon="7.411256488">
			<ele>494.5</ele>
		</trkpt>
		<trkpt lat="46.241545343" lon="7.410019403">
			<ele>493.6</ele>
		</trkpt>
		<trkpt lat="46.241841476" lon="7.409262937">
			<ele>493.7</ele>
		</trkpt>
		<trkpt lat="46.2426396" lon="7.407749668">
			<ele>493.6</ele>
		</trkpt>
		<trkpt lat="46.243639813" lon="7.40571144">
			<ele>494.5</ele>
		</trkpt>
		<trkpt lat="46.243757495" lon="7.405251693">
			<ele>495.2</ele>
		</trkpt>
		<trkpt lat="46.243997217" lon="7.403181279">
			<ele>496.3</ele>
		</trkpt>
		<trkpt lat="46.244307348" lon="7.398242913">
			<ele>495.4</ele>
		</trkpt>
		<trkpt lat="46.244316735" lon="7.39381752">
			<ele>494.6</ele>
		</trkpt>
		<trkpt lat="46.244442129" lon="7.392181121">
			<ele>492.3</ele>
		</trkpt>
		<trkpt lat="46.244539359" lon="7.388548153">
			<ele>491.9</ele>
		</trkpt>
		<trkpt lat="46.244469705" lon="7.387107471">
			<ele>491.9</ele>
		</trkpt>
		<trkpt lat="46.244247333" lon="7.384972181">
			<ele>490.6</ele>
		</trkpt>
		<trkpt lat="46.24415069" lon="7.384222588">
			<ele>492.8</ele>
		</trkpt>
		<trkpt lat="46.243932425" lon="7.383296555">
			<ele>492.5</ele>
		</trkpt>
		<trkpt lat="46.243848271" lon="7.383120619">
			<ele>496.6</ele>
		</trkpt>
		<trkpt lat="46.243591868" lon="7.382967565">
			<ele>498.4</ele>
		</trkpt>
		<trkpt lat="46.243662612" lon="7.38264503">
			<ele>496.6</ele>
		</trkpt>
		<trkpt lat="46.243606537" lon="7.382281506">
			<ele>494.9</ele>
		</trkpt>
		<trkpt lat="46.243399169" lon="7.381760236">
			<ele>492.6</ele>
		</trkpt>
		<trkpt lat="46.242760635" lon="7.380481409">
			<ele>490.7</ele>
		</trkpt>
		<trkpt lat="46.241329258" lon="7.378757587">
			<ele>493.1</ele>
		</trkpt>
		<trkpt lat="46.240158809" lon="7.377592586">
			<ele>490.9</ele>
		</trkpt>
		<trkpt lat="46.238450744" lon="7.375764074">
			<ele>489.5</ele>
		</trkpt>
		<trkpt lat="46.237121794" lon="7.374201519">
			<ele>488.3</ele>
		</trkpt>
		<trkpt lat="46.23599996" lon="7.372760586">
			<ele>492</ele>
		</trkpt>
		<trkpt lat="46.235812959" lon="7.372567048">
			<ele>491.6</ele>
		</trkpt>
		<trkpt lat="46.235052134" lon="7.371928263">
			<ele>491.6</ele>
		</trkpt>
		<trkpt lat="46.234470011" lon="7.37158603">
			<ele>490.9</ele>
		</trkpt>
		<trkpt lat="46.233500979" lon="7.371088229">
			<ele>490.3</ele>
		</trkpt>
		<trkpt lat="46.232464221" lon="7.370648012">
			<ele>488.9</ele>
		</trkpt>
		<trkpt lat="46.232583664" lon="7.369768247">
			<ele>488.1</ele>
		</trkpt>
		<trkpt lat="46.23227018" lon="7.369667245">
			<ele>489.2</ele>
		</trkpt>
		<trkpt lat="46.230666303" lon="7.369336747">
			<ele>488.8</ele>
		</trkpt>
		<trkpt lat="46.229533405" lon="7.369307326">
			<ele>488.2</ele>
		</trkpt>
		<trkpt lat="46.229201314" lon="7.369208336">
			<ele>489.1</ele>
		</trkpt>
		<trkpt lat="46.228794708" lon="7.368854703">
			<ele>490.5</ele>
		</trkpt>
		<trkpt lat="46.228736538" lon="7.368861577">
			<ele>489.7</ele>
		</trkpt>
		<trkpt lat="46.228720025" lon="7.368787145">
			<ele>490.1</ele>
		</trkpt>
		<trkpt lat="46.228171011" lon="7.368423874">
			<ele>489.5</ele>
		</trkpt>
		<trkpt lat="46.228032123" lon="7.368266378">
			<ele>489.8</ele>
		</trkpt>
		<trkpt lat="46.227842692" lon="7.367935628">
			<ele>489.7</ele>
		</trkpt>
		<trkpt lat="46.227707743" lon="7.367568668">
			<ele>489.5</ele>
		</trkpt>
		<trkpt lat="46.227553097" lon="7.367386948">
			<ele>489.2</ele>
		</trkpt>
		<trkpt lat="46.227632976" lon="7.367163319">
			<ele>489.4</ele>
		</trkpt>
		<trkpt lat="46.227637251" lon="7.366992077">
			<ele>489.9</ele>
		</trkpt>
		<trkpt lat="46.22655741" lon="7.360473303">
			<ele>488.7</ele>
		</trkpt>
		<trkpt lat="46.226469987" lon="7.359688254">
			<ele>488.2</ele>
		</trkpt>
		<trkpt lat="46.226476525" lon="7.359444676">
			<ele>488.2</ele>
		</trkpt>
		<trkpt lat="46.226534528" lon="7.359375861">
			<ele>488.8</ele>
		</trkpt>
		<trkpt lat="46.226511478" lon="7.35930277">
			<ele>488.2</ele>
		</trkpt>
		<trkpt lat="46.226445764" lon="7.359307297">
			<ele>488.2</ele>
		</trkpt>
		<trkpt lat="46.226430006" lon="7.359394301">
			<ele>488.2</ele>
		</trkpt>
		<trkpt lat="46.226221715" lon="7.359452723">
			<ele>487.7</ele>
		</trkpt>
		<trkpt lat="46.225254025" lon="7.359241499">
			<ele>485.7</ele>
		</trkpt>
		<trkpt lat="46.224742142" lon="7.359264214">
			<ele>484.4</ele>
		</trkpt>
		<trkpt lat="46.224469311" lon="7.359343925">
			<ele>484.3</ele>
		</trkpt>
		<trkpt lat="46.223735224" lon="7.359673921">
			<ele>484.5</ele>
		</trkpt>
		<trkpt lat="46.223697924" lon="7.359768553">
			<ele>484.6</ele>
		</trkpt>
		<trkpt lat="46.223636652" lon="7.359720776">
			<ele>484.6</ele>
		</trkpt>
		<trkpt lat="46.222709279" lon="7.360148169">
			<ele>485.1</ele>
		</trkpt>
		<trkpt lat="46.222601487" lon="7.360160155">
			<ele>485.1</ele>
		</trkpt>
		<trkpt lat="46.22253351" lon="7.360123359">
			<ele>485.5</ele>
		</trkpt>
		<trkpt lat="46.222459163" lon="7.359999306">
			<ele>485.5</ele>
		</trkpt>
		<trkpt lat="46.221237584" lon="7.356783003">
			<ele>482.3</ele>
		</trkpt>
		<trkpt lat="46.22068572" lon="7.357181562">
			<ele>483.5</ele>
		</trkpt>
		<trkpt lat="46.220157576" lon="7.357484903">
			<ele>488.2</ele>
		</trkpt>
		<trkpt lat="46.220041235" lon="7.357298657">
			<ele>488.2</ele>
		</trkpt>
		<trkpt lat="46.217802764" lon="7.35100125">
			<ele>483.6</ele>
		</trkpt>
		<trkpt lat="46.217616267" lon="7.350706626">
			<ele>484.3</ele>
		</trkpt>
		<trkpt lat="46.216397789" lon="7.346758163">
			<ele>486.8</ele>
		</trkpt>
		<trkpt lat="46.216368537" lon="7.346548866">
			<ele>486.8</ele>
		</trkpt>
		<trkpt lat="46.216500384" lon="7.346249884">
			<ele>485</ele>
		</trkpt>
		<trkpt lat="46.216419499" lon="7.345927348">
			<ele>485.4</ele>
		</trkpt>
		<trkpt lat="46.216340206" lon="7.345806733">
			<ele>485.4</ele>
		</trkpt>
		<trkpt lat="46.216188242" lon="7.345797513">
			<ele>486.4</ele>
		</trkpt>
		<trkpt lat="46.216107692" lon="7.345746299">
			<ele>486.4</ele>
		</trkpt>
		<trkpt lat="46.213813397" lon="7.339874273">
			<ele>483.6</ele>
		</trkpt>
		<trkpt lat="46.212151936" lon="7.335820617">
			<ele>483.8</ele>
		</trkpt>
		<trkpt lat="46.211496472" lon="7.334046587">
			<ele>487.1</ele>
		</trkpt>
		<trkpt lat="46.210847461" lon="7.331729578">
			<ele>485.2</ele>
		</trkpt>
		<trkpt lat="46.210619305" lon="7.330780579">
			<ele>483.7</ele>
		</trkpt>
		<trkpt lat="46.210386288" lon="7.329095565">
			<ele>483.3</ele>
		</trkpt>
		<trkpt lat="46.210260728" lon="7.327426812">
			<ele>483.4</ele>
		</trkpt>
		<trkpt lat="46.210240108" lon="7.326749051">
			<ele>482.5</ele>
		</trkpt>
		<trkpt lat="46.210366507" lon="7.325064875">
			<ele>480.6</ele>
		</trkpt>
		<trkpt lat="46.210636321" lon="7.322807629">
			<ele>480.6</ele>
		</trkpt>
		<trkpt lat="46.210764983" lon="7.320769569">
			<ele>482.8</ele>
		</trkpt>
		<trkpt lat="46.210828266" lon="7.320619114">
			<ele>482.4</ele>
		</trkpt>
		<trkpt lat="46.210774538" lon="7.319776313">
			<ele>482.3</ele>
		</trkpt>
		<trkpt lat="46.210598937" lon="7.314985637">
			<ele>484.6</ele>
		</trkpt>
		<trkpt lat="46.210599776" lon="7.314532846">
			<ele>484.8</ele>
		</trkpt>
		<trkpt lat="46.210669429" lon="7.313843435">
			<ele>485.7</ele>
		</trkpt>
		<trkpt lat="46.210610001" lon="7.313856846">
			<ele>485</ele>
		</trkpt>
		<trkpt lat="46.210486285" lon="7.312631244">
			<ele>486</ele>
		</trkpt>
		<trkpt lat="46.210275312" lon="7.311828844">
			<ele>482.7</ele>
		</trkpt>
		<trkpt lat="46.209740044" lon="7.310391683">
			<ele>485.3</ele>
		</trkpt>
		<trkpt lat="46.209471236" lon="7.309844345">
			<ele>483.6</ele>
		</trkpt>
		<trkpt lat="46.209078209" lon="7.309173625">
			<ele>482.4</ele>
		</trkpt>
		<trkpt lat="46.209034455" lon="7.309036748">
			<ele>482.4</ele>
		</trkpt>
		<trkpt lat="46.209027163" lon="7.308714883">
			<ele>479.8</ele>
		</trkpt>
		<trkpt lat="46.20877009" lon="7.30858312">
			<ele>479.6</ele>
		</trkpt>
		<trkpt lat="46.208656431" lon="7.308482537">
			<ele>478.9</ele>
		</trkpt>
		<trkpt lat="46.208247478" lon="7.307867054">
			<ele>478.7</ele>
		</trkpt>
		<trkpt lat="46.205997692" lon="7.304280521">
			<ele>479.2</ele>
		</trkpt>
		<trkpt lat="46.204930843" lon="7.302496685">
			<ele>479.1</ele>
		</trkpt>
		<trkpt lat="46.204233217" lon="7.3011907">
			<ele>478.5</ele>
		</trkpt>
		<trkpt lat="46.203853098" lon="7.300381176">
			<ele>478.3</ele>
		</trkpt>
		<trkpt lat="46.202570667" lon="7.297317758">
			<ele>478.8</ele>
		</trkpt>
		<trkpt lat="46.202050905" lon="7.295840951">
			<ele>476.6</ele>
		</trkpt>
		<trkpt lat="46.201607502" lon="7.294118553">
			<ele>477.6</ele>
		</trkpt>
		<trkpt lat="46.200621958" lon="7.288078051">
			<ele>477.6</ele>
		</trkpt>
		<trkpt lat="46.200552472" lon="7.28752275">
			<ele>476.6</ele>
		</trkpt>
		<trkpt lat="46.199840681" lon="7.283278154">
			<ele>477</ele>
		</trkpt>
		<trkpt lat="46.199674049" lon="7.282403754">
			<ele>477.5</ele>
		</trkpt>
		<trkpt lat="46.199390992" lon="7.28148384">
			<ele>478</ele>
		</trkpt>
		<trkpt lat="46.193993549" lon="7.26840103">
			<ele>475.3</ele>
		</trkpt>
		<trkpt lat="46.192776748" lon="7.265488571">
			<ele>473.5</ele>
		</trkpt>
		<trkpt lat="46.191812075" lon="7.263270216">
			<ele>474.1</ele>
		</trkpt>
		<trkpt lat="46.190960222" lon="7.261722162">
			<ele>475.6</ele>
		</trkpt>
		<trkpt lat="46.189950873" lon="7.260120297">
			<ele>475.2</ele>
		</trkpt>
		<trkpt lat="46.189314687" lon="7.259215889">
			<ele>474.2</ele>
		</trkpt>
		<trkpt lat="46.187523642" lon="7.256968534">
			<ele>474.4</ele>
		</trkpt>
		<trkpt lat="46.186874966" lon="7.256066557">
			<ele>473.9</ele>
		</trkpt>
		<trkpt lat="46.186025628" lon="7.254503081">
			<ele>473</ele>
		</trkpt>
		<trkpt lat="46.185254577" lon="7.252835333">
			<ele>472</ele>
		</trkpt>
		<trkpt lat="46.185064391" lon="7.252326133">
			<ele>472</ele>
		</trkpt>
		<trkpt lat="46.185212835" lon="7.252230328">
			<ele>472.1</ele>
		</trkpt>
		<trkpt lat="46.186597944" lon="7.251007911">
			<ele>471.9</ele>
		</trkpt>
		<trkpt lat="46.186993151" lon="7.250612453">
			<ele>472.2</ele>
		</trkpt>
		<trkpt lat="46.18764694" lon="7.24965767">
			<ele>473.2</ele>
		</trkpt>
		<trkpt lat="46.187735117" lon="7.249414176">
			<ele>473.7</ele>
		</trkpt>
		<trkpt lat="46.187215774" lon="7.248664247">
			<ele>472.4</ele>
		</trkpt>
		<trkpt lat="46.186001321" lon="7.246061834">
			<ele>470.7</ele>
		</trkpt>
		<trkpt lat="46.185782469" lon="7.245650534">
			<ele>472.1</ele>
		</trkpt>
		<trkpt lat="46.185750618" lon="7.245553304">
			<ele>472.1</ele>
		</trkpt>
		<trkpt lat="46.185915741" lon="7.245395137">
			<ele>472.2</ele>
		</trkpt>
		<trkpt lat="46.184046158" lon="7.241411805">
			<ele>469.9</ele>
		</trkpt>
		<trkpt lat="46.182585695" lon="7.238202207">
			<ele>474.2</ele>
		</trkpt>
		<trkpt lat="46.182283024" lon="7.237293525">
			<ele>474.5</ele>
		</trkpt>
		<trkpt lat="46.181778099" lon="7.235121271">
			<ele>474.4</ele>
		</trkpt>
		<trkpt lat="46.181505519" lon="7.234443845">
			<ele>473.1</ele>
		</trkpt>
		<trkpt lat="46.18108173" lon="7.233729288">
			<ele>474.6</ele>
		</trkpt>
		<trkpt lat="46.180832452" lon="7.233396191">
			<ele>475</ele>
		</trkpt>
		<trkpt lat="46.179725957" lon="7.232238818">
			<ele>475.9</ele>
		</trkpt>
		<trkpt lat="46.179426556" lon="7.231844198">
			<ele>473.5</ele>
		</trkpt>
		<trkpt lat="46.178352163" lon="7.229724834">
			<ele>472.6</ele>
		</trkpt>
		<trkpt lat="46.17829458" lon="7.229504054">
			<ele>472.7</ele>
		</trkpt>
		<trkpt lat="46.178276223" lon="7.229214627">
			<ele>472.5</ele>
		</trkpt>
		<trkpt lat="46.178325509" lon="7.228870047">
			<ele>472</ele>
		</trkpt>
		<trkpt lat="46.178427852" lon="7.228622613">
			<ele>472.1</ele>
		</trkpt>
		<trkpt lat="46.177676833" lon="7.228166806">
			<ele>470</ele>
		</trkpt>
		<trkpt lat="46.17831478" lon="7.226302084">
			<ele>470.4</ele>
		</trkpt>
		<trkpt lat="46.178313858" lon="7.22583957">
			<ele>469.1</ele>
		</trkpt>
		<trkpt lat="46.178337746" lon="7.225737227">
			<ele>469</ele>
		</trkpt>
		<trkpt lat="46.178543941" lon="7.225413853">
			<ele>469.3</ele>
		</trkpt>
		<trkpt lat="46.178856922" lon="7.224783869">
			<ele>470.7</ele>
		</trkpt>
		<trkpt lat="46.178955325" lon="7.222705409">
			<ele>472.6</ele>
		</trkpt>
		<trkpt lat="46.178753405" lon="7.218615124">
			<ele>470.5</ele>
		</trkpt>
		<trkpt lat="46.178755165" lon="7.218311951">
			<ele>470.2</ele>
		</trkpt>
		<trkpt lat="46.178809396" lon="7.217898387">
			<ele>470.6</ele>
		</trkpt>
		<trkpt lat="46.178740916" lon="7.217719182">
			<ele>469.8</ele>
		</trkpt>
		<trkpt lat="46.17872038" lon="7.217563363">
			<ele>469.8</ele>
		</trkpt>
		<trkpt lat="46.178645698" lon="7.215900226">
			<ele>470</ele>
		</trkpt>
		<trkpt lat="46.178702862" lon="7.21474017">
			<ele>472</ele>
		</trkpt>
		<trkpt lat="46.178523741" lon="7.213224722">
			<ele>471</ele>
		</trkpt>
		<trkpt lat="46.178361551" lon="7.209525034">
			<ele>468.9</ele>
		</trkpt>
		<trkpt lat="46.178246384" lon="7.208473692">
			<ele>470.2</ele>
		</trkpt>
		<trkpt lat="46.178062652" lon="7.20742411">
			<ele>468.3</ele>
		</trkpt>
		<trkpt lat="46.177822762" lon="7.206493216">
			<ele>468.6</ele>
		</trkpt>
		<trkpt lat="46.177483798" lon="7.205468444">
			<ele>470.7</ele>
		</trkpt>
		<trkpt lat="46.17717283" lon="7.204716001">
			<ele>470.4</ele>
		</trkpt>
		<trkpt lat="46.176714004" lon="7.203820311">
			<ele>468.6</ele>
		</trkpt>
		<trkpt lat="46.17549142" lon="7.201860957">
			<ele>468.6</ele>
		</trkpt>
		<trkpt lat="46.175171315" lon="7.201392408">
			<ele>467.4</ele>
		</trkpt>
		<trkpt lat="46.174718105" lon="7.200906174">
			<ele>467.1</ele>
		</trkpt>
		<trkpt lat="46.174387858" lon="7.200624961">
			<ele>467</ele>
		</trkpt>
		<trkpt lat="46.173442966" lon="7.200062117">
			<ele>467.1</ele>
		</trkpt>
		<trkpt lat="46.172929659" lon="7.199875955">
			<ele>466.9</ele>
		</trkpt>
		<trkpt lat="46.172297496" lon="7.19973824">
			<ele>466.7</ele>
		</trkpt>
		<trkpt lat="46.168658325" lon="7.199178748">
			<ele>466.5</ele>
		</trkpt>
		<trkpt lat="46.167604552" lon="7.19890248">
			<ele>466.7</ele>
		</trkpt>
		<trkpt lat="46.166811205" lon="7.198566869">
			<ele>466.5</ele>
		</trkpt>
		<trkpt lat="46.164734588" lon="7.197450818">
			<ele>465.9</ele>
		</trkpt>
		<trkpt lat="46.163993796" lon="7.196911192">
			<ele>465.7</ele>
		</trkpt>
		<trkpt lat="46.163506136" lon="7.196473153">
			<ele>465.9</ele>
		</trkpt>
		<trkpt lat="46.16285964" lon="7.195749879">
			<ele>466.1</ele>
		</trkpt>
		<trkpt lat="46.162558814" lon="7.195343608">
			<ele>466.2</ele>
		</trkpt>
		<trkpt lat="46.162102503" lon="7.194533916">
			<ele>465.7</ele>
		</trkpt>
		<trkpt lat="46.161736298" lon="7.193619283">
			<ele>465.5</ele>
		</trkpt>
		<trkpt lat="46.161414935" lon="7.192492085">
			<ele>465.3</ele>
		</trkpt>
		<trkpt lat="46.159730843" lon="7.185201757">
			<ele>465.2</ele>
		</trkpt>
		<trkpt lat="46.15935173" lon="7.183181299">
			<ele>464.8</ele>
		</trkpt>
		<trkpt lat="46.159174117" lon="7.18207757">
			<ele>466.6</ele>
		</trkpt>
		<trkpt lat="46.158169798" lon="7.17496234">
			<ele>464.8</ele>
		</trkpt>
		<trkpt lat="46.157963771" lon="7.173730284">
			<ele>465.1</ele>
		</trkpt>
		<trkpt lat="46.157708625" lon="7.172498479">
			<ele>467.4</ele>
		</trkpt>
		<trkpt lat="46.157089622" lon="7.170077702">
			<ele>465.2</ele>
		</trkpt>
		<trkpt lat="46.156539015" lon="7.168144584">
			<ele>463</ele>
		</trkpt>
		<trkpt lat="46.155544418" lon="7.165083094">
			<ele>463.5</ele>
		</trkpt>
		<trkpt lat="46.155049802" lon="7.163796136">
			<ele>464.4</ele>
		</trkpt>
		<trkpt lat="46.154445299" lon="7.162371045">
			<ele>463.7</ele>
		</trkpt>
		<trkpt lat="46.149024638" lon="7.150524231">
			<ele>464.9</ele>
		</trkpt>
		<trkpt lat="46.148575117" lon="7.14925102">
			<ele>464.4</ele>
		</trkpt>
		<trkpt lat="46.14839499" lon="7.148880623">
			<ele>463.5</ele>
		</trkpt>
		<trkpt lat="46.147846394" lon="7.147946963">
			<ele>463.4</ele>
		</trkpt>
		<trkpt lat="46.144419788" lon="7.140505761">
			<ele>464.4</ele>
		</trkpt>
		<trkpt lat="46.143920898" lon="7.139505213">
			<ele>463.3</ele>
		</trkpt>
		<trkpt lat="46.142701415" lon="7.137286523">
			<ele>462.6</ele>
		</trkpt>
		<trkpt lat="46.138662762" lon="7.130717207">
			<ele>459.2</ele>
		</trkpt>
		<trkpt lat="46.138169739" lon="7.129753372">
			<ele>460.7</ele>
		</trkpt>
		<trkpt lat="46.137889112" lon="7.129080473">
			<ele>460.3</ele>
		</trkpt>
		<trkpt lat="46.137507149" lon="7.128032986">
			<ele>459.5</ele>
		</trkpt>
		<trkpt lat="46.137137004" lon="7.126774108">
			<ele>461.7</ele>
		</trkpt>
		<trkpt lat="46.135763294" lon="7.121670619">
			<ele>461.2</ele>
		</trkpt>
		<trkpt lat="46.1356607" lon="7.121198801">
			<ele>460.9</ele>
		</trkpt>
		<trkpt lat="46.135527595" lon="7.12084081">
			<ele>460.5</ele>
		</trkpt>
		<trkpt lat="46.13500029" lon="7.11904482">
			<ele>461.2</ele>
		</trkpt>
		<trkpt lat="46.133827913" lon="7.115380839">
			<ele>458.9</ele>
		</trkpt>
		<trkpt lat="46.127781208" lon="7.099368805">
			<ele>459.9</ele>
		</trkpt>
		<trkpt lat="46.127291705" lon="7.097958382">
			<ele>458.3</ele>
		</trkpt>
		<trkpt lat="46.126787282" lon="7.096113022">
			<ele>458.3</ele>
		</trkpt>
		<trkpt lat="46.124882746" lon="7.087612348">
			<ele>458.7</ele>
		</trkpt>
		<trkpt lat="46.124408749" lon="7.085739244">
			<ele>462.7</ele>
		</trkpt>
		<trkpt lat="46.124448144" lon="7.085646959">
			<ele>464.5</ele>
		</trkpt>
		<trkpt lat="46.124615279" lon="7.085624831">
			<ele>464.5</ele>
		</trkpt>
		<trkpt lat="46.124734973" lon="7.085695993">
			<ele>465.7</ele>
		</trkpt>
		<trkpt lat="46.124783169" lon="7.085779812">
			<ele>465.7</ele>
		</trkpt>
		<trkpt lat="46.124786354" lon="7.08590772">
			<ele>463.3</ele>
		</trkpt>
		<trkpt lat="46.124730279" lon="7.086059265">
			<ele>463.3</ele>
		</trkpt>
		<trkpt lat="46.124472619" lon="7.086243583">
			<ele>460.2</ele>
		</trkpt>
		<trkpt lat="46.123697293" lon="7.086388674">
			<ele>455.8</ele>
		</trkpt>
		<trkpt lat="46.123422283" lon="7.086350787">
			<ele>458</ele>
		</trkpt>
		<trkpt lat="46.123082229" lon="7.08608944">
			<ele>458.6</ele>
		</trkpt>
		<trkpt lat="46.122437158" lon="7.085353509">
			<ele>458.5</ele>
		</trkpt>
		<trkpt lat="46.121422109" lon="7.084342148">
			<ele>458.9</ele>
		</trkpt>
	</trkseg>
</trk>
<trk>
	<name>05: Martigny – Le Bouveret (Developed + Signed)</name>
	<desc>Developed + Signed</desc>
	<trkseg>
		<trkpt lat="46.118678126" lon="7.067427803">
			<ele>459</ele>
		</trkpt>
		<trkpt lat="46.123279036" lon="7.063360065">
			<ele>455.9</ele>
		</trkpt>
		<trkpt lat="46.123912037" lon="7.064743247">
			<ele>460.3</ele>
		</trkpt>
		<trkpt lat="46.124014045" lon="7.065401562">
			<ele>459.9</ele>
		</trkpt>
		<trkpt lat="46.125113583" lon="7.064984394">
			<ele>459.7</ele>
		</trkpt>
		<trkpt lat="46.126816535" lon="7.063168958">
			<ele>458.9</ele>
		</trkpt>
		<trkpt lat="46.136832071" lon="7.05133128">
			<ele>455.5</ele>
		</trkpt>
		<trkpt lat="46.137190816" lon="7.051462205">
			<ele>455.6</ele>
		</trkpt>
		<trkpt lat="46.13733247" lon="7.051171185">
			<ele>455.1</ele>
		</trkpt>
		<trkpt lat="46.137568672" lon="7.051129192">
			<ele>454.3</ele>
		</trkpt>
		<trkpt lat="46.140203021" lon="7.047964856">
			<ele>453.6</ele>
		</trkpt>
		<trkpt lat="46.141635236" lon="7.045924449">
			<ele>457.3</ele>
		</trkpt>
		<trkpt lat="46.142174444" lon="7.044936726">
			<ele>456.4</ele>
		</trkpt>
		<trkpt lat="46.142052068" lon="7.044578735">
			<ele>454.8</ele>
		</trkpt>
		<trkpt lat="46.142418358" lon="7.044146731">
			<ele>454.5</ele>
		</trkpt>
		<trkpt lat="46.14260695" lon="7.04417171">
			<ele>454.3</ele>
		</trkpt>
		<trkpt lat="46.142917835" lon="7.043608278">
			<ele>454</ele>
		</trkpt>
		<trkpt lat="46.146532866" lon="7.035961971">
			<ele>451.3</ele>
		</trkpt>
		<trkpt lat="46.147579934" lon="7.034569485">
			<ele>452.1</ele>
		</trkpt>
		<trkpt lat="46.149112062" lon="7.033126457">
			<ele>451</ele>
		</trkpt>
		<trkpt lat="46.15120846" lon="7.03237745">
			<ele>449.3</ele>
		</trkpt>
		<trkpt lat="46.153260685" lon="7.032024655">
			<ele>450.7</ele>
		</trkpt>
		<trkpt lat="46.157895961" lon="7.032370996">
			<ele>449</ele>
		</trkpt>
		<trkpt lat="46.157952287" lon="7.032048963">
			<ele>448.7</ele>
		</trkpt>
		<trkpt lat="46.160195368" lon="7.032607952">
			<ele>448.8</ele>
		</trkpt>
		<trkpt lat="46.161172028" lon="7.032497479">
			<ele>449.7</ele>
		</trkpt>
		<trkpt lat="46.163775363" lon="7.031638166">
			<ele>449.6</ele>
		</trkpt>
		<trkpt lat="46.166027078" lon="7.030370571">
			<ele>450</ele>
		</trkpt>
		<trkpt lat="46.173385215" lon="7.027162733">
			<ele>449</ele>
		</trkpt>
		<trkpt lat="46.175139799" lon="7.026706086">
			<ele>449.2</ele>
		</trkpt>
		<trkpt lat="46.176617696" lon="7.026838521">
			<ele>453.1</ele>
		</trkpt>
		<trkpt lat="46.177773309" lon="7.027199529">
			<ele>456.5</ele>
		</trkpt>
		<trkpt lat="46.180251251" lon="7.029121583">
			<ele>451.3</ele>
		</trkpt>
		<trkpt lat="46.180371196" lon="7.02888119">
			<ele>454.7</ele>
		</trkpt>
		<trkpt lat="46.182146986" lon="7.029383015">
			<ele>458.4</ele>
		</trkpt>
		<trkpt lat="46.183564617" lon="7.029197272">
			<ele>463.6</ele>
		</trkpt>
		<trkpt lat="46.185106636" lon="7.028389759">
			<ele>467.7</ele>
		</trkpt>
		<trkpt lat="46.188166869" lon="7.027299525">
			<ele>469.1</ele>
		</trkpt>
		<trkpt lat="46.190466863" lon="7.025440084">
			<ele>473.5</ele>
		</trkpt>
		<trkpt lat="46.19433134" lon="7.023226339">
			<ele>466.3</ele>
		</trkpt>
		<trkpt lat="46.197590224" lon="7.020214638">
			<ele>452.5</ele>
		</trkpt>
		<trkpt lat="46.202077559" lon="7.01543821">
			<ele>422.9</ele>
		</trkpt>
		<trkpt lat="46.202853891" lon="7.015186083">
			<ele>419.2</ele>
		</trkpt>
		<trkpt lat="46.203199142" lon="7.015797794">
			<ele>416.9</ele>
		</trkpt>
		<trkpt lat="46.203133009" lon="7.014935212">
			<ele>418.9</ele>
		</trkpt>
		<trkpt lat="46.203857289" lon="7.013235027">
			<ele>413.3</ele>
		</trkpt>
		<trkpt lat="46.204273283" lon="7.013121955">
			<ele>410.6</ele>
		</trkpt>
		<trkpt lat="46.205183138" lon="7.011880931">
			<ele>409.8</ele>
		</trkpt>
		<trkpt lat="46.206796068" lon="7.011057157">
			<ele>409.6</ele>
		</trkpt>
		<trkpt lat="46.208613348" lon="7.010955233">
			<ele>410.2</ele>
		</trkpt>
		<trkpt lat="46.210220494" lon="7.010207819">
			<ele>409.2</ele>
		</trkpt>
		<trkpt lat="46.209860324" lon="7.009539865">
			<ele>412.2</ele>
		</trkpt>
		<trkpt lat="46.209592019" lon="7.00819239">
			<ele>415.7</ele>
		</trkpt>
		<trkpt lat="46.210745369" lon="7.007882679">
			<ele>413.9</ele>
		</trkpt>
		<trkpt lat="46.211654219" lon="7.007385297">
			<ele>410.7</ele>
		</trkpt>
		<trkpt lat="46.212861045" lon="7.007236602">
			<ele>409.2</ele>
		</trkpt>
		<trkpt lat="46.212997754" lon="7.005951237">
			<ele>412.9</ele>
		</trkpt>
		<trkpt lat="46.213899396" lon="7.005596766">
			<ele>413</ele>
		</trkpt>
		<trkpt lat="46.214597273" lon="7.00491406">
			<ele>414.2</ele>
		</trkpt>
		<trkpt lat="46.216876983" lon="7.004432855">
			<ele>417.3</ele>
		</trkpt>
		<trkpt lat="46.217098097" lon="7.003898174">
			<ele>419</ele>
		</trkpt>
		<trkpt lat="46.217315775" lon="7.003801782">
			<ele>419.1</ele>
		</trkpt>
		<trkpt lat="46.220381289" lon="7.004120545">
			<ele>447.3</ele>
		</trkpt>
		<trkpt lat="46.220826536" lon="7.004504101">
			<ele>430.3</ele>
		</trkpt>
		<trkpt lat="46.221700852" lon="7.004386252">
			<ele>437.5</ele>
		</trkpt>
		<trkpt lat="46.223344376" lon="7.003241284">
			<ele>422.7</ele>
		</trkpt>
		<trkpt lat="46.2241539" lon="7.002393035">
			<ele>429.7</ele>
		</trkpt>
		<trkpt lat="46.225301801" lon="7.001875285">
			<ele>425.8</ele>
		</trkpt>
		<trkpt lat="46.225256874" lon="7.00156658">
			<ele>432.9</ele>
		</trkpt>
		<trkpt lat="46.225526436" lon="7.001311937">
			<ele>436.8</ele>
		</trkpt>
		<trkpt lat="46.22787119" lon="7.000976829">
			<ele>438.5</ele>
		</trkpt>
		<trkpt lat="46.229570705" lon="7.000088012">
			<ele>420</ele>
		</trkpt>
		<trkpt lat="46.23057427" lon="6.999177737">
			<ele>407.7</ele>
		</trkpt>
		<trkpt lat="46.23410808" lon="6.995109497">
			<ele>403.3</ele>
		</trkpt>
		<trkpt lat="46.234668075" lon="6.995137827">
			<ele>402.7</ele>
		</trkpt>
		<trkpt lat="46.235649345" lon="6.996214148">
			<ele>399.4</ele>
		</trkpt>
		<trkpt lat="46.236291482" lon="6.995360032">
			<ele>397.9</ele>
		</trkpt>
		<trkpt lat="46.238873947" lon="6.994160246">
			<ele>397.2</ele>
		</trkpt>
		<trkpt lat="46.239754046" lon="6.993497573">
			<ele>396.9</ele>
		</trkpt>
		<trkpt lat="46.241874081" lon="6.991358176">
			<ele>397.2</ele>
		</trkpt>
		<trkpt lat="46.242797851" lon="6.990230056">
			<ele>396.9</ele>
		</trkpt>
		<trkpt lat="46.242664327" lon="6.989828981">
			<ele>398.7</ele>
		</trkpt>
		<trkpt lat="46.243079315" lon="6.989679364">
			<ele>398.4</ele>
		</trkpt>
		<trkpt lat="46.243636963" lon="6.989078047">
			<ele>399.1</ele>
		</trkpt>
		<trkpt lat="46.245735875" lon="6.988071045">
			<ele>399.2</ele>
		</trkpt>
		<trkpt lat="46.247711658" lon="6.987593947">
			<ele>396.5</ele>
		</trkpt>
		<trkpt lat="46.250074181" lon="6.987776421">
			<ele>396.7</ele>
		</trkpt>
		<trkpt lat="46.252170663" lon="6.98697268">
			<ele>396.3</ele>
		</trkpt>
		<trkpt lat="46.253086805" lon="6.985939275">
			<ele>397</ele>
		</trkpt>
		<trkpt lat="46.255017827" lon="6.981523354">
			<ele>396.7</ele>
		</trkpt>
		<trkpt lat="46.25960013" lon="6.974550951">
			<ele>396.8</ele>
		</trkpt>
		<trkpt lat="46.263150956" lon="6.970211137">
			<ele>395</ele>
		</trkpt>
		<trkpt lat="46.267478448" lon="6.96534385">
			<ele>395.6</ele>
		</trkpt>
		<trkpt lat="46.268772531" lon="6.96417273">
			<ele>394.9</ele>
		</trkpt>
		<trkpt lat="46.269979944" lon="6.963556409">
			<ele>395</ele>
		</trkpt>
		<trkpt lat="46.274234011" lon="6.962608667">
			<ele>391.6</ele>
		</trkpt>
		<trkpt lat="46.276028996" lon="6.961962925">
			<ele>391.6</ele>
		</trkpt>
		<trkpt lat="46.276429651" lon="6.962118661">
			<ele>391</ele>
		</trkpt>
		<trkpt lat="46.27650601" lon="6.961945826">
			<ele>390.5</ele>
		</trkpt>
		<trkpt lat="46.282176702" lon="6.960207">
			<ele>389.3</ele>
		</trkpt>
		<trkpt lat="46.284285338" lon="6.95869918">
			<ele>390.3</ele>
		</trkpt>
		<trkpt lat="46.285792404" lon="6.956799002">
			<ele>392</ele>
		</trkpt>
		<trkpt lat="46.290924392" lon="6.949032247">
			<ele>388</ele>
		</trkpt>
		<trkpt lat="46.291798038" lon="6.947312448">
			<ele>385.1</ele>
		</trkpt>
		<trkpt lat="46.29394238" lon="6.941619208">
			<ele>387.4</ele>
		</trkpt>
		<trkpt lat="46.295679865" lon="6.938450262">
			<ele>386.5</ele>
		</trkpt>
		<trkpt lat="46.297356078" lon="6.936512114">
			<ele>387.1</ele>
		</trkpt>
		<trkpt lat="46.299512993" lon="6.935523301">
			<ele>386.8</ele>
		</trkpt>
		<trkpt lat="46.30124922" lon="6.93531828">
			<ele>377.7</ele>
		</trkpt>
		<trkpt lat="46.30336674" lon="6.935495054">
			<ele>376.5</ele>
		</trkpt>
		<trkpt lat="46.304256228" lon="6.935333787">
			<ele>377.1</ele>
		</trkpt>
		<trkpt lat="46.308135121" lon="6.933601499">
			<ele>382.8</ele>
		</trkpt>
		<trkpt lat="46.311378583" lon="6.933014346">
			<ele>383.8</ele>
		</trkpt>
		<trkpt lat="46.31612735" lon="6.931331763">
			<ele>383.3</ele>
		</trkpt>
		<trkpt lat="46.31940744" lon="6.931216009">
			<ele>384</ele>
		</trkpt>
		<trkpt lat="46.321451367" lon="6.931641474">
			<ele>380.7</ele>
		</trkpt>
		<trkpt lat="46.323772568" lon="6.931583555">
			<ele>385.3</ele>
		</trkpt>
		<trkpt lat="46.327233372" lon="6.930780653">
			<ele>383.7</ele>
		</trkpt>
		<trkpt lat="46.329263217" lon="6.92969352">
			<ele>381.9</ele>
		</trkpt>
		<trkpt lat="46.330578924" lon="6.928448975">
			<ele>382.8</ele>
		</trkpt>
		<trkpt lat="46.337719971" lon="6.920514666">
			<ele>380.1</ele>
		</trkpt>
		<trkpt lat="46.338229087" lon="6.919750487">
			<ele>380.9</ele>
		</trkpt>
		<trkpt lat="46.339059399" lon="6.917558284">
			<ele>379</ele>
		</trkpt>
		<trkpt lat="46.339251344" lon="6.91592155">
			<ele>377.6</ele>
		</trkpt>
		<trkpt lat="46.337836311" lon="6.902684681">
			<ele>381.2</ele>
		</trkpt>
		<trkpt lat="46.338605351" lon="6.898727668">
			<ele>379.8</ele>
		</trkpt>
		<trkpt lat="46.339426526" lon="6.896854565">
			<ele>379.1</ele>
		</trkpt>
		<trkpt lat="46.340723123" lon="6.89455918">
			<ele>379.6</ele>
		</trkpt>
		<trkpt lat="46.341751415" lon="6.893530888">
			<ele>380</ele>
		</trkpt>
		<trkpt lat="46.346957666" lon="6.889665658">
			<ele>378.6</ele>
		</trkpt>
		<trkpt lat="46.348519047" lon="6.888299743">
			<ele>378.8</ele>
		</trkpt>
		<trkpt lat="46.348445622" lon="6.888068151">
			<ele>381.3</ele>
		</trkpt>
		<trkpt lat="46.349679689" lon="6.886465698">
			<ele>384.2</ele>
		</trkpt>
		<trkpt lat="46.351826546" lon="6.882887296">
			<ele>379.3</ele>
		</trkpt>
		<trkpt lat="46.352984254" lon="6.881659515">
			<ele>378.2</ele>
		</trkpt>
		<trkpt lat="46.354095695" lon="6.880890476">
			<ele>380.6</ele>
		</trkpt>
		<trkpt lat="46.356810509" lon="6.881279312">
			<ele>377.1</ele>
		</trkpt>
		<trkpt lat="46.363548218" lon="6.885604039">
			<ele>375.9</ele>
		</trkpt>
		<trkpt lat="46.365337252" lon="6.886204351">
			<ele>375.2</ele>
		</trkpt>
		<trkpt lat="46.366667125" lon="6.886270232">
			<ele>375.2</ele>
		</trkpt>
		<trkpt lat="46.37158462" lon="6.885753153">
			<ele>373.2</ele>
		</trkpt>
		<trkpt lat="46.373656291" lon="6.885226518">
			<ele>375</ele>
		</trkpt>
		<trkpt lat="46.374943081" lon="6.884654872">
			<ele>372.6</ele>
		</trkpt>
		<trkpt lat="46.375930804" lon="6.883915421">
			<ele>373.4</ele>
		</trkpt>
		<trkpt lat="46.378392569" lon="6.880719736">
			<ele>374</ele>
		</trkpt>
		<trkpt lat="46.379256743" lon="6.879251981">
			<ele>373.5</ele>
		</trkpt>
		<trkpt lat="46.380982661" lon="6.874652579">
			<ele>375.2</ele>
		</trkpt>
		<trkpt lat="46.381938114" lon="6.873140316">
			<ele>374.7</ele>
		</trkpt>
		<trkpt lat="46.384335003" lon="6.871042158">
			<ele>373.2</ele>
		</trkpt>
	</trkseg>
</trk>
<trk>
	<name>06: Morges – Geneva (Developed + Signed)</name>
	<desc>Developed + Signed</desc>
	<trkseg>
		<trkpt lat="46.507699603" lon="6.496130861">
			<ele>377.4</ele>
		</trkpt>
		<trkpt lat="46.50755711" lon="6.495264424">
			<ele>377.3</ele>
		</trkpt>
		<trkpt lat="46.507517715" lon="6.494760001">
			<ele>378</ele>
		</trkpt>
		<trkpt lat="46.507391651" lon="6.493898509">
			<ele>378.7</ele>
		</trkpt>
		<trkpt lat="46.507195347" lon="6.49289377">
			<ele>378.9</ele>
		</trkpt>
		<trkpt lat="46.506878092" lon="6.4918778">
			<ele>377.9</ele>
		</trkpt>
		<trkpt lat="46.506181137" lon="6.490124892">
			<ele>378.8</ele>
		</trkpt>
		<trkpt lat="46.506250036" lon="6.490016514">
			<ele>379.9</ele>
		</trkpt>
		<trkpt lat="46.506218688" lon="6.489882739">
			<ele>379.9</ele>
		</trkpt>
		<trkpt lat="46.506276942" lon="6.48968149">
			<ele>380.9</ele>
		</trkpt>
		<trkpt lat="46.506290856" lon="6.489440342">
			<ele>381.7</ele>
		</trkpt>
		<trkpt lat="46.506222879" lon="6.488778004">
			<ele>383.2</ele>
		</trkpt>
		<trkpt lat="46.506067562" lon="6.487801764">
			<ele>385</ele>
		</trkpt>
		<trkpt lat="46.506000255" lon="6.486797528">
			<ele>385.9</ele>
		</trkpt>
		<trkpt lat="46.505597589" lon="6.486306936">
			<ele>386.9</ele>
		</trkpt>
		<trkpt lat="46.505010437" lon="6.48593084">
			<ele>386.3</ele>
		</trkpt>
		<trkpt lat="46.50520783" lon="6.485118633">
			<ele>387</ele>
		</trkpt>
		<trkpt lat="46.505194" lon="6.484831385">
			<ele>387.7</ele>
		</trkpt>
		<trkpt lat="46.505101632" lon="6.484545479">
			<ele>388.6</ele>
		</trkpt>
		<trkpt lat="46.504214742" lon="6.482681092">
			<ele>395.4</ele>
		</trkpt>
		<trkpt lat="46.503587189" lon="6.481530592">
			<ele>398.2</ele>
		</trkpt>
		<trkpt lat="46.503361046" lon="6.481190454">
			<ele>397.9</ele>
		</trkpt>
		<trkpt lat="46.502706335" lon="6.480351593">
			<ele>396.9</ele>
		</trkpt>
		<trkpt lat="46.503316705" lon="6.479401756">
			<ele>398.4</ele>
		</trkpt>
		<trkpt lat="46.503494905" lon="6.479030438">
			<ele>399.7</ele>
		</trkpt>
		<trkpt lat="46.503627339" lon="6.47865166">
			<ele>402.2</ele>
		</trkpt>
		<trkpt lat="46.503462467" lon="6.478388971">
			<ele>400.8</ele>
		</trkpt>
		<trkpt lat="46.502761991" lon="6.476975195">
			<ele>397.8</ele>
		</trkpt>
		<trkpt lat="46.500631898" lon="6.472527171">
			<ele>401</ele>
		</trkpt>
		<trkpt lat="46.500925348" lon="6.472269595">
			<ele>401.5</ele>
		</trkpt>
		<trkpt lat="46.499303282" lon="6.468462283">
			<ele>403.4</ele>
		</trkpt>
		<trkpt lat="46.499266234" lon="6.468303697">
			<ele>403.4</ele>
		</trkpt>
		<trkpt lat="46.499116282" lon="6.468306379">
			<ele>402.5</ele>
		</trkpt>
		<trkpt lat="46.498928611" lon="6.46823111">
			<ele>401.6</ele>
		</trkpt>
		<trkpt lat="46.498632227" lon="6.468008235">
			<ele>401.8</ele>
		</trkpt>
		<trkpt lat="46.498525693" lon="6.467843615">
			<ele>402.6</ele>
		</trkpt>
		<trkpt lat="46.498436761" lon="6.467621662">
			<ele>403.8</ele>
		</trkpt>
		<trkpt lat="46.498422093" lon="6.467325864">
			<ele>404.8</ele>
		</trkpt>
		<trkpt lat="46.49855327" lon="6.466926718">
			<ele>405.8</ele>
		</trkpt>
		<trkpt lat="46.498999606" lon="6.46625625">
			<ele>409.8</ele>
		</trkpt>
		<trkpt lat="46.499061548" lon="6.466102106">
			<ele>409.8</ele>
		</trkpt>
		<trkpt lat="46.499090214" lon="6.465865653">
			<ele>410.8</ele>
		</trkpt>
		<trkpt lat="46.499025003" lon="6.465460053">
			<ele>412.5</ele>
		</trkpt>
		<trkpt lat="46.498921906" lon="6.465397188">
			<ele>412.2</ele>
		</trkpt>
		<trkpt lat="46.498660055" lon="6.465721233">
			<ele>410.7</ele>
		</trkpt>
		<trkpt lat="46.497958741" lon="6.466244096">
			<ele>406.6</ele>
		</trkpt>
		<trkpt lat="46.497912892" lon="6.466346271">
			<ele>406.2</ele>
		</trkpt>
		<trkpt lat="46.497687754" lon="6.467465926">
			<ele>403.6</ele>
		</trkpt>
		<trkpt lat="46.497467143" lon="6.467683855">
			<ele>403.3</ele>
		</trkpt>
		<trkpt lat="46.497356502" lon="6.467734734">
			<ele>403.3</ele>
		</trkpt>
		<trkpt lat="46.497276706" lon="6.467678742">
			<ele>403.8</ele>
		</trkpt>
		<trkpt lat="46.497191378" lon="6.467495095">
			<ele>404.6</ele>
		</trkpt>
		<trkpt lat="46.496590899" lon="6.465842938">
			<ele>406.6</ele>
		</trkpt>
		<trkpt lat="46.49645419" lon="6.465587374">
			<ele>408</ele>
		</trkpt>
		<trkpt lat="46.4963495" lon="6.465474637">
			<ele>409.5</ele>
		</trkpt>
		<trkpt lat="46.496079435" lon="6.465310603">
			<ele>410</ele>
		</trkpt>
		<trkpt lat="46.495373176" lon="6.465075575">
			<ele>411</ele>
		</trkpt>
		<trkpt lat="46.493513986" lon="6.463939911">
			<ele>406.7</ele>
		</trkpt>
		<trkpt lat="46.492709742" lon="6.46325754">
			<ele>405.4</ele>
		</trkpt>
		<trkpt lat="46.491158" lon="6.461688196">
			<ele>404.7</ele>
		</trkpt>
		<trkpt lat="46.490860359" lon="6.461623991">
			<ele>404.2</ele>
		</trkpt>
		<trkpt lat="46.490653577" lon="6.461644527">
			<ele>403.5</ele>
		</trkpt>
		<trkpt lat="46.489079959" lon="6.462163031">
			<ele>394.8</ele>
		</trkpt>
		<trkpt lat="46.488676035" lon="6.462362604">
			<ele>392.5</ele>
		</trkpt>
		<trkpt lat="46.488548965" lon="6.462364532">
			<ele>391.6</ele>
		</trkpt>
		<trkpt lat="46.488394487" lon="6.462203851">
			<ele>391.8</ele>
		</trkpt>
		<trkpt lat="46.487846478" lon="6.461391309">
			<ele>387.5</ele>
		</trkpt>
		<trkpt lat="46.486912399" lon="6.460115332">
			<ele>386.3</ele>
		</trkpt>
		<trkpt lat="46.486131792" lon="6.460976154">
			<ele>383.7</ele>
		</trkpt>
		<trkpt lat="46.486153334" lon="6.460992163">
			<ele>383.7</ele>
		</trkpt>
		<trkpt lat="46.486062893" lon="6.461272789">
			<ele>383.3</ele>
		</trkpt>
		<trkpt lat="46.48493209" lon="6.461385526">
			<ele>381</ele>
		</trkpt>
		<trkpt lat="46.483447739" lon="6.461193496">
			<ele>379.1</ele>
		</trkpt>
		<trkpt lat="46.480804506" lon="6.460482292">
			<ele>377.6</ele>
		</trkpt>
		<trkpt lat="46.480602167" lon="6.460331166">
			<ele>378.1</ele>
		</trkpt>
		<trkpt lat="46.480409635" lon="6.460085157">
			<ele>378.6</ele>
		</trkpt>
		<trkpt lat="46.479453678" lon="6.458128402">
			<ele>377.3</ele>
		</trkpt>
		<trkpt lat="46.479366255" lon="6.457641162">
			<ele>377.5</ele>
		</trkpt>
		<trkpt lat="46.479452086" lon="6.456750501">
			<ele>379.4</ele>
		</trkpt>
		<trkpt lat="46.479455942" lon="6.454729373">
			<ele>389.7</ele>
		</trkpt>
		<trkpt lat="46.479536156" lon="6.454506079">
			<ele>391.9</ele>
		</trkpt>
		<trkpt lat="46.477609576" lon="6.450436749">
			<ele>395</ele>
		</trkpt>
		<trkpt lat="46.47708445" lon="6.449264875">
			<ele>397.1</ele>
		</trkpt>
		<trkpt lat="46.476929887" lon="6.448815269">
			<ele>396</ele>
		</trkpt>
		<trkpt lat="46.476839279" lon="6.448490387">
			<ele>396.1</ele>
		</trkpt>
		<trkpt lat="46.476641718" lon="6.447410714">
			<ele>397.1</ele>
		</trkpt>
		<trkpt lat="46.47639881" lon="6.44532186">
			<ele>396.9</ele>
		</trkpt>
		<trkpt lat="46.476247265" lon="6.44448434">
			<ele>399.2</ele>
		</trkpt>
		<trkpt lat="46.476012404" lon="6.443914454">
			<ele>400.2</ele>
		</trkpt>
		<trkpt lat="46.475214196" lon="6.442197757">
			<ele>401.2</ele>
		</trkpt>
		<trkpt lat="46.474955614" lon="6.441485211">
			<ele>402.9</ele>
		</trkpt>
		<trkpt lat="46.473770161" lon="6.436380381">
			<ele>397.1</ele>
		</trkpt>
		<trkpt lat="46.473553322" lon="6.43425758">
			<ele>399.2</ele>
		</trkpt>
		<trkpt lat="46.473452906" lon="6.433993466">
			<ele>398.7</ele>
		</trkpt>
		<trkpt lat="46.472448335" lon="6.432081303">
			<ele>395</ele>
		</trkpt>
		<trkpt lat="46.472387902" lon="6.431837892">
			<ele>394</ele>
		</trkpt>
		<trkpt lat="46.472356134" lon="6.431483589">
			<ele>394.5</ele>
		</trkpt>
		<trkpt lat="46.472409024" lon="6.430852599">
			<ele>395.1</ele>
		</trkpt>
		<trkpt lat="46.472399217" lon="6.430691248">
			<ele>395.5</ele>
		</trkpt>
		<trkpt lat="46.472145078" lon="6.430154219">
			<ele>394.1</ele>
		</trkpt>
		<trkpt lat="46.472056397" lon="6.429820871">
			<ele>392.3</ele>
		</trkpt>
		<trkpt lat="46.472064779" lon="6.428355295">
			<ele>396.7</ele>
		</trkpt>
		<trkpt lat="46.472029743" lon="6.427390287">
			<ele>397.1</ele>
		</trkpt>
		<trkpt lat="46.471573432" lon="6.425211662">
			<ele>397.1</ele>
		</trkpt>
		<trkpt lat="46.471636548" lon="6.424437175">
			<ele>398.7</ele>
		</trkpt>
		<trkpt lat="46.47164778" lon="6.423902493">
			<ele>400</ele>
		</trkpt>
		<trkpt lat="46.471627412" lon="6.423009485">
			<ele>401.5</ele>
		</trkpt>
		<trkpt lat="46.471643756" lon="6.420483515">
			<ele>402.8</ele>
		</trkpt>
		<trkpt lat="46.471562871" lon="6.418658607">
			<ele>404.6</ele>
		</trkpt>
		<trkpt lat="46.471569828" lon="6.418236997">
			<ele>405.6</ele>
		</trkpt>
		<trkpt lat="46.47162892" lon="6.417828798">
			<ele>406.6</ele>
		</trkpt>
		<trkpt lat="46.471996802" lon="6.416678969">
			<ele>407.8</ele>
		</trkpt>
		<trkpt lat="46.472431655" lon="6.415108116">
			<ele>406.3</ele>
		</trkpt>
		<trkpt lat="46.472764082" lon="6.41338354">
			<ele>406.1</ele>
		</trkpt>
		<trkpt lat="46.472879584" lon="6.413308354">
			<ele>406.1</ele>
		</trkpt>
		<trkpt lat="46.473934531" lon="6.413077265">
			<ele>409.6</ele>
		</trkpt>
		<trkpt lat="46.473947606" lon="6.412997972">
			<ele>409.6</ele>
		</trkpt>
		<trkpt lat="46.473997562" lon="6.412958829">
			<ele>409.9</ele>
		</trkpt>
		<trkpt lat="46.473886251" lon="6.408519773">
			<ele>402.1</ele>
		</trkpt>
		<trkpt lat="46.473785836" lon="6.407837067">
			<ele>398.9</ele>
		</trkpt>
		<trkpt lat="46.473632028" lon="6.407333817">
			<ele>396.8</ele>
		</trkpt>
		<trkpt lat="46.473151577" lon="6.406248612">
			<ele>393.6</ele>
		</trkpt>
		<trkpt lat="46.472656542" lon="6.405252842">
			<ele>395.3</ele>
		</trkpt>
		<trkpt lat="46.472217833" lon="6.40452873">
			<ele>392.9</ele>
		</trkpt>
		<trkpt lat="46.47156153" lon="6.403693389">
			<ele>391.9</ele>
		</trkpt>
		<trkpt lat="46.470260826" lon="6.402466698">
			<ele>388.6</ele>
		</trkpt>
		<trkpt lat="46.46995036" lon="6.4021248">
			<ele>389.9</ele>
		</trkpt>
		<trkpt lat="46.469433029" lon="6.401470257">
			<ele>391.8</ele>
		</trkpt>
		<trkpt lat="46.469180483" lon="6.401020065">
			<ele>394.6</ele>
		</trkpt>
		<trkpt lat="46.469066656" lon="6.400581691">
			<ele>394.7</ele>
		</trkpt>
		<trkpt lat="46.469063807" lon="6.400074838">
			<ele>396.7</ele>
		</trkpt>
		<trkpt lat="46.469198252" lon="6.399535378">
			<ele>399.3</ele>
		</trkpt>
		<trkpt lat="46.469576192" lon="6.398382615">
			<ele>402.5</ele>
		</trkpt>
		<trkpt lat="46.469713404" lon="6.397804013">
			<ele>405.1</ele>
		</trkpt>
		<trkpt lat="46.469764282" lon="6.397432862">
			<ele>406.1</ele>
		</trkpt>
		<trkpt lat="46.469760259" lon="6.397036063">
			<ele>407.2</ele>
		</trkpt>
		<trkpt lat="46.469622209" lon="6.396265263">
			<ele>405.4</ele>
		</trkpt>
		<trkpt lat="46.469519279" lon="6.396258557">
			<ele>405.4</ele>
		</trkpt>
		<trkpt lat="46.468892229" lon="6.395972231">
			<ele>399.3</ele>
		</trkpt>
		<trkpt lat="46.468531723" lon="6.395764025">
			<ele>396.8</ele>
		</trkpt>
		<trkpt lat="46.468475062" lon="6.395440735">
			<ele>396.1</ele>
		</trkpt>
		<trkpt lat="46.468504315" lon="6.394656776">
			<ele>395</ele>
		</trkpt>
		<trkpt lat="46.46846207" lon="6.394388387">
			<ele>394.3</ele>
		</trkpt>
		<trkpt lat="46.468333743" lon="6.394021846">
			<ele>392.7</ele>
		</trkpt>
		<trkpt lat="46.467639637" lon="6.392797083">
			<ele>387.6</ele>
		</trkpt>
		<trkpt lat="46.467044606" lon="6.39150166">
			<ele>383.5</ele>
		</trkpt>
		<trkpt lat="46.466058224" lon="6.389625957">
			<ele>377.8</ele>
		</trkpt>
		<trkpt lat="46.465693527" lon="6.388715683">
			<ele>375.7</ele>
		</trkpt>
		<trkpt lat="46.465482303" lon="6.388350483">
			<ele>375.3</ele>
		</trkpt>
		<trkpt lat="46.465308295" lon="6.388133056">
			<ele>375.2</ele>
		</trkpt>
		<trkpt lat="46.464762214" lon="6.387168719">
			<ele>377</ele>
		</trkpt>
		<trkpt lat="46.46438989" lon="6.386482073">
			<ele>376.9</ele>
		</trkpt>
		<trkpt lat="46.464322667" lon="6.386267245">
			<ele>376</ele>
		</trkpt>
		<trkpt lat="46.464390812" lon="6.385318581">
			<ele>375.1</ele>
		</trkpt>
		<trkpt lat="46.464434901" lon="6.385047091">
			<ele>375.2</ele>
		</trkpt>
		<trkpt lat="46.465639548" lon="6.381506575">
			<ele>376.1</ele>
		</trkpt>
		<trkpt lat="46.465662179" lon="6.381206671">
			<ele>376.7</ele>
		</trkpt>
		<trkpt lat="46.465556818" lon="6.379278833">
			<ele>379.8</ele>
		</trkpt>
		<trkpt lat="46.465621443" lon="6.378320027">
			<ele>379.6</ele>
		</trkpt>
		<trkpt lat="46.465673411" lon="6.37809732">
			<ele>379.5</ele>
		</trkpt>
		<trkpt lat="46.465750021" lon="6.377960443">
			<ele>379.5</ele>
		</trkpt>
		<trkpt lat="46.466002819" lon="6.377638327">
			<ele>384.1</ele>
		</trkpt>
		<trkpt lat="46.466176995" lon="6.37749684">
			<ele>387.5</ele>
		</trkpt>
		<trkpt lat="46.466142965" lon="6.377166845">
			<ele>387.5</ele>
		</trkpt>
		<trkpt lat="46.466289648" lon="6.377027705">
			<ele>387.9</ele>
		</trkpt>
		<trkpt lat="46.46636936" lon="6.376819918">
			<ele>392.7</ele>
		</trkpt>
		<trkpt lat="46.466427698" lon="6.376441726">
			<ele>393.1</ele>
		</trkpt>
		<trkpt lat="46.466489389" lon="6.375444364">
			<ele>392.1</ele>
		</trkpt>
		<trkpt lat="46.467155582" lon="6.372822421">
			<ele>407.3</ele>
		</trkpt>
		<trkpt lat="46.467186596" lon="6.371994372">
			<ele>409.2</ele>
		</trkpt>
		<trkpt lat="46.46732716" lon="6.371125169">
			<ele>410.4</ele>
		</trkpt>
		<trkpt lat="46.467608541" lon="6.368947048">
			<ele>415.5</ele>
		</trkpt>
		<trkpt lat="46.467991426" lon="6.367554311">
			<ele>417.4</ele>
		</trkpt>
		<trkpt lat="46.468032078" lon="6.366325691">
			<ele>418.1</ele>
		</trkpt>
		<trkpt lat="46.467847676" lon="6.366133159">
			<ele>418.6</ele>
		</trkpt>
		<trkpt lat="46.467754805" lon="6.365912296">
			<ele>419.1</ele>
		</trkpt>
		<trkpt lat="46.467579623" lon="6.364501873">
			<ele>420.5</ele>
		</trkpt>
		<trkpt lat="46.467610133" lon="6.363786478">
			<ele>420.5</ele>
		</trkpt>
		<trkpt lat="46.467809539" lon="6.362270778">
			<ele>419.5</ele>
		</trkpt>
		<trkpt lat="46.467911798" lon="6.362000713">
			<ele>419.3</ele>
		</trkpt>
		<trkpt lat="46.468127464" lon="6.361814467">
			<ele>419.2</ele>
		</trkpt>
		<trkpt lat="46.468177001" lon="6.361915385">
			<ele>419</ele>
		</trkpt>
		<trkpt lat="46.468294013" lon="6.361826872">
			<ele>419</ele>
		</trkpt>
		<trkpt lat="46.468742025" lon="6.361653954">
			<ele>418.2</ele>
		</trkpt>
		<trkpt lat="46.468907819" lon="6.361510037">
			<ele>418.2</ele>
		</trkpt>
		<trkpt lat="46.469101274" lon="6.36118683">
			<ele>418.1</ele>
		</trkpt>
		<trkpt lat="46.469471502" lon="6.360092154">
			<ele>417.2</ele>
		</trkpt>
		<trkpt lat="46.469711644" lon="6.359667946">
			<ele>417.5</ele>
		</trkpt>
		<trkpt lat="46.469922281" lon="6.35944549">
			<ele>417.8</ele>
		</trkpt>
		<trkpt lat="46.470819312" lon="6.358778542">
			<ele>418.6</ele>
		</trkpt>
		<trkpt lat="46.470550672" lon="6.358150654">
			<ele>416.8</ele>
		</trkpt>
		<trkpt lat="46.470249343" lon="6.35660084">
			<ele>416.6</ele>
		</trkpt>
		<trkpt lat="46.470058655" lon="6.355797183">
			<ele>416.5</ele>
		</trkpt>
		<trkpt lat="46.469774424" lon="6.354752043">
			<ele>415.7</ele>
		</trkpt>
		<trkpt lat="46.469367902" lon="6.353574721">
			<ele>415.1</ele>
		</trkpt>
		<trkpt lat="46.469386929" lon="6.353328964">
			<ele>415.5</ele>
		</trkpt>
		<trkpt lat="46.46989043" lon="6.353022773">
			<ele>419.1</ele>
		</trkpt>
		<trkpt lat="46.469929154" lon="6.352932751">
			<ele>419.1</ele>
		</trkpt>
		<trkpt lat="46.469925969" lon="6.35285438">
			<ele>419.8</ele>
		</trkpt>
		<trkpt lat="46.468836992" lon="6.34998031">
			<ele>412.9</ele>
		</trkpt>
		<trkpt lat="46.466849308" lon="6.345345536">
			<ele>407.4</ele>
		</trkpt>
		<trkpt lat="46.468138193" lon="6.344458144">
			<ele>420.3</ele>
		</trkpt>
		<trkpt lat="46.467598566" lon="6.342303073">
			<ele>423.5</ele>
		</trkpt>
		<trkpt lat="46.467098418" lon="6.340558715">
			<ele>424</ele>
		</trkpt>
		<trkpt lat="46.46664831" lon="6.339201853">
			<ele>423.8</ele>
		</trkpt>
		<trkpt lat="46.46634698" lon="6.338449242">
			<ele>422.9</ele>
		</trkpt>
		<trkpt lat="46.466280763" lon="6.338446308">
			<ele>421.9</ele>
		</trkpt>
		<trkpt lat="46.466220581" lon="6.338383947">
			<ele>421.9</ele>
		</trkpt>
		<trkpt lat="46.466102396" lon="6.338003408">
			<ele>420.1</ele>
		</trkpt>
		<trkpt lat="46.466034" lon="6.337874578">
			<ele>420.1</ele>
		</trkpt>
		<trkpt lat="46.465545251" lon="6.338116145">
			<ele>417.3</ele>
		</trkpt>
		<trkpt lat="46.464846117" lon="6.338107679">
			<ele>413.6</ele>
		</trkpt>
		<trkpt lat="46.464780822" lon="6.338022351">
			<ele>412.2</ele>
		</trkpt>
		<trkpt lat="46.464580913" lon="6.337549025">
			<ele>411.1</ele>
		</trkpt>
		<trkpt lat="46.464526682" lon="6.337497141">
			<ele>410.9</ele>
		</trkpt>
		<trkpt lat="46.463676087" lon="6.337994775">
			<ele>405.8</ele>
		</trkpt>
		<trkpt lat="46.463306864" lon="6.338270456">
			<ele>401.1</ele>
		</trkpt>
		<trkpt lat="46.463205275" lon="6.338283867">
			<ele>401.1</ele>
		</trkpt>
		<trkpt lat="46.463180968" lon="6.338144727">
			<ele>401.1</ele>
		</trkpt>
		<trkpt lat="46.462421567" lon="6.336433813">
			<ele>399.7</ele>
		</trkpt>
		<trkpt lat="46.462079418" lon="6.336897332">
			<ele>396.8</ele>
		</trkpt>
		<trkpt lat="46.461549347" lon="6.337308716">
			<ele>392.6</ele>
		</trkpt>
		<trkpt lat="46.461531996" lon="6.337398067">
			<ele>392.6</ele>
		</trkpt>
		<trkpt lat="46.461482291" lon="6.337400833">
			<ele>391.6</ele>
		</trkpt>
		<trkpt lat="46.461457229" lon="6.337346854">
			<ele>391.6</ele>
		</trkpt>
		<trkpt lat="46.461473323" lon="6.33728642">
			<ele>391.6</ele>
		</trkpt>
		<trkpt lat="46.461375925" lon="6.33709766">
			<ele>392.3</ele>
		</trkpt>
		<trkpt lat="46.461364107" lon="6.336956928">
			<ele>392.8</ele>
		</trkpt>
		<trkpt lat="46.461489751" lon="6.335375514">
			<ele>396.4</ele>
		</trkpt>
		<trkpt lat="46.461468713" lon="6.335176192">
			<ele>396.9</ele>
		</trkpt>
		<trkpt lat="46.461407692" lon="6.335005872">
			<ele>398.3</ele>
		</trkpt>
		<trkpt lat="46.461267715" lon="6.334790206">
			<ele>398.4</ele>
		</trkpt>
		<trkpt lat="46.459649672" lon="6.333222287">
			<ele>398.3</ele>
		</trkpt>
		<trkpt lat="46.460094081" lon="6.331840027">
			<ele>403.1</ele>
		</trkpt>
		<trkpt lat="46.460420639" lon="6.331097307">
			<ele>405.1</ele>
		</trkpt>
		<trkpt lat="46.460826072" lon="6.329955775">
			<ele>408.6</ele>
		</trkpt>
		<trkpt lat="46.461120445" lon="6.328570163">
			<ele>413</ele>
		</trkpt>
		<trkpt lat="46.461373327" lon="6.327733565">
			<ele>415.8</ele>
		</trkpt>
		<trkpt lat="46.461192697" lon="6.327530723">
			<ele>415.7</ele>
		</trkpt>
		<trkpt lat="46.459851844" lon="6.325254701">
			<ele>421.8</ele>
		</trkpt>
		<trkpt lat="46.458484923" lon="6.323342538">
			<ele>424.2</ele>
		</trkpt>
		<trkpt lat="46.458382831" lon="6.323216725">
			<ele>425</ele>
		</trkpt>
		<trkpt lat="46.458210918" lon="6.323090745">
			<ele>424.4</ele>
		</trkpt>
		<trkpt lat="46.457977315" lon="6.323077753">
			<ele>423.8</ele>
		</trkpt>
		<trkpt lat="46.458500932" lon="6.322057089">
			<ele>428.5</ele>
		</trkpt>
		<trkpt lat="46.459044331" lon="6.321172128">
			<ele>431.9</ele>
		</trkpt>
		<trkpt lat="46.459638189" lon="6.320502413">
			<ele>436.1</ele>
		</trkpt>
		<trkpt lat="46.459583706" lon="6.320340727">
			<ele>435.3</ele>
		</trkpt>
		<trkpt lat="46.455866751" lon="6.314942613">
			<ele>437.1</ele>
		</trkpt>
		<trkpt lat="46.455875301" lon="6.314757206">
			<ele>438.2</ele>
		</trkpt>
		<trkpt lat="46.456041933" lon="6.314349677">
			<ele>439.7</ele>
		</trkpt>
		<trkpt lat="46.456606957" lon="6.313559934">
			<ele>443.6</ele>
		</trkpt>
		<trkpt lat="46.45450771" lon="6.307844315">
			<ele>452.5</ele>
		</trkpt>
		<trkpt lat="46.454726058" lon="6.307522533">
			<ele>453.7</ele>
		</trkpt>
		<trkpt lat="46.455200809" lon="6.306673279">
			<ele>455.9</ele>
		</trkpt>
		<trkpt lat="46.45525437" lon="6.306536822">
			<ele>455.9</ele>
		</trkpt>
		<trkpt lat="46.455302901" lon="6.306236666">
			<ele>456.2</ele>
		</trkpt>
		<trkpt lat="46.455366017" lon="6.306086546">
			<ele>457</ele>
		</trkpt>
		<trkpt lat="46.455181279" lon="6.306238342">
			<ele>456.2</ele>
		</trkpt>
		<trkpt lat="46.452845662" lon="6.308971597">
			<ele>444.2</ele>
		</trkpt>
		<trkpt lat="46.452591607" lon="6.309404941">
			<ele>443.3</ele>
		</trkpt>
		<trkpt lat="46.452053153" lon="6.310559297">
			<ele>438.5</ele>
		</trkpt>
		<trkpt lat="46.451793398" lon="6.310883341">
			<ele>438.6</ele>
		</trkpt>
		<trkpt lat="46.45169139" lon="6.310953079">
			<ele>438.6</ele>
		</trkpt>
		<trkpt lat="46.451442951" lon="6.311012423">
			<ele>438.9</ele>
		</trkpt>
		<trkpt lat="46.450578441" lon="6.311118202">
			<ele>436.3</ele>
		</trkpt>
		<trkpt lat="46.447129288" lon="6.304162815">
			<ele>433.5</ele>
		</trkpt>
		<trkpt lat="46.444872712" lon="6.29882656">
			<ele>430.9</ele>
		</trkpt>
		<trkpt lat="46.444742793" lon="6.298927814">
			<ele>430.4</ele>
		</trkpt>
		<trkpt lat="46.444659728" lon="6.29890074">
			<ele>430.4</ele>
		</trkpt>
		<trkpt lat="46.444635085" lon="6.29884827">
			<ele>430.4</ele>
		</trkpt>
		<trkpt lat="46.444149102" lon="6.297508003">
			<ele>428</ele>
		</trkpt>
		<trkpt lat="46.44311092" lon="6.294347523">
			<ele>422.3</ele>
		</trkpt>
		<trkpt lat="46.443034812" lon="6.294033285">
			<ele>422.1</ele>
		</trkpt>
		<trkpt lat="46.443023664" lon="6.293859193">
			<ele>422.1</ele>
		</trkpt>
		<trkpt lat="46.443062891" lon="6.293596169">
			<ele>422.4</ele>
		</trkpt>
		<trkpt lat="46.443115195" lon="6.293469183">
			<ele>423.2</ele>
		</trkpt>
		<trkpt lat="46.442978067" lon="6.293287212">
			<ele>423.1</ele>
		</trkpt>
		<trkpt lat="46.442831299" lon="6.292973561">
			<ele>423</ele>
		</trkpt>
		<trkpt lat="46.43999721" lon="6.286275415">
			<ele>422.8</ele>
		</trkpt>
		<trkpt lat="46.439632011" lon="6.285539651">
			<ele>422.4</ele>
		</trkpt>
		<trkpt lat="46.439550623" lon="6.285756743">
			<ele>422.4</ele>
		</trkpt>
		<trkpt lat="46.439413411" lon="6.285609892">
			<ele>422.4</ele>
		</trkpt>
		<trkpt lat="46.439222303" lon="6.28530412">
			<ele>422.1</ele>
		</trkpt>
		<trkpt lat="46.433482628" lon="6.274311505">
			<ele>420.5</ele>
		</trkpt>
		<trkpt lat="46.433404005" lon="6.274307985">
			<ele>420.5</ele>
		</trkpt>
		<trkpt lat="46.433284479" lon="6.274445197">
			<ele>421.1</ele>
		</trkpt>
		<trkpt lat="46.433199822" lon="6.27444528">
			<ele>421.5</ele>
		</trkpt>
		<trkpt lat="46.43301014" lon="6.274221987">
			<ele>421.4</ele>
		</trkpt>
		<trkpt lat="46.432763544" lon="6.274113609">
			<ele>421.1</ele>
		</trkpt>
		<trkpt lat="46.431979501" lon="6.273593595">
			<ele>419.8</ele>
		</trkpt>
		<trkpt lat="46.431801553" lon="6.273343815">
			<ele>420.4</ele>
		</trkpt>
		<trkpt lat="46.43127475" lon="6.272443933">
			<ele>424.1</ele>
		</trkpt>
		<trkpt lat="46.431175928" lon="6.272417614">
			<ele>424.2</ele>
		</trkpt>
		<trkpt lat="46.43099446" lon="6.272636801">
			<ele>423.8</ele>
		</trkpt>
		<trkpt lat="46.427354451" lon="6.267041042">
			<ele>427.6</ele>
		</trkpt>
		<trkpt lat="46.42579835" lon="6.264950009">
			<ele>430.6</ele>
		</trkpt>
		<trkpt lat="46.425386296" lon="6.264161607">
			<ele>430.7</ele>
		</trkpt>
		<trkpt lat="46.423419147" lon="6.261737896">
			<ele>431.4</ele>
		</trkpt>
		<trkpt lat="46.423100048" lon="6.261440171">
			<ele>431.9</ele>
		</trkpt>
		<trkpt lat="46.422703332" lon="6.261161054">
			<ele>431.4</ele>
		</trkpt>
		<trkpt lat="46.422680031" lon="6.26103499">
			<ele>431.4</ele>
		</trkpt>
		<trkpt lat="46.422608282" lon="6.261038259">
			<ele>430.9</ele>
		</trkpt>
		<trkpt lat="46.422581124" lon="6.261126352">
			<ele>430.9</ele>
		</trkpt>
		<trkpt lat="46.422298319" lon="6.261172201">
			<ele>430.1</ele>
		</trkpt>
		<trkpt lat="46.420254476" lon="6.261151666">
			<ele>426.1</ele>
		</trkpt>
		<trkpt lat="46.419700683" lon="6.261083102">
			<ele>424.4</ele>
		</trkpt>
		<trkpt lat="46.419412178" lon="6.260985872">
			<ele>422.3</ele>
		</trkpt>
		<trkpt lat="46.419052511" lon="6.260799039">
			<ele>420.8</ele>
		</trkpt>
		<trkpt lat="46.41775692" lon="6.259841574">
			<ele>420.4</ele>
		</trkpt>
		<trkpt lat="46.416815129" lon="6.25932022">
			<ele>416.3</ele>
		</trkpt>
		<trkpt lat="46.416274245" lon="6.259091729">
			<ele>414.9</ele>
		</trkpt>
		<trkpt lat="46.415539404" lon="6.258993745">
			<ele>413.1</ele>
		</trkpt>
		<trkpt lat="46.415226507" lon="6.258877823">
			<ele>413</ele>
		</trkpt>
		<trkpt lat="46.414913359" lon="6.258619828">
			<ele>412.3</ele>
		</trkpt>
		<trkpt lat="46.414638349" lon="6.2583014">
			<ele>411.4</ele>
		</trkpt>
		<trkpt lat="46.413671664" lon="6.256670617">
			<ele>412.1</ele>
		</trkpt>
		<trkpt lat="46.413542667" lon="6.256282367">
			<ele>412.4</ele>
		</trkpt>
		<trkpt lat="46.413455243" lon="6.255112924">
			<ele>414</ele>
		</trkpt>
		<trkpt lat="46.413380225" lon="6.254893569">
			<ele>413.9</ele>
		</trkpt>
		<trkpt lat="46.413249216" lon="6.254780749">
			<ele>413.9</ele>
		</trkpt>
		<trkpt lat="46.411560766" lon="6.253985306">
			<ele>416.6</ele>
		</trkpt>
		<trkpt lat="46.411492621" lon="6.253901822">
			<ele>417.2</ele>
		</trkpt>
		<trkpt lat="46.410762976" lon="6.255776603">
			<ele>414.8</ele>
		</trkpt>
		<trkpt lat="46.410690389" lon="6.256087655">
			<ele>414</ele>
		</trkpt>
		<trkpt lat="46.410567259" lon="6.257263049">
			<ele>413.3</ele>
		</trkpt>
		<trkpt lat="46.410477824" lon="6.257611904">
			<ele>413.6</ele>
		</trkpt>
		<trkpt lat="46.409486077" lon="6.259905277">
			<ele>410.6</ele>
		</trkpt>
		<trkpt lat="46.409248282" lon="6.260294868">
			<ele>409.6</ele>
		</trkpt>
		<trkpt lat="46.409052816" lon="6.260532998">
			<ele>408.5</ele>
		</trkpt>
		<trkpt lat="46.407287923" lon="6.257807873">
			<ele>409.5</ele>
		</trkpt>
		<trkpt lat="46.407232183" lon="6.257563457">
			<ele>409.5</ele>
		</trkpt>
		<trkpt lat="46.407241403" lon="6.257201442">
			<ele>409.6</ele>
		</trkpt>
		<trkpt lat="46.407167978" lon="6.25699684">
			<ele>409.6</ele>
		</trkpt>
		<trkpt lat="46.402967052" lon="6.253238982">
			<ele>411.7</ele>
		</trkpt>
		<trkpt lat="46.402032051" lon="6.252355194">
			<ele>415.5</ele>
		</trkpt>
		<trkpt lat="46.401791071" lon="6.252275649">
			<ele>417.1</ele>
		</trkpt>
		<trkpt lat="46.401100905" lon="6.252244385">
			<ele>419.4</ele>
		</trkpt>
		<trkpt lat="46.400783398" lon="6.252051517">
			<ele>419.8</ele>
		</trkpt>
		<trkpt lat="46.401047345" lon="6.251445338">
			<ele>421.4</ele>
		</trkpt>
		<trkpt lat="46.396945157" lon="6.246247971">
			<ele>417.2</ele>
		</trkpt>
		<trkpt lat="46.395401462" lon="6.244353829">
			<ele>416.9</ele>
		</trkpt>
		<trkpt lat="46.394908522" lon="6.243797019">
			<ele>417.2</ele>
		</trkpt>
		<trkpt lat="46.394630076" lon="6.24352444">
			<ele>417.2</ele>
		</trkpt>
		<trkpt lat="46.394321203" lon="6.243383959">
			<ele>416.7</ele>
		</trkpt>
		<trkpt lat="46.394294632" lon="6.243309695">
			<ele>416.7</ele>
		</trkpt>
		<trkpt lat="46.394254147" lon="6.243323693">
			<ele>416.7</ele>
		</trkpt>
		<trkpt lat="46.394137387" lon="6.243126635">
			<ele>416.9</ele>
		</trkpt>
		<trkpt lat="46.393969665" lon="6.242936281">
			<ele>417.2</ele>
		</trkpt>
		<trkpt lat="46.393317134" lon="6.242477624">
			<ele>419.7</ele>
		</trkpt>
		<trkpt lat="46.392270654" lon="6.241906649">
			<ele>419.4</ele>
		</trkpt>
		<trkpt lat="46.39172407" lon="6.24167514">
			<ele>419.6</ele>
		</trkpt>
		<trkpt lat="46.390793846" lon="6.241354952">
			<ele>420.4</ele>
		</trkpt>
		<trkpt lat="46.390882108" lon="6.240789508">
			<ele>418.7</ele>
		</trkpt>
		<trkpt lat="46.391580404" lon="6.238132948">
			<ele>421.6</ele>
		</trkpt>
		<trkpt lat="46.39082159" lon="6.238035047">
			<ele>416.2</ele>
		</trkpt>
		<trkpt lat="46.390485811" lon="6.238075783">
			<ele>413.1</ele>
		</trkpt>
		<trkpt lat="46.390180123" lon="6.238163458">
			<ele>411.3</ele>
		</trkpt>
		<trkpt lat="46.389489371" lon="6.238473505">
			<ele>406.2</ele>
		</trkpt>
		<trkpt lat="46.38882435" lon="6.238661595">
			<ele>407.1</ele>
		</trkpt>
		<trkpt lat="46.388451356" lon="6.238815654">
			<ele>406.4</ele>
		</trkpt>
		<trkpt lat="46.3880362" lon="6.239167443">
			<ele>406.5</ele>
		</trkpt>
		<trkpt lat="46.387591205" lon="6.239895411">
			<ele>403.4</ele>
		</trkpt>
		<trkpt lat="46.386272815" lon="6.24101934">
			<ele>396.1</ele>
		</trkpt>
		<trkpt lat="46.38603896" lon="6.241145823">
			<ele>397</ele>
		</trkpt>
		<trkpt lat="46.385785659" lon="6.241182117">
			<ele>397.6</ele>
		</trkpt>
		<trkpt lat="46.385615423" lon="6.241140123">
			<ele>397.9</ele>
		</trkpt>
		<trkpt lat="46.384450003" lon="6.240709461">
			<ele>398.6</ele>
		</trkpt>
		<trkpt lat="46.38479936" lon="6.239578994">
			<ele>402.1</ele>
		</trkpt>
		<trkpt lat="46.384857615" lon="6.238947837">
			<ele>404</ele>
		</trkpt>
		<trkpt lat="46.384908493" lon="6.238887403">
			<ele>404</ele>
		</trkpt>
		<trkpt lat="46.384881922" lon="6.23881381">
			<ele>404.8</ele>
		</trkpt>
		<trkpt lat="46.38504713" lon="6.238479288">
			<ele>405.3</ele>
		</trkpt>
		<trkpt lat="46.385381148" lon="6.2379291">
			<ele>405.2</ele>
		</trkpt>
		<trkpt lat="46.385440576" lon="6.237737909">
			<ele>405.5</ele>
		</trkpt>
		<trkpt lat="46.385432194" lon="6.237613522">
			<ele>405.5</ele>
		</trkpt>
		<trkpt lat="46.384808916" lon="6.236815648">
			<ele>405.8</ele>
		</trkpt>
		<trkpt lat="46.384686456" lon="6.236746581">
			<ele>405.9</ele>
		</trkpt>
		<trkpt lat="46.384637925" lon="6.23660937">
			<ele>406</ele>
		</trkpt>
		<trkpt lat="46.383935941" lon="6.235750224">
			<ele>406.2</ele>
		</trkpt>
		<trkpt lat="46.383769392" lon="6.235613851">
			<ele>405.4</ele>
		</trkpt>
		<trkpt lat="46.38333697" lon="6.235116804">
			<ele>404.2</ele>
		</trkpt>
		<trkpt lat="46.383204117" lon="6.234845147">
			<ele>403.4</ele>
		</trkpt>
		<trkpt lat="46.383228508" lon="6.234780857">
			<ele>403.1</ele>
		</trkpt>
		<trkpt lat="46.383208224" lon="6.234719502">
			<ele>403.1</ele>
		</trkpt>
		<trkpt lat="46.383135553" lon="6.234727465">
			<ele>403.1</ele>
		</trkpt>
		<trkpt lat="46.38179185" lon="6.23298361">
			<ele>404.3</ele>
		</trkpt>
		<trkpt lat="46.3806442" lon="6.231705621">
			<ele>405.4</ele>
		</trkpt>
		<trkpt lat="46.380664819" lon="6.231625741">
			<ele>405.4</ele>
		</trkpt>
		<trkpt lat="46.379885386" lon="6.230630055">
			<ele>400.1</ele>
		</trkpt>
		<trkpt lat="46.379241321" lon="6.230009794">
			<ele>396.7</ele>
		</trkpt>
		<trkpt lat="46.378745866" lon="6.229439992">
			<ele>392.4</ele>
		</trkpt>
		<trkpt lat="46.377983197" lon="6.228534579">
			<ele>395.1</ele>
		</trkpt>
		<trkpt lat="46.377523785" lon="6.227888586">
			<ele>397.7</ele>
		</trkpt>
		<trkpt lat="46.376562213" lon="6.226917459">
			<ele>399.1</ele>
		</trkpt>
		<trkpt lat="46.37634839" lon="6.226821151">
			<ele>398.2</ele>
		</trkpt>
		<trkpt lat="46.376401616" lon="6.226787539">
			<ele>399.1</ele>
		</trkpt>
		<trkpt lat="46.376608984" lon="6.226472547">
			<ele>400.6</ele>
		</trkpt>
		<trkpt lat="46.377927876" lon="6.224360475">
			<ele>408.3</ele>
		</trkpt>
		<trkpt lat="46.378575211" lon="6.223398568">
			<ele>406.1</ele>
		</trkpt>
		<trkpt lat="46.379208128" lon="6.221465198">
			<ele>407.6</ele>
		</trkpt>
		<trkpt lat="46.379165716" lon="6.220618542">
			<ele>411.5</ele>
		</trkpt>
		<trkpt lat="46.37919698" lon="6.220274381">
			<ele>410.3</ele>
		</trkpt>
		<trkpt lat="46.379192286" lon="6.21931348">
			<ele>409.8</ele>
		</trkpt>
		<trkpt lat="46.379121459" lon="6.218821295">
			<ele>412.7</ele>
		</trkpt>
		<trkpt lat="46.378865476" lon="6.218013112">
			<ele>415.4</ele>
		</trkpt>
		<trkpt lat="46.377362936" lon="6.214476535">
			<ele>418.7</ele>
		</trkpt>
		<trkpt lat="46.376693725" lon="6.212032372">
			<ele>424.3</ele>
		</trkpt>
		<trkpt lat="46.376255184" lon="6.210579285">
			<ele>424</ele>
		</trkpt>
		<trkpt lat="46.376070027" lon="6.210100595">
			<ele>422.6</ele>
		</trkpt>
		<trkpt lat="46.375763753" lon="6.209462816">
			<ele>421.6</ele>
		</trkpt>
		<trkpt lat="46.375490419" lon="6.208618255">
			<ele>422.1</ele>
		</trkpt>
		<trkpt lat="46.375416742" lon="6.208592942">
			<ele>422.7</ele>
		</trkpt>
		<trkpt lat="46.375414144" lon="6.208084915">
			<ele>424.8</ele>
		</trkpt>
		<trkpt lat="46.375500645" lon="6.207017647">
			<ele>429</ele>
		</trkpt>
		<trkpt lat="46.375489581" lon="6.206566114">
			<ele>429.9</ele>
		</trkpt>
		<trkpt lat="46.37527886" lon="6.204985622">
			<ele>431.5</ele>
		</trkpt>
		<trkpt lat="46.375050453" lon="6.203946685">
			<ele>432.3</ele>
		</trkpt>
		<trkpt lat="46.374985074" lon="6.203842917">
			<ele>432.3</ele>
		</trkpt>
		<trkpt lat="46.3723291" lon="6.202508854">
			<ele>438.7</ele>
		</trkpt>
		<trkpt lat="46.368720104" lon="6.20014281">
			<ele>442.1</ele>
		</trkpt>
		<trkpt lat="46.368293633" lon="6.19978725">
			<ele>444.5</ele>
		</trkpt>
		<trkpt lat="46.365458706" lon="6.197060952">
			<ele>441.8</ele>
		</trkpt>
		<trkpt lat="46.365194424" lon="6.197506031">
			<ele>442</ele>
		</trkpt>
		<trkpt lat="46.36481288" lon="6.198007856">
			<ele>442.4</ele>
		</trkpt>
		<trkpt lat="46.363921716" lon="6.199053582">
			<ele>441.7</ele>
		</trkpt>
		<trkpt lat="46.363096937" lon="6.199899651">
			<ele>440.9</ele>
		</trkpt>
		<trkpt lat="46.362909685" lon="6.200151527">
			<ele>440.4</ele>
		</trkpt>
		<trkpt lat="46.362555466" lon="6.200799197">
			<ele>439.5</ele>
		</trkpt>
		<trkpt lat="46.359739314" lon="6.206384981">
			<ele>425.8</ele>
		</trkpt>
		<trkpt lat="46.359331199" lon="6.206076443">
			<ele>426.5</ele>
		</trkpt>
		<trkpt lat="46.358538523" lon="6.205356354">
			<ele>424.9</ele>
		</trkpt>
		<trkpt lat="46.357392968" lon="6.204057746">
			<ele>423.9</ele>
		</trkpt>
		<trkpt lat="46.357178391" lon="6.203628592">
			<ele>423.9</ele>
		</trkpt>
		<trkpt lat="46.357050735" lon="6.203445867">
			<ele>424.4</ele>
		</trkpt>
		<trkpt lat="46.356114811" lon="6.202440625">
			<ele>426.7</ele>
		</trkpt>
		<trkpt lat="46.355569317" lon="6.201553904">
			<ele>426.5</ele>
		</trkpt>
		<trkpt lat="46.354856353" lon="6.200646982">
			<ele>424.7</ele>
		</trkpt>
		<trkpt lat="46.354369196" lon="6.199960923">
			<ele>425.5</ele>
		</trkpt>
		<trkpt lat="46.353525306" lon="6.198501382">
			<ele>427.9</ele>
		</trkpt>
		<trkpt lat="46.352842768" lon="6.197474431">
			<ele>431</ele>
		</trkpt>
		<trkpt lat="46.35248595" lon="6.196634062">
			<ele>431.3</ele>
		</trkpt>
		<trkpt lat="46.352230721" lon="6.196207423">
			<ele>431.8</ele>
		</trkpt>
		<trkpt lat="46.351180553" lon="6.195387421">
			<ele>431.9</ele>
		</trkpt>
		<trkpt lat="46.351104864" lon="6.195408795">
			<ele>431.9</ele>
		</trkpt>
		<trkpt lat="46.350986428" lon="6.195614655">
			<ele>431.8</ele>
		</trkpt>
		<trkpt lat="46.350872685" lon="6.195674166">
			<ele>431.7</ele>
		</trkpt>
		<trkpt lat="46.35041495" lon="6.195276193">
			<ele>431.4</ele>
		</trkpt>
		<trkpt lat="46.350336579" lon="6.195498398">
			<ele>430.3</ele>
		</trkpt>
		<trkpt lat="46.350186794" lon="6.196144139">
			<ele>427.2</ele>
		</trkpt>
		<trkpt lat="46.350126528" lon="6.196264252">
			<ele>425.3</ele>
		</trkpt>
		<trkpt lat="46.350049666" lon="6.196317477">
			<ele>423.2</ele>
		</trkpt>
		<trkpt lat="46.34990885" lon="6.196285207">
			<ele>423.6</ele>
		</trkpt>
		<trkpt lat="46.349426053" lon="6.195817245">
			<ele>421.7</ele>
		</trkpt>
		<trkpt lat="46.349347598" lon="6.195795368">
			<ele>421.7</ele>
		</trkpt>
		<trkpt lat="46.349229832" lon="6.195867034">
			<ele>420.3</ele>
		</trkpt>
		<trkpt lat="46.349181301" lon="6.195997037">
			<ele>420.3</ele>
		</trkpt>
		<trkpt lat="46.349204016" lon="6.196274981">
			<ele>418.3</ele>
		</trkpt>
		<trkpt lat="46.349611377" lon="6.197611559">
			<ele>412.7</ele>
		</trkpt>
		<trkpt lat="46.349605509" lon="6.197836278">
			<ele>411.6</ele>
		</trkpt>
		<trkpt lat="46.349545998" lon="6.198008694">
			<ele>410.5</ele>
		</trkpt>
		<trkpt lat="46.349283644" lon="6.198315974">
			<ele>408</ele>
		</trkpt>
		<trkpt lat="46.348879804" lon="6.198999686">
			<ele>401.3</ele>
		</trkpt>
		<trkpt lat="46.348827669" lon="6.199196745">
			<ele>399.9</ele>
		</trkpt>
		<trkpt lat="46.348817359" lon="6.199423894">
			<ele>399.2</ele>
		</trkpt>
		<trkpt lat="46.348914589" lon="6.199823879">
			<ele>399.4</ele>
		</trkpt>
		<trkpt lat="46.348697498" lon="6.199956732">
			<ele>398</ele>
		</trkpt>
		<trkpt lat="46.348397845" lon="6.199986236">
			<ele>395.8</ele>
		</trkpt>
		<trkpt lat="46.34744499" lon="6.199552137">
			<ele>396</ele>
		</trkpt>
		<trkpt lat="46.345315232" lon="6.199027514">
			<ele>389.7</ele>
		</trkpt>
		<trkpt lat="46.342182161" lon="6.198343299">
			<ele>391.4</ele>
		</trkpt>
		<trkpt lat="46.341877646" lon="6.198084801">
			<ele>392.1</ele>
		</trkpt>
		<trkpt lat="46.341257888" lon="6.197233284">
			<ele>393.4</ele>
		</trkpt>
		<trkpt lat="46.340809037" lon="6.196804298">
			<ele>392.7</ele>
		</trkpt>
		<trkpt lat="46.340308805" lon="6.196510596">
			<ele>392.9</ele>
		</trkpt>
		<trkpt lat="46.339398279" lon="6.196057135">
			<ele>393.6</ele>
		</trkpt>
		<trkpt lat="46.338500242" lon="6.195436371">
			<ele>395.9</ele>
		</trkpt>
		<trkpt lat="46.338277786" lon="6.195334196">
			<ele>395.3</ele>
		</trkpt>
		<trkpt lat="46.337981318" lon="6.195272421">
			<ele>394.7</ele>
		</trkpt>
		<trkpt lat="46.337386455" lon="6.195241828">
			<ele>394.7</ele>
		</trkpt>
		<trkpt lat="46.336526304" lon="6.194871683">
			<ele>397</ele>
		</trkpt>
		<trkpt lat="46.336052139" lon="6.194774872">
			<ele>397.2</ele>
		</trkpt>
		<trkpt lat="46.33585441" lon="6.194845363">
			<ele>397.2</ele>
		</trkpt>
		<trkpt lat="46.335016555" lon="6.195492027">
			<ele>395.6</ele>
		</trkpt>
		<trkpt lat="46.334583546" lon="6.194706392">
			<ele>397.3</ele>
		</trkpt>
		<trkpt lat="46.334215664" lon="6.194207082">
			<ele>397.8</ele>
		</trkpt>
		<trkpt lat="46.333784416" lon="6.193312062">
			<ele>398.8</ele>
		</trkpt>
		<trkpt lat="46.333375127" lon="6.192847285">
			<ele>398.8</ele>
		</trkpt>
		<trkpt lat="46.333195503" lon="6.1927462">
			<ele>399.4</ele>
		</trkpt>
		<trkpt lat="46.332857796" lon="6.192657687">
			<ele>399.7</ele>
		</trkpt>
		<trkpt lat="46.331818608" lon="6.192182098">
			<ele>402.4</ele>
		</trkpt>
		<trkpt lat="46.331175045" lon="6.191986129">
			<ele>402.3</ele>
		</trkpt>
		<trkpt lat="46.330593928" lon="6.191878002">
			<ele>401.9</ele>
		</trkpt>
		<trkpt lat="46.330131582" lon="6.191678429">
			<ele>401.1</ele>
		</trkpt>
		<trkpt lat="46.330039549" lon="6.191620762">
			<ele>400.5</ele>
		</trkpt>
		<trkpt lat="46.329556667" lon="6.191091696">
			<ele>401.4</ele>
		</trkpt>
		<trkpt lat="46.32905786" lon="6.190613676">
			<ele>403.4</ele>
		</trkpt>
		<trkpt lat="46.32899047" lon="6.190655502">
			<ele>401.9</ele>
		</trkpt>
		<trkpt lat="46.327951868" lon="6.190250572">
			<ele>403.9</ele>
		</trkpt>
		<trkpt lat="46.327367985" lon="6.189958462">
			<ele>404.6</ele>
		</trkpt>
		<trkpt lat="46.326955679" lon="6.18967264">
			<ele>404.9</ele>
		</trkpt>
		<trkpt lat="46.326655272" lon="6.189535093">
			<ele>404.8</ele>
		</trkpt>
		<trkpt lat="46.326326533" lon="6.189429061">
			<ele>403.8</ele>
		</trkpt>
		<trkpt lat="46.325806939" lon="6.189393522">
			<ele>403.2</ele>
		</trkpt>
		<trkpt lat="46.325650952" lon="6.189518915">
			<ele>403</ele>
		</trkpt>
		<trkpt lat="46.325458504" lon="6.189835165">
			<ele>401.2</ele>
		</trkpt>
		<trkpt lat="46.325366135" lon="6.189886797">
			<ele>401.1</ele>
		</trkpt>
		<trkpt lat="46.325234371" lon="6.189875398">
			<ele>400.9</ele>
		</trkpt>
		<trkpt lat="46.323918496" lon="6.189354463">
			<ele>401.2</ele>
		</trkpt>
		<trkpt lat="46.32374432" lon="6.189257232">
			<ele>401.5</ele>
		</trkpt>
		<trkpt lat="46.323398902" lon="6.188973757">
			<ele>401.7</ele>
		</trkpt>
		<trkpt lat="46.322766236" lon="6.188423317">
			<ele>402.4</ele>
		</trkpt>
		<trkpt lat="46.322683758" lon="6.18831276">
			<ele>402.4</ele>
		</trkpt>
		<trkpt lat="46.322616452" lon="6.188316112">
			<ele>402.1</ele>
		</trkpt>
		<trkpt lat="46.321114331" lon="6.187608093">
			<ele>402.3</ele>
		</trkpt>
		<trkpt lat="46.320712167" lon="6.18757314">
			<ele>401.2</ele>
		</trkpt>
		<trkpt lat="46.319816393" lon="6.187767852">
			<ele>398.7</ele>
		</trkpt>
		<trkpt lat="46.319645067" lon="6.187771792">
			<ele>398.6</ele>
		</trkpt>
		<trkpt lat="46.319377265" lon="6.187709933">
			<ele>398.6</ele>
		</trkpt>
		<trkpt lat="46.319105775" lon="6.187569872">
			<ele>399.3</ele>
		</trkpt>
		<trkpt lat="46.318375209" lon="6.186835282">
			<ele>399.4</ele>
		</trkpt>
		<trkpt lat="46.316620792" lon="6.185442461">
			<ele>398.3</ele>
		</trkpt>
		<trkpt lat="46.316250648" lon="6.18527038">
			<ele>397.7</ele>
		</trkpt>
		<trkpt lat="46.315408685" lon="6.184971482">
			<ele>398.4</ele>
		</trkpt>
		<trkpt lat="46.314830166" lon="6.184686916">
			<ele>400.3</ele>
		</trkpt>
		<trkpt lat="46.314385255" lon="6.184361195">
			<ele>401.2</ele>
		</trkpt>
		<trkpt lat="46.313561398" lon="6.183613446">
			<ele>401.1</ele>
		</trkpt>
		<trkpt lat="46.312176707" lon="6.182912551">
			<ele>402.2</ele>
		</trkpt>
		<trkpt lat="46.312288103" lon="6.182275191">
			<ele>403.6</ele>
		</trkpt>
		<trkpt lat="46.312292042" lon="6.181982411">
			<ele>404.2</ele>
		</trkpt>
		<trkpt lat="46.312188777" lon="6.181558119">
			<ele>404.8</ele>
		</trkpt>
		<trkpt lat="46.312053074" lon="6.181303645">
			<ele>405.8</ele>
		</trkpt>
		<trkpt lat="46.311761803" lon="6.180880023">
			<ele>406.5</ele>
		</trkpt>
		<trkpt lat="46.310970552" lon="6.17951503">
			<ele>407.7</ele>
		</trkpt>
		<trkpt lat="46.310628067" lon="6.179028293">
			<ele>407.9</ele>
		</trkpt>
		<trkpt lat="46.309454852" lon="6.177942585">
			<ele>408.9</ele>
		</trkpt>
		<trkpt lat="46.309298027" lon="6.17784108">
			<ele>408.8</ele>
		</trkpt>
		<trkpt lat="46.309087306" lon="6.17778006">
			<ele>408.7</ele>
		</trkpt>
		<trkpt lat="46.30886485" lon="6.176337367">
			<ele>411.5</ele>
		</trkpt>
		<trkpt lat="46.309121168" lon="6.175754322">
			<ele>412.3</ele>
		</trkpt>
		<trkpt lat="46.309909486" lon="6.173584498">
			<ele>414.6</ele>
		</trkpt>
		<trkpt lat="46.309971093" lon="6.173566058">
			<ele>414.6</ele>
		</trkpt>
		<trkpt lat="46.309965561" lon="6.17348819">
			<ele>414.6</ele>
		</trkpt>
		<trkpt lat="46.309927005" lon="6.17346975">
			<ele>414.6</ele>
		</trkpt>
		<trkpt lat="46.309893058" lon="6.173509983">
			<ele>414.6</ele>
		</trkpt>
		<trkpt lat="46.309542862" lon="6.173422057">
			<ele>414.6</ele>
		</trkpt>
		<trkpt lat="46.309041289" lon="6.173223574">
			<ele>413.6</ele>
		</trkpt>
		<trkpt lat="46.308229585" lon="6.172565175">
			<ele>410.9</ele>
		</trkpt>
		<trkpt lat="46.307906547" lon="6.17240198">
			<ele>409.7</ele>
		</trkpt>
		<trkpt lat="46.307623574" lon="6.172370883">
			<ele>409.1</ele>
		</trkpt>
		<trkpt lat="46.306569298" lon="6.172400806">
			<ele>408.6</ele>
		</trkpt>
		<trkpt lat="46.306103432" lon="6.172494348">
			<ele>409.3</ele>
		</trkpt>
		<trkpt lat="46.30598466" lon="6.172455791">
			<ele>409.7</ele>
		</trkpt>
		<trkpt lat="46.305852226" lon="6.17230433">
			<ele>410.1</ele>
		</trkpt>
		<trkpt lat="46.305558692" lon="6.171660852">
			<ele>410.3</ele>
		</trkpt>
		<trkpt lat="46.305359454" lon="6.171325911">
			<ele>410.6</ele>
		</trkpt>
		<trkpt lat="46.304934408" lon="6.170728616">
			<ele>411.2</ele>
		</trkpt>
		<trkpt lat="46.304636599" lon="6.170374481">
			<ele>412.1</ele>
		</trkpt>
		<trkpt lat="46.3043895" lon="6.170152025">
			<ele>411</ele>
		</trkpt>
		<trkpt lat="46.303380654" lon="6.169604352">
			<ele>410.4</ele>
		</trkpt>
		<trkpt lat="46.303292058" lon="6.169190286">
			<ele>410.5</ele>
		</trkpt>
		<trkpt lat="46.303123162" lon="6.168795247">
			<ele>410.5</ele>
		</trkpt>
		<trkpt lat="46.301213346" lon="6.165983789">
			<ele>411.4</ele>
		</trkpt>
		<trkpt lat="46.300966247" lon="6.165725878">
			<ele>411.6</ele>
		</trkpt>
		<trkpt lat="46.299653725" lon="6.164588202">
			<ele>413.2</ele>
		</trkpt>
		<trkpt lat="46.299409476" lon="6.164336409">
			<ele>413.8</ele>
		</trkpt>
		<trkpt lat="46.298094439" lon="6.162465317">
			<ele>415.4</ele>
		</trkpt>
		<trkpt lat="46.29784206" lon="6.161873722">
			<ele>415.7</ele>
		</trkpt>
		<trkpt lat="46.297069081" lon="6.159697361">
			<ele>419.7</ele>
		</trkpt>
		<trkpt lat="46.296702457" lon="6.158480057">
			<ele>421.4</ele>
		</trkpt>
		<trkpt lat="46.296540938" lon="6.158090299">
			<ele>421.4</ele>
		</trkpt>
		<trkpt lat="46.29619728" lon="6.157504907">
			<ele>421</ele>
		</trkpt>
		<trkpt lat="46.296226197" lon="6.157455286">
			<ele>421.8</ele>
		</trkpt>
		<trkpt lat="46.29610927" lon="6.157283625">
			<ele>421.4</ele>
		</trkpt>
		<trkpt lat="46.295662682" lon="6.156773837">
			<ele>421.9</ele>
		</trkpt>
		<trkpt lat="46.294024523" lon="6.155227795">
			<ele>421.9</ele>
		</trkpt>
		<trkpt lat="46.293775748" lon="6.154915988">
			<ele>421.1</ele>
		</trkpt>
		<trkpt lat="46.293594782" lon="6.154801827">
			<ele>421.1</ele>
		</trkpt>
		<trkpt lat="46.292344705" lon="6.153622577">
			<ele>421.3</ele>
		</trkpt>
		<trkpt lat="46.292303047" lon="6.153621906">
			<ele>421.3</ele>
		</trkpt>
		<trkpt lat="46.292223922" lon="6.153786862">
			<ele>421</ele>
		</trkpt>
		<trkpt lat="46.292068773" lon="6.153857522">
			<ele>421.2</ele>
		</trkpt>
		<trkpt lat="46.291964335" lon="6.153979478">
			<ele>420.7</ele>
		</trkpt>
		<trkpt lat="46.289845389" lon="6.157855103">
			<ele>418.8</ele>
		</trkpt>
		<trkpt lat="46.289362843" lon="6.158693461">
			<ele>416.3</ele>
		</trkpt>
		<trkpt lat="46.289208784" lon="6.158896135">
			<ele>415.2</ele>
		</trkpt>
		<trkpt lat="46.288923045" lon="6.159112891">
			<ele>412.9</ele>
		</trkpt>
		<trkpt lat="46.288037916" lon="6.15959594">
			<ele>409.6</ele>
		</trkpt>
		<trkpt lat="46.287019012" lon="6.160231121">
			<ele>408.4</ele>
		</trkpt>
		<trkpt lat="46.284787665" lon="6.161393439">
			<ele>407.2</ele>
		</trkpt>
		<trkpt lat="46.284564707" lon="6.161570381">
			<ele>407.1</ele>
		</trkpt>
		<trkpt lat="46.284414587" lon="6.161872633">
			<ele>406.4</ele>
		</trkpt>
		<trkpt lat="46.284283075" lon="6.162351239">
			<ele>404.2</ele>
		</trkpt>
		<trkpt lat="46.284041927" lon="6.163723022">
			<ele>395.4</ele>
		</trkpt>
		<trkpt lat="46.284102529" lon="6.163724614">
			<ele>395.9</ele>
		</trkpt>
		<trkpt lat="46.284192969" lon="6.163387662">
			<ele>399.2</ele>
		</trkpt>
		<trkpt lat="46.284132703" lon="6.163340723">
			<ele>399.2</ele>
		</trkpt>
		<trkpt lat="46.283941177" lon="6.163395876">
			<ele>398.8</ele>
		</trkpt>
		<trkpt lat="46.283746214" lon="6.163608441">
			<ele>396.6</ele>
		</trkpt>
		<trkpt lat="46.283720062" lon="6.163709108">
			<ele>395</ele>
		</trkpt>
		<trkpt lat="46.283548904" lon="6.163715059">
			<ele>395</ele>
		</trkpt>
		<trkpt lat="46.283326867" lon="6.163838189">
			<ele>394.8</ele>
		</trkpt>
		<trkpt lat="46.28204058" lon="6.164923562">
			<ele>390.9</ele>
		</trkpt>
		<trkpt lat="46.281961371" lon="6.16504183">
			<ele>390.9</ele>
		</trkpt>
		<trkpt lat="46.281364077" lon="6.165121961">
			<ele>390</ele>
		</trkpt>
		<trkpt lat="46.280909945" lon="6.165375682">
			<ele>389.3</ele>
		</trkpt>
		<trkpt lat="46.280757479" lon="6.165406024">
			<ele>389.3</ele>
		</trkpt>
		<trkpt lat="46.279339931" lon="6.166269025">
			<ele>387.9</ele>
		</trkpt>
		<trkpt lat="46.278075521" lon="6.166533977">
			<ele>385.2</ele>
		</trkpt>
		<trkpt lat="46.277955325" lon="6.166492151">
			<ele>385.2</ele>
		</trkpt>
		<trkpt lat="46.277799924" lon="6.166342199">
			<ele>384.5</ele>
		</trkpt>
		<trkpt lat="46.277651313" lon="6.166443117">
			<ele>383.6</ele>
		</trkpt>
		<trkpt lat="46.277504211" lon="6.16641839">
			<ele>382.8</ele>
		</trkpt>
		<trkpt lat="46.277138424" lon="6.166459378">
			<ele>381.5</ele>
		</trkpt>
		<trkpt lat="46.27708017" lon="6.166425012">
			<ele>381.5</ele>
		</trkpt>
		<trkpt lat="46.277058126" lon="6.166340187">
			<ele>381.6</ele>
		</trkpt>
		<trkpt lat="46.277172958" lon="6.165776504">
			<ele>381.7</ele>
		</trkpt>
		<trkpt lat="46.276617405" lon="6.165785892">
			<ele>380.7</ele>
		</trkpt>
		<trkpt lat="46.27654683" lon="6.165845571">
			<ele>380.9</ele>
		</trkpt>
		<trkpt lat="46.276523863" lon="6.165943304">
			<ele>380.9</ele>
		</trkpt>
		<trkpt lat="46.276320686" lon="6.165946405">
			<ele>381.1</ele>
		</trkpt>
		<trkpt lat="46.276288583" lon="6.165596964">
			<ele>381</ele>
		</trkpt>
		<trkpt lat="46.276243321" lon="6.165507445">
			<ele>381.9</ele>
		</trkpt>
		<trkpt lat="46.275834787" lon="6.165363779">
			<ele>385</ele>
		</trkpt>
		<trkpt lat="46.275599004" lon="6.165214833">
			<ele>388.8</ele>
		</trkpt>
		<trkpt lat="46.274683952" lon="6.164103895">
			<ele>394.8</ele>
		</trkpt>
		<trkpt lat="46.27444842" lon="6.16398328">
			<ele>395.4</ele>
		</trkpt>
		<trkpt lat="46.274456131" lon="6.163892169">
			<ele>396</ele>
		</trkpt>
		<trkpt lat="46.273833691" lon="6.163441641">
			<ele>400.7</ele>
		</trkpt>
		<trkpt lat="46.273587096" lon="6.163217425">
			<ele>401</ele>
		</trkpt>
		<trkpt lat="46.272438943" lon="6.162047647">
			<ele>407</ele>
		</trkpt>
		<trkpt lat="46.272356129" lon="6.161869867">
			<ele>407.6</ele>
		</trkpt>
		<trkpt lat="46.272065613" lon="6.160454331">
			<ele>411</ele>
		</trkpt>
		<trkpt lat="46.271725307" lon="6.159557384">
			<ele>412.1</ele>
		</trkpt>
		<trkpt lat="46.271571667" lon="6.159314644">
			<ele>411.7</ele>
		</trkpt>
		<trkpt lat="46.270533149" lon="6.158646606">
			<ele>409.6</ele>
		</trkpt>
		<trkpt lat="46.269782047" lon="6.158502102">
			<ele>410.6</ele>
		</trkpt>
		<trkpt lat="46.268601372" lon="6.158344941">
			<ele>412.3</ele>
		</trkpt>
		<trkpt lat="46.268110276" lon="6.158232875">
			<ele>412.1</ele>
		</trkpt>
		<trkpt lat="46.267761673" lon="6.158097005">
			<ele>412.4</ele>
		</trkpt>
		<trkpt lat="46.267387672" lon="6.157866921">
			<ele>412.8</ele>
		</trkpt>
		<trkpt lat="46.265999378" lon="6.156853465">
			<ele>414.9</ele>
		</trkpt>
		<trkpt lat="46.265049205" lon="6.15581084">
			<ele>411.7</ele>
		</trkpt>
		<trkpt lat="46.264892045" lon="6.156181153">
			<ele>412.2</ele>
		</trkpt>
		<trkpt lat="46.264658441" lon="6.157232579">
			<ele>411.1</ele>
		</trkpt>
		<trkpt lat="46.264597085" lon="6.157363756">
			<ele>411.1</ele>
		</trkpt>
		<trkpt lat="46.264493569" lon="6.157423854">
			<ele>410.6</ele>
		</trkpt>
		<trkpt lat="46.263274505" lon="6.156622879">
			<ele>408.5</ele>
		</trkpt>
		<trkpt lat="46.262684" lon="6.155932546">
			<ele>408.9</ele>
		</trkpt>
		<trkpt lat="46.262285189" lon="6.155528119">
			<ele>409.7</ele>
		</trkpt>
		<trkpt lat="46.26218754" lon="6.155483024">
			<ele>409.7</ele>
		</trkpt>
		<trkpt lat="46.262099697" lon="6.155544799">
			<ele>409.8</ele>
		</trkpt>
		<trkpt lat="46.261809097" lon="6.155992392">
			<ele>408.8</ele>
		</trkpt>
		<trkpt lat="46.261294113" lon="6.156927058">
			<ele>400.8</ele>
		</trkpt>
		<trkpt lat="46.261081631" lon="6.15720802">
			<ele>398.1</ele>
		</trkpt>
		<trkpt lat="46.260647533" lon="6.157337688">
			<ele>393.4</ele>
		</trkpt>
		<trkpt lat="46.26008628" lon="6.157721579">
			<ele>386</ele>
		</trkpt>
		<trkpt lat="46.259922163" lon="6.157733649">
			<ele>384.5</ele>
		</trkpt>
		<trkpt lat="46.259774306" lon="6.157667097">
			<ele>383.6</ele>
		</trkpt>
		<trkpt lat="46.259007949" lon="6.15696243">
			<ele>382.6</ele>
		</trkpt>
		<trkpt lat="46.258618358" lon="6.156489775">
			<ele>382.4</ele>
		</trkpt>
		<trkpt lat="46.258132207" lon="6.155815618">
			<ele>382.5</ele>
		</trkpt>
		<trkpt lat="46.257895586" lon="6.156210238">
			<ele>382.1</ele>
		</trkpt>
		<trkpt lat="46.257793998" lon="6.156450631">
			<ele>381.5</ele>
		</trkpt>
		<trkpt lat="46.257705149" lon="6.156454738">
			<ele>381.5</ele>
		</trkpt>
		<trkpt lat="46.257666174" lon="6.156572001">
			<ele>381.5</ele>
		</trkpt>
		<trkpt lat="46.256093896" lon="6.156120468">
			<ele>380</ele>
		</trkpt>
		<trkpt lat="46.255761302" lon="6.155968755">
			<ele>377.9</ele>
		</trkpt>
		<trkpt lat="46.255514707" lon="6.155742947">
			<ele>378.5</ele>
		</trkpt>
		<trkpt lat="46.255067281" lon="6.155221593">
			<ele>379.9</ele>
		</trkpt>
		<trkpt lat="46.252156078" lon="6.151675377">
			<ele>381.8</ele>
		</trkpt>
		<trkpt lat="46.251813761" lon="6.151399277">
			<ele>382.1</ele>
		</trkpt>
		<trkpt lat="46.251408664" lon="6.151193334">
			<ele>382.8</ele>
		</trkpt>
		<trkpt lat="46.250134279" lon="6.150903236">
			<ele>381.9</ele>
		</trkpt>
		<trkpt lat="46.248835" lon="6.150761079">
			<ele>380.8</ele>
		</trkpt>
		<trkpt lat="46.248329069" lon="6.150827967">
			<ele>381.3</ele>
		</trkpt>
		<trkpt lat="46.247180161" lon="6.151243793">
			<ele>381.7</ele>
		</trkpt>
		<trkpt lat="46.246377845" lon="6.151458286">
			<ele>380.6</ele>
		</trkpt>
		<trkpt lat="46.246365608" lon="6.15134907">
			<ele>380.6</ele>
		</trkpt>
		<trkpt lat="46.245869315" lon="6.151379244">
			<ele>381.8</ele>
		</trkpt>
		<trkpt lat="46.245156183" lon="6.151135247">
			<ele>384.5</ele>
		</trkpt>
		<trkpt lat="46.244377504" lon="6.151372874">
			<ele>382.5</ele>
		</trkpt>
		<trkpt lat="46.243588097" lon="6.151384609">
			<ele>381.1</ele>
		</trkpt>
		<trkpt lat="46.243147376" lon="6.15132736">
			<ele>380.4</ele>
		</trkpt>
		<trkpt lat="46.24239728" lon="6.151102642">
			<ele>380.6</ele>
		</trkpt>
		<trkpt lat="46.241499075" lon="6.150656557">
			<ele>382.7</ele>
		</trkpt>
		<trkpt lat="46.241462278" lon="6.150785806">
			<ele>382.3</ele>
		</trkpt>
		<trkpt lat="46.240050347" lon="6.149826162">
			<ele>384.8</ele>
		</trkpt>
		<trkpt lat="46.239405108" lon="6.149455514">
			<ele>386.5</ele>
		</trkpt>
		<trkpt lat="46.238607989" lon="6.14913675">
			<ele>386.5</ele>
		</trkpt>
		<trkpt lat="46.237951686" lon="6.148995012">
			<ele>384.7</ele>
		</trkpt>
		<trkpt lat="46.237063204" lon="6.148959724">
			<ele>385.3</ele>
		</trkpt>
		<trkpt lat="46.232601685" lon="6.149421902">
			<ele>381</ele>
		</trkpt>
		<trkpt lat="46.231567358" lon="6.149438666">
			<ele>379.5</ele>
		</trkpt>
		<trkpt lat="46.230906193" lon="6.149406647">
			<ele>378.3</ele>
		</trkpt>
		<trkpt lat="46.229685621" lon="6.14925527">
			<ele>379.9</ele>
		</trkpt>
		<trkpt lat="46.228389108" lon="6.14896358">
			<ele>379.7</ele>
		</trkpt>
		<trkpt lat="46.227484281" lon="6.148659317">
			<ele>379.6</ele>
		</trkpt>
		<trkpt lat="46.225843188" lon="6.14796387">
			<ele>382</ele>
		</trkpt>
		<trkpt lat="46.225338346" lon="6.147896061">
			<ele>382.4</ele>
		</trkpt>
		<trkpt lat="46.225027043" lon="6.147933276">
			<ele>382.6</ele>
		</trkpt>
		<trkpt lat="46.224795451" lon="6.14801106">
			<ele>383</ele>
		</trkpt>
		<trkpt lat="46.222173591" lon="6.14925812">
			<ele>389.9</ele>
		</trkpt>
		<trkpt lat="46.221109592" lon="6.149805961">
			<ele>391.8</ele>
		</trkpt>
		<trkpt lat="46.220889484" lon="6.149907801">
			<ele>391.4</ele>
		</trkpt>
		<trkpt lat="46.220663089" lon="6.149928672">
			<ele>391</ele>
		</trkpt>
		<trkpt lat="46.220207867" lon="6.149733877">
			<ele>389.7</ele>
		</trkpt>
		<trkpt lat="46.21807241" lon="6.148358909">
			<ele>387.9</ele>
		</trkpt>
		<trkpt lat="46.216180028" lon="6.147567071">
			<ele>391.4</ele>
		</trkpt>
		<trkpt lat="46.21428161" lon="6.146188835">
			<ele>388.8</ele>
		</trkpt>
		<trkpt lat="46.212893819" lon="6.145264227">
			<ele>388.8</ele>
		</trkpt>
		<trkpt lat="46.210882581" lon="6.144119008">
			<ele>390.6</ele>
		</trkpt>
		<trkpt lat="46.21068284" lon="6.143931253">
			<ele>390.8</ele>
		</trkpt>
		<trkpt lat="46.210829356" lon="6.143791275">
			<ele>390.8</ele>
		</trkpt>
		<trkpt lat="46.20944542" lon="6.142183961">
			<ele>391</ele>
		</trkpt>
	</trkseg>
</trk>
<trk>
	<name>07: Le Bouveret – Saint-Gingolph (Developed + Not Signed)</name>
	<desc>Developed + Not Signed</desc>
	<trkseg>
		<trkpt lat="46.38421992" lon="6.871180544">
			<ele>372.5</ele>
		</trkpt>
		<trkpt lat="46.384866667" lon="6.870303294">
			<ele>373.9</ele>
		</trkpt>
		<trkpt lat="46.389268424" lon="6.863613781">
			<ele>374.6</ele>
		</trkpt>
		<trkpt lat="46.387772757" lon="6.861217562">
			<ele>373.6</ele>
		</trkpt>
		<trkpt lat="46.387799663" lon="6.861020168">
			<ele>373.4</ele>
		</trkpt>
		<trkpt lat="46.387296665" lon="6.860438967">
			<ele>373.5</ele>
		</trkpt>
		<trkpt lat="46.386272564" lon="6.858969452">
			<ele>374.1</ele>
		</trkpt>
		<trkpt lat="46.385482067" lon="6.857642513">
			<ele>372.5</ele>
		</trkpt>
		<trkpt lat="46.385302359" lon="6.857184442">
			<ele>372.6</ele>
		</trkpt>
		<trkpt lat="46.38517663" lon="6.856515482">
			<ele>372.2</ele>
		</trkpt>
		<trkpt lat="46.385167661" lon="6.855890444">
			<ele>372.2</ele>
		</trkpt>
		<trkpt lat="46.385275453" lon="6.855254341">
			<ele>371.9</ele>
		</trkpt>
		<trkpt lat="46.385446108" lon="6.855111765">
			<ele>371.6</ele>
		</trkpt>
		<trkpt lat="46.385967127" lon="6.85434415">
			<ele>371.7</ele>
		</trkpt>
		<trkpt lat="46.38672175" lon="6.85278696">
			<ele>371.1</ele>
		</trkpt>
		<trkpt lat="46.386578" lon="6.852644384">
			<ele>373.1</ele>
		</trkpt>
		<trkpt lat="46.386793583" lon="6.851821868">
			<ele>375.9</ele>
		</trkpt>
		<trkpt lat="46.386631896" lon="6.85175607">
			<ele>375.9</ele>
		</trkpt>
		<trkpt lat="46.386470209" lon="6.852052202">
			<ele>378.1</ele>
		</trkpt>
		<trkpt lat="46.386371386" lon="6.851909626">
			<ele>386.2</ele>
		</trkpt>
		<trkpt lat="46.386173741" lon="6.851986405">
			<ele>386.1</ele>
		</trkpt>
		<trkpt lat="46.385877273" lon="6.852194779">
			<ele>389.5</ele>
		</trkpt>
		<trkpt lat="46.385895294" lon="6.852074079">
			<ele>389.5</ele>
		</trkpt>
		<trkpt lat="46.385985065" lon="6.851898646">
			<ele>393.8</ele>
		</trkpt>
		<trkpt lat="46.386613959" lon="6.851394223">
			<ele>388.9</ele>
		</trkpt>
		<trkpt lat="46.386748656" lon="6.851174869">
			<ele>384.3</ele>
		</trkpt>
		<trkpt lat="46.38683851" lon="6.850900697">
			<ele>379.7</ele>
		</trkpt>
		<trkpt lat="46.387009165" lon="6.849913392">
			<ele>383.7</ele>
		</trkpt>
		<trkpt lat="46.387422393" lon="6.849156758">
			<ele>378.9</ele>
		</trkpt>
		<trkpt lat="46.387620039" lon="6.848301385">
			<ele>377.8</ele>
		</trkpt>
		<trkpt lat="46.387575112" lon="6.845099162">
			<ele>382.4</ele>
		</trkpt>
		<trkpt lat="46.386649833" lon="6.838952294">
			<ele>379.5</ele>
		</trkpt>
		<trkpt lat="46.385661691" lon="6.833326528">
			<ele>389.5</ele>
		</trkpt>
		<trkpt lat="46.385311327" lon="6.830420438">
			<ele>389.7</ele>
		</trkpt>
		<trkpt lat="46.385374275" lon="6.82949625">
			<ele>380.8</ele>
		</trkpt>
		<trkpt lat="46.386227637" lon="6.826623017">
			<ele>382.8</ele>
		</trkpt>
		<trkpt lat="46.386640865" lon="6.824155552">
			<ele>381.7</ele>
		</trkpt>
		<trkpt lat="46.387143946" lon="6.822927352">
			<ele>389</ele>
		</trkpt>
		<trkpt lat="46.387575112" lon="6.822115816">
			<ele>379</ele>
		</trkpt>
		<trkpt lat="46.388805826" lon="6.817715317">
			<ele>379.6</ele>
		</trkpt>
		<trkpt lat="46.389138169" lon="6.816947618">
			<ele>378.7</ele>
		</trkpt>
		<trkpt lat="46.389883823" lon="6.816245802">
			<ele>376.5</ele>
		</trkpt>
		<trkpt lat="46.39016227" lon="6.815774236">
			<ele>371.5</ele>
		</trkpt>
		<trkpt lat="46.390216165" lon="6.815390429">
			<ele>371.6</ele>
		</trkpt>
		<trkpt lat="46.39016227" lon="6.813986711">
			<ele>379.3</ele>
		</trkpt>
		<trkpt lat="46.390337871" lon="6.812473107">
			<ele>375.8</ele>
		</trkpt>
		<trkpt lat="46.390769036" lon="6.810301775">
			<ele>379.6</ele>
		</trkpt>
		<trkpt lat="46.390930806" lon="6.809698613">
			<ele>375.1</ele>
		</trkpt>
		<trkpt lat="46.391721304" lon="6.808349798">
			<ele>373.9</ele>
		</trkpt>
		<trkpt lat="46.392053646" lon="6.807713695">
			<ele>374.9</ele>
		</trkpt>
		<trkpt lat="46.392314156" lon="6.80658415">
			<ele>380.7</ele>
		</trkpt>
		<trkpt lat="46.392420857" lon="6.80624946">
			<ele>380</ele>
		</trkpt>
		<trkpt lat="46.392474837" lon="6.80624946">
			<ele>380</ele>
		</trkpt>
		<trkpt lat="46.392539461" lon="6.806098083">
			<ele>382.4</ele>
		</trkpt>
		<trkpt lat="46.393024606" lon="6.805713186">
			<ele>377</ele>
		</trkpt>
		<trkpt lat="46.393340185" lon="6.805784516">
			<ele>374.1</ele>
		</trkpt>
		<trkpt lat="46.39351084" lon="6.805751575">
			<ele>372.8</ele>
		</trkpt>
		<trkpt lat="46.393668001" lon="6.805647388">
			<ele>372.8</ele>
		</trkpt>
		<trkpt lat="46.393775876" lon="6.805477403">
			<ele>373.1</ele>
		</trkpt>
		<trkpt lat="46.393942005" lon="6.805082615">
			<ele>373.2</ele>
		</trkpt>
		<trkpt lat="46.394157085" lon="6.805284619">
			<ele>372</ele>
		</trkpt>
		<trkpt lat="46.394244927" lon="6.805173308">
			<ele>371.2</ele>
		</trkpt>
	</trkseg>
</trk>
<trk>
	<name>08: Thonon – Chens-sur-Léman (Developed + Signed)</name>
	<desc>Developed + Signed</desc>
	<trkseg>
		<trkpt lat="46.371239823" lon="6.471269126">
			<ele>411.9</ele>
		</trkpt>
		<trkpt lat="46.370753702" lon="6.468682883">
			<ele>401.1</ele>
		</trkpt>
		<trkpt lat="46.370044269" lon="6.465775965">
			<ele>402</ele>
		</trkpt>
		<trkpt lat="46.369674127" lon="6.46365166">
			<ele>403.9</ele>
		</trkpt>
		<trkpt lat="46.369026369" lon="6.460862165">
			<ele>392.3</ele>
		</trkpt>
		<trkpt lat="46.368782068" lon="6.460014583">
			<ele>390.2</ele>
		</trkpt>
		<trkpt lat="46.3683712" lon="6.459016801">
			<ele>395</ele>
		</trkpt>
		<trkpt lat="46.367656788" lon="6.458147759">
			<ele>402</ele>
		</trkpt>
		<trkpt lat="46.367349558" lon="6.457364559">
			<ele>405</ele>
		</trkpt>
		<trkpt lat="46.366398233" lon="6.454639438">
			<ele>397.6</ele>
		</trkpt>
		<trkpt lat="46.36596143" lon="6.453566554">
			<ele>399.1</ele>
		</trkpt>
		<trkpt lat="46.365631982" lon="6.453094481">
			<ele>396.7</ele>
		</trkpt>
		<trkpt lat="46.364018002" lon="6.449618343">
			<ele>395.2</ele>
		</trkpt>
		<trkpt lat="46.363884627" lon="6.44887773">
			<ele>393.4</ele>
		</trkpt>
		<trkpt lat="46.363913052" lon="6.448119602">
			<ele>389</ele>
		</trkpt>
		<trkpt lat="46.363881167" lon="6.447830445">
			<ele>387.7</ele>
		</trkpt>
		<trkpt lat="46.363899635" lon="6.447655509">
			<ele>386.6</ele>
		</trkpt>
		<trkpt lat="46.363960406" lon="6.447643473">
			<ele>385.7</ele>
		</trkpt>
		<trkpt lat="46.364003133" lon="6.4471385">
			<ele>383.9</ele>
		</trkpt>
		<trkpt lat="46.363585244" lon="6.445703366">
			<ele>382.7</ele>
		</trkpt>
		<trkpt lat="46.363642505" lon="6.445553088">
			<ele>381.9</ele>
		</trkpt>
		<trkpt lat="46.364066849" lon="6.445030936">
			<ele>377.6</ele>
		</trkpt>
		<trkpt lat="46.364198951" lon="6.444366598">
			<ele>373.2</ele>
		</trkpt>
		<trkpt lat="46.364161796" lon="6.44421513">
			<ele>371.7</ele>
		</trkpt>
		<trkpt lat="46.364081259" lon="6.444118031">
			<ele>373.3</ele>
		</trkpt>
		<trkpt lat="46.363895861" lon="6.444074614">
			<ele>375.8</ele>
		</trkpt>
		<trkpt lat="46.363829049" lon="6.443959346">
			<ele>375.8</ele>
		</trkpt>
		<trkpt lat="46.363839666" lon="6.443244518">
			<ele>374.1</ele>
		</trkpt>
		<trkpt lat="46.36374323" lon="6.442946532">
			<ele>374.5</ele>
		</trkpt>
		<trkpt lat="46.362957903" lon="6.441529538">
			<ele>374</ele>
		</trkpt>
		<trkpt lat="46.362781949" lon="6.441391543">
			<ele>376.1</ele>
		</trkpt>
		<trkpt lat="46.361946466" lon="6.441199298">
			<ele>379.9</ele>
		</trkpt>
		<trkpt lat="46.361850008" lon="6.44104728">
			<ele>381.1</ele>
		</trkpt>
		<trkpt lat="46.361692057" lon="6.441040508">
			<ele>382.6</ele>
		</trkpt>
		<trkpt lat="46.36098246" lon="6.440097925">
			<ele>386.8</ele>
		</trkpt>
		<trkpt lat="46.360485608" lon="6.439238551">
			<ele>389.7</ele>
		</trkpt>
		<trkpt lat="46.360452319" lon="6.438982645">
			<ele>388.9</ele>
		</trkpt>
		<trkpt lat="46.360697228" lon="6.437174797">
			<ele>381.8</ele>
		</trkpt>
		<trkpt lat="46.360587312" lon="6.436643322">
			<ele>381.4</ele>
		</trkpt>
		<trkpt lat="46.360378144" lon="6.436004076">
			<ele>381.5</ele>
		</trkpt>
		<trkpt lat="46.359833733" lon="6.433854719">
			<ele>381.4</ele>
		</trkpt>
		<trkpt lat="46.359474566" lon="6.433138398">
			<ele>380.5</ele>
		</trkpt>
		<trkpt lat="46.359104978" lon="6.43276829">
			<ele>381.6</ele>
		</trkpt>
		<trkpt lat="46.358949667" lon="6.432479343">
			<ele>381.7</ele>
		</trkpt>
		<trkpt lat="46.358939001" lon="6.431861076">
			<ele>380.9</ele>
		</trkpt>
		<trkpt lat="46.358607525" lon="6.431197264">
			<ele>381.8</ele>
		</trkpt>
		<trkpt lat="46.358475345" lon="6.430723658">
			<ele>383.2</ele>
		</trkpt>
		<trkpt lat="46.35849466" lon="6.430081895">
			<ele>382.9</ele>
		</trkpt>
		<trkpt lat="46.358620738" lon="6.429590643">
			<ele>381</ele>
		</trkpt>
		<trkpt lat="46.358511678" lon="6.428737779">
			<ele>381.7</ele>
		</trkpt>
		<trkpt lat="46.358361193" lon="6.428677578">
			<ele>381.7</ele>
		</trkpt>
		<trkpt lat="46.357461593" lon="6.428790317">
			<ele>388.8</ele>
		</trkpt>
		<trkpt lat="46.357155548" lon="6.42903338">
			<ele>392.3</ele>
		</trkpt>
		<trkpt lat="46.35690999" lon="6.428267954">
			<ele>392.1</ele>
		</trkpt>
		<trkpt lat="46.356524951" lon="6.428182131">
			<ele>395.2</ele>
		</trkpt>
		<trkpt lat="46.356273187" lon="6.427173617">
			<ele>398.7</ele>
		</trkpt>
		<trkpt lat="46.356628615" lon="6.426980496">
			<ele>395.5</ele>
		</trkpt>
		<trkpt lat="46.357053311" lon="6.426882346">
			<ele>392.4</ele>
		</trkpt>
		<trkpt lat="46.356911947" lon="6.426128998">
			<ele>394.3</ele>
		</trkpt>
		<trkpt lat="46.356774928" lon="6.425913139">
			<ele>395.5</ele>
		</trkpt>
		<trkpt lat="46.356748558" lon="6.424744013">
			<ele>396.5</ele>
		</trkpt>
		<trkpt lat="46.356805744" lon="6.424595317">
			<ele>396.5</ele>
		</trkpt>
		<trkpt lat="46.356780423" lon="6.424073441">
			<ele>397.2</ele>
		</trkpt>
		<trkpt lat="46.356845483" lon="6.423954853">
			<ele>397.5</ele>
		</trkpt>
		<trkpt lat="46.356791852" lon="6.423888044">
			<ele>397.5</ele>
		</trkpt>
		<trkpt lat="46.356669198" lon="6.423876127">
			<ele>398.2</ele>
		</trkpt>
		<trkpt lat="46.3558582" lon="6.422209483">
			<ele>402.1</ele>
		</trkpt>
		<trkpt lat="46.355814095" lon="6.421937937">
			<ele>402.4</ele>
		</trkpt>
		<trkpt lat="46.355675518" lon="6.421660841">
			<ele>403</ele>
		</trkpt>
		<trkpt lat="46.355545669" lon="6.419363016">
			<ele>405.6</ele>
		</trkpt>
		<trkpt lat="46.355541968" lon="6.418531539">
			<ele>405.1</ele>
		</trkpt>
		<trkpt lat="46.355482721" lon="6.417871709">
			<ele>405</ele>
		</trkpt>
		<trkpt lat="46.355201341" lon="6.416831021">
			<ele>405.3</ele>
		</trkpt>
		<trkpt lat="46.354878168" lon="6.415085653">
			<ele>404.3</ele>
		</trkpt>
		<trkpt lat="46.354557112" lon="6.41398788">
			<ele>402.4</ele>
		</trkpt>
		<trkpt lat="46.354246104" lon="6.413392422">
			<ele>401.5</ele>
		</trkpt>
		<trkpt lat="46.352757669" lon="6.410978442">
			<ele>402.8</ele>
		</trkpt>
		<trkpt lat="46.351339551" lon="6.408966784">
			<ele>400.8</ele>
		</trkpt>
		<trkpt lat="46.351228472" lon="6.408285498">
			<ele>399.4</ele>
		</trkpt>
		<trkpt lat="46.351224775" lon="6.407931448">
			<ele>398.5</ele>
		</trkpt>
		<trkpt lat="46.351132203" lon="6.40753985">
			<ele>396.6</ele>
		</trkpt>
		<trkpt lat="46.351013318" lon="6.407243894">
			<ele>396.8</ele>
		</trkpt>
		<trkpt lat="46.350321895" lon="6.40648001">
			<ele>396.9</ele>
		</trkpt>
		<trkpt lat="46.350744308" lon="6.405880622">
			<ele>384.7</ele>
		</trkpt>
		<trkpt lat="46.3511268" lon="6.404654039">
			<ele>373.1</ele>
		</trkpt>
		<trkpt lat="46.350400653" lon="6.403191735">
			<ele>371.4</ele>
		</trkpt>
		<trkpt lat="46.350314621" lon="6.403154085">
			<ele>372.9</ele>
		</trkpt>
		<trkpt lat="46.349976102" lon="6.403248466">
			<ele>376.2</ele>
		</trkpt>
		<trkpt lat="46.349848593" lon="6.403204432">
			<ele>376.2</ele>
		</trkpt>
		<trkpt lat="46.349427076" lon="6.402706504">
			<ele>377.6</ele>
		</trkpt>
		<trkpt lat="46.349312138" lon="6.402454587">
			<ele>377.6</ele>
		</trkpt>
		<trkpt lat="46.349300516" lon="6.402180312">
			<ele>377.3</ele>
		</trkpt>
		<trkpt lat="46.349431039" lon="6.400647364">
			<ele>377.4</ele>
		</trkpt>
		<trkpt lat="46.349335312" lon="6.400151041">
			<ele>376.3</ele>
		</trkpt>
		<trkpt lat="46.349247198" lon="6.399894669">
			<ele>375.7</ele>
		</trkpt>
		<trkpt lat="46.348800391" lon="6.398988333">
			<ele>376.1</ele>
		</trkpt>
		<trkpt lat="46.34864267" lon="6.398738478">
			<ele>377.6</ele>
		</trkpt>
		<trkpt lat="46.348315834" lon="6.398305574">
			<ele>378.7</ele>
		</trkpt>
		<trkpt lat="46.347965397" lon="6.397952867">
			<ele>380.1</ele>
		</trkpt>
		<trkpt lat="46.346983475" lon="6.397121096">
			<ele>377.8</ele>
		</trkpt>
		<trkpt lat="46.346760211" lon="6.396973943">
			<ele>376.5</ele>
		</trkpt>
		<trkpt lat="46.346385206" lon="6.396770727">
			<ele>376</ele>
		</trkpt>
		<trkpt lat="46.344835357" lon="6.396124934">
			<ele>374.7</ele>
		</trkpt>
		<trkpt lat="46.344473174" lon="6.395924233">
			<ele>374.4</ele>
		</trkpt>
		<trkpt lat="46.344184535" lon="6.395707567">
			<ele>374</ele>
		</trkpt>
		<trkpt lat="46.342711076" lon="6.394286382">
			<ele>374</ele>
		</trkpt>
		<trkpt lat="46.342029272" lon="6.393475853">
			<ele>373.4</ele>
		</trkpt>
		<trkpt lat="46.340923674" lon="6.392322859">
			<ele>374.2</ele>
		</trkpt>
		<trkpt lat="46.340026879" lon="6.39110415">
			<ele>375.4</ele>
		</trkpt>
		<trkpt lat="46.339927317" lon="6.391136375">
			<ele>376.1</ele>
		</trkpt>
		<trkpt lat="46.339883548" lon="6.391301467">
			<ele>376.1</ele>
		</trkpt>
		<trkpt lat="46.339659632" lon="6.391201126">
			<ele>376.6</ele>
		</trkpt>
		<trkpt lat="46.338343606" lon="6.392025842">
			<ele>378.2</ele>
		</trkpt>
		<trkpt lat="46.338269256" lon="6.392236905">
			<ele>378.5</ele>
		</trkpt>
		<trkpt lat="46.336425238" lon="6.393224457">
			<ele>388.1</ele>
		</trkpt>
		<trkpt lat="46.336008266" lon="6.392474219">
			<ele>388.5</ele>
		</trkpt>
		<trkpt lat="46.335494064" lon="6.392914588">
			<ele>390.8</ele>
		</trkpt>
		<trkpt lat="46.335101246" lon="6.392009354">
			<ele>394.6</ele>
		</trkpt>
		<trkpt lat="46.335146071" lon="6.391604475">
			<ele>393.2</ele>
		</trkpt>
		<trkpt lat="46.334993075" lon="6.390260267">
			<ele>392.2</ele>
		</trkpt>
		<trkpt lat="46.33500137" lon="6.3886633">
			<ele>388.5</ele>
		</trkpt>
		<trkpt lat="46.334717732" lon="6.387142061">
			<ele>392.9</ele>
		</trkpt>
		<trkpt lat="46.33463099" lon="6.385442161">
			<ele>388.3</ele>
		</trkpt>
		<trkpt lat="46.335240138" lon="6.382022842">
			<ele>384.5</ele>
		</trkpt>
		<trkpt lat="46.335368439" lon="6.381720986">
			<ele>382.8</ele>
		</trkpt>
		<trkpt lat="46.335609293" lon="6.381401835">
			<ele>382.1</ele>
		</trkpt>
		<trkpt lat="46.33586547" lon="6.381416057">
			<ele>378.6</ele>
		</trkpt>
		<trkpt lat="46.336167939" lon="6.381588458">
			<ele>377.3</ele>
		</trkpt>
		<trkpt lat="46.336216162" lon="6.38156798">
			<ele>377.3</ele>
		</trkpt>
		<trkpt lat="46.33636137" lon="6.380960615">
			<ele>376.5</ele>
		</trkpt>
		<trkpt lat="46.336591339" lon="6.381102636">
			<ele>375.2</ele>
		</trkpt>
		<trkpt lat="46.336657267" lon="6.381071125">
			<ele>375.2</ele>
		</trkpt>
		<trkpt lat="46.338108662" lon="6.376845554">
			<ele>376.7</ele>
		</trkpt>
		<trkpt lat="46.338071409" lon="6.375912822">
			<ele>379</ele>
		</trkpt>
		<trkpt lat="46.337804026" lon="6.375993903">
			<ele>378.5</ele>
		</trkpt>
		<trkpt lat="46.337537846" lon="6.375973558">
			<ele>378</ele>
		</trkpt>
		<trkpt lat="46.337118388" lon="6.375650963">
			<ele>377.1</ele>
		</trkpt>
		<trkpt lat="46.336908245" lon="6.375442784">
			<ele>378</ele>
		</trkpt>
		<trkpt lat="46.336823763" lon="6.375130471">
			<ele>378.5</ele>
		</trkpt>
		<trkpt lat="46.336642809" lon="6.374058767">
			<ele>378.7</ele>
		</trkpt>
		<trkpt lat="46.336551502" lon="6.373794182">
			<ele>379.5</ele>
		</trkpt>
		<trkpt lat="46.336552091" lon="6.37365103">
			<ele>379.5</ele>
		</trkpt>
		<trkpt lat="46.336656612" lon="6.373486419">
			<ele>379.1</ele>
		</trkpt>
		<trkpt lat="46.336622655" lon="6.373377621">
			<ele>379.1</ele>
		</trkpt>
		<trkpt lat="46.336535683" lon="6.373354686">
			<ele>379.9</ele>
		</trkpt>
		<trkpt lat="46.336243314" lon="6.373564359">
			<ele>380.6</ele>
		</trkpt>
		<trkpt lat="46.335892085" lon="6.373417763">
			<ele>382.5</ele>
		</trkpt>
		<trkpt lat="46.335732502" lon="6.373419613">
			<ele>383.6</ele>
		</trkpt>
		<trkpt lat="46.335663374" lon="6.373471299">
			<ele>383.6</ele>
		</trkpt>
		<trkpt lat="46.334684218" lon="6.375369204">
			<ele>385.8</ele>
		</trkpt>
		<trkpt lat="46.334562483" lon="6.375584192">
			<ele>386.3</ele>
		</trkpt>
		<trkpt lat="46.334462612" lon="6.375639181">
			<ele>388.5</ele>
		</trkpt>
		<trkpt lat="46.334567122" lon="6.375169942">
			<ele>385.6</ele>
		</trkpt>
		<trkpt lat="46.334425661" lon="6.374763263">
			<ele>387.5</ele>
		</trkpt>
		<trkpt lat="46.334038404" lon="6.374055684">
			<ele>390.6</ele>
		</trkpt>
		<trkpt lat="46.333950882" lon="6.373307774">
			<ele>390.3</ele>
		</trkpt>
		<trkpt lat="46.333561875" lon="6.371750439">
			<ele>389.9</ele>
		</trkpt>
		<trkpt lat="46.333729619" lon="6.371421074">
			<ele>389.6</ele>
		</trkpt>
		<trkpt lat="46.333828811" lon="6.371325284">
			<ele>389.3</ele>
		</trkpt>
		<trkpt lat="46.333873148" lon="6.370659928">
			<ele>390.2</ele>
		</trkpt>
		<trkpt lat="46.334049736" lon="6.370334344">
			<ele>391</ele>
		</trkpt>
		<trkpt lat="46.333773227" lon="6.369085041">
			<ele>392</ele>
		</trkpt>
		<trkpt lat="46.335011114" lon="6.365725313">
			<ele>387.3</ele>
		</trkpt>
		<trkpt lat="46.335264061" lon="6.365126041">
			<ele>387.3</ele>
		</trkpt>
		<trkpt lat="46.33537234" lon="6.364997967">
			<ele>386.8</ele>
		</trkpt>
		<trkpt lat="46.335380433" lon="6.364795359">
			<ele>386.8</ele>
		</trkpt>
		<trkpt lat="46.335724417" lon="6.363820255">
			<ele>385.8</ele>
		</trkpt>
		<trkpt lat="46.336285375" lon="6.362407625">
			<ele>386</ele>
		</trkpt>
		<trkpt lat="46.337830167" lon="6.359839938">
			<ele>386.8</ele>
		</trkpt>
		<trkpt lat="46.338152512" lon="6.359422121">
			<ele>386.5</ele>
		</trkpt>
		<trkpt lat="46.339943634" lon="6.357968733">
			<ele>382.7</ele>
		</trkpt>
		<trkpt lat="46.341419145" lon="6.35682723">
			<ele>383.1</ele>
		</trkpt>
		<trkpt lat="46.341600504" lon="6.356813409">
			<ele>383.6</ele>
		</trkpt>
		<trkpt lat="46.341707174" lon="6.356869881">
			<ele>384.1</ele>
		</trkpt>
		<trkpt lat="46.34202613" lon="6.356849988">
			<ele>385</ele>
		</trkpt>
		<trkpt lat="46.342190055" lon="6.356977284">
			<ele>385.4</ele>
		</trkpt>
		<trkpt lat="46.343120785" lon="6.357972625">
			<ele>386.4</ele>
		</trkpt>
		<trkpt lat="46.344595111" lon="6.358051109">
			<ele>384.7</ele>
		</trkpt>
		<trkpt lat="46.345384558" lon="6.357960506">
			<ele>383.2</ele>
		</trkpt>
		<trkpt lat="46.345516181" lon="6.358070614">
			<ele>382.3</ele>
		</trkpt>
		<trkpt lat="46.345745822" lon="6.358015162">
			<ele>380</ele>
		</trkpt>
		<trkpt lat="46.345848463" lon="6.357910181">
			<ele>380.4</ele>
		</trkpt>
		<trkpt lat="46.345817161" lon="6.357773779">
			<ele>380.4</ele>
		</trkpt>
		<trkpt lat="46.345856237" lon="6.357646333">
			<ele>380.9</ele>
		</trkpt>
		<trkpt lat="46.345925877" lon="6.357571783">
			<ele>380</ele>
		</trkpt>
		<trkpt lat="46.346886229" lon="6.356912017">
			<ele>380</ele>
		</trkpt>
		<trkpt lat="46.349875117" lon="6.356127257">
			<ele>384.9</ele>
		</trkpt>
		<trkpt lat="46.351385841" lon="6.356642251">
			<ele>380.9</ele>
		</trkpt>
		<trkpt lat="46.35358488" lon="6.355389594">
			<ele>388.6</ele>
		</trkpt>
		<trkpt lat="46.354075388" lon="6.355090423">
			<ele>388</ele>
		</trkpt>
		<trkpt lat="46.354548012" lon="6.354743784">
			<ele>386.8</ele>
		</trkpt>
		<trkpt lat="46.35493805" lon="6.354257554">
			<ele>387</ele>
		</trkpt>
		<trkpt lat="46.355158266" lon="6.354085558">
			<ele>388</ele>
		</trkpt>
		<trkpt lat="46.355703918" lon="6.353330607">
			<ele>390.9</ele>
		</trkpt>
		<trkpt lat="46.355780436" lon="6.353131224">
			<ele>391.3</ele>
		</trkpt>
		<trkpt lat="46.35593763" lon="6.352918256">
			<ele>391.3</ele>
		</trkpt>
		<trkpt lat="46.355955906" lon="6.35273386">
			<ele>391.6</ele>
		</trkpt>
		<trkpt lat="46.356103264" lon="6.352441624">
			<ele>392.2</ele>
		</trkpt>
		<trkpt lat="46.356386109" lon="6.352208557">
			<ele>391</ele>
		</trkpt>
		<trkpt lat="46.356408328" lon="6.351940337">
			<ele>391.5</ele>
		</trkpt>
		<trkpt lat="46.356497182" lon="6.351752576">
			<ele>391.4</ele>
		</trkpt>
		<trkpt lat="46.357128429" lon="6.351288562">
			<ele>390.5</ele>
		</trkpt>
		<trkpt lat="46.358379799" lon="6.350280048">
			<ele>393.7</ele>
		</trkpt>
		<trkpt lat="46.359216494" lon="6.349518295">
			<ele>393.8</ele>
		</trkpt>
		<trkpt lat="46.35995692" lon="6.348960401">
			<ele>395.6</ele>
		</trkpt>
		<trkpt lat="46.361926418" lon="6.348102097">
			<ele>395.1</ele>
		</trkpt>
		<trkpt lat="46.363222099" lon="6.347619292">
			<ele>396.2</ele>
		</trkpt>
		<trkpt lat="46.364391885" lon="6.347115041">
			<ele>397.4</ele>
		</trkpt>
		<trkpt lat="46.364999023" lon="6.345959734">
			<ele>399.3</ele>
		</trkpt>
		<trkpt lat="46.36507135" lon="6.346005812">
			<ele>398.9</ele>
		</trkpt>
		<trkpt lat="46.36518453" lon="6.345650918">
			<ele>399.3</ele>
		</trkpt>
		<trkpt lat="46.365267516" lon="6.345558591">
			<ele>399.4</ele>
		</trkpt>
		<trkpt lat="46.36546857" lon="6.345492047">
			<ele>399</ele>
		</trkpt>
		<trkpt lat="46.365831103" lon="6.344628237">
			<ele>403.1</ele>
		</trkpt>
		<trkpt lat="46.366113812" lon="6.344186303">
			<ele>404.7</ele>
		</trkpt>
		<trkpt lat="46.36621077" lon="6.343946382">
			<ele>404.1</ele>
		</trkpt>
		<trkpt lat="46.366201665" lon="6.343709238">
			<ele>404.1</ele>
		</trkpt>
		<trkpt lat="46.366309734" lon="6.343418973">
			<ele>405</ele>
		</trkpt>
		<trkpt lat="46.366553027" lon="6.343007087">
			<ele>402.1</ele>
		</trkpt>
		<trkpt lat="46.367354748" lon="6.342058784">
			<ele>402.5</ele>
		</trkpt>
		<trkpt lat="46.367962781" lon="6.341692384">
			<ele>402.5</ele>
		</trkpt>
		<trkpt lat="46.367779907" lon="6.340591048">
			<ele>404.4</ele>
		</trkpt>
		<trkpt lat="46.367895962" lon="6.340284787">
			<ele>403.2</ele>
		</trkpt>
		<trkpt lat="46.367993096" lon="6.339861076">
			<ele>401.6</ele>
		</trkpt>
		<trkpt lat="46.368048571" lon="6.339229093">
			<ele>398.6</ele>
		</trkpt>
		<trkpt lat="46.367988795" lon="6.338346609">
			<ele>399.8</ele>
		</trkpt>
		<trkpt lat="46.367870106" lon="6.337260013">
			<ele>400.7</ele>
		</trkpt>
		<trkpt lat="46.367859223" lon="6.33658493">
			<ele>400.4</ele>
		</trkpt>
		<trkpt lat="46.368081917" lon="6.333779742">
			<ele>399.1</ele>
		</trkpt>
		<trkpt lat="46.368152807" lon="6.33246516">
			<ele>399.9</ele>
		</trkpt>
		<trkpt lat="46.368279237" lon="6.331916931">
			<ele>400.2</ele>
		</trkpt>
		<trkpt lat="46.369579983" lon="6.327672309">
			<ele>386</ele>
		</trkpt>
		<trkpt lat="46.369606806" lon="6.327191461">
			<ele>387.7</ele>
		</trkpt>
		<trkpt lat="46.36951847" lon="6.32670606">
			<ele>388.2</ele>
		</trkpt>
		<trkpt lat="46.369503423" lon="6.326211726">
			<ele>390.1</ele>
		</trkpt>
		<trkpt lat="46.369536769" lon="6.326031971">
			<ele>388.8</ele>
		</trkpt>
		<trkpt lat="46.369836577" lon="6.325370735">
			<ele>384.9</ele>
		</trkpt>
		<trkpt lat="46.36988149" lon="6.324913328">
			<ele>383.4</ele>
		</trkpt>
		<trkpt lat="46.369806468" lon="6.324561647">
			<ele>380.9</ele>
		</trkpt>
		<trkpt lat="46.369692627" lon="6.324289124">
			<ele>382.1</ele>
		</trkpt>
		<trkpt lat="46.368852303" lon="6.322498491">
			<ele>391.6</ele>
		</trkpt>
		<trkpt lat="46.368539304" lon="6.321885482">
			<ele>392.4</ele>
		</trkpt>
		<trkpt lat="46.368220105" lon="6.321406596">
			<ele>390.2</ele>
		</trkpt>
		<trkpt lat="46.367564249" lon="6.32085085">
			<ele>394.2</ele>
		</trkpt>
		<trkpt lat="46.367001602" lon="6.320765012">
			<ele>395.3</ele>
		</trkpt>
		<trkpt lat="46.366335302" lon="6.320453881">
			<ele>394</ele>
		</trkpt>
		<trkpt lat="46.366172427" lon="6.320196383">
			<ele>392.9</ele>
		</trkpt>
		<trkpt lat="46.365950329" lon="6.320196386">
			<ele>392.7</ele>
		</trkpt>
		<trkpt lat="46.364877383" lon="6.319358616">
			<ele>392.3</ele>
		</trkpt>
		<trkpt lat="46.364315175" lon="6.318590607">
			<ele>393.6</ele>
		</trkpt>
		<trkpt lat="46.364188283" lon="6.318039891">
			<ele>391.7</ele>
		</trkpt>
		<trkpt lat="46.36497307" lon="6.317052844">
			<ele>391.1</ele>
		</trkpt>
		<trkpt lat="46.365565348" lon="6.314821241">
			<ele>391.7</ele>
		</trkpt>
		<trkpt lat="46.365743032" lon="6.313641071">
			<ele>390.9</ele>
		</trkpt>
		<trkpt lat="46.366305694" lon="6.313383585">
			<ele>389.9</ele>
		</trkpt>
		<trkpt lat="46.366246465" lon="6.312096114">
			<ele>391.5</ele>
		</trkpt>
		<trkpt lat="46.366379721" lon="6.310658458">
			<ele>385.9</ele>
		</trkpt>
		<trkpt lat="46.365491313" lon="6.308577057">
			<ele>386.8</ele>
		</trkpt>
		<trkpt lat="46.365061913" lon="6.307997701">
			<ele>386.6</ele>
		</trkpt>
		<trkpt lat="46.363429805" lon="6.304640911">
			<ele>385.6</ele>
		</trkpt>
		<trkpt lat="46.36315634" lon="6.304018967">
			<ele>386.1</ele>
		</trkpt>
		<trkpt lat="46.363112657" lon="6.303841073">
			<ele>386.1</ele>
		</trkpt>
		<trkpt lat="46.3624521" lon="6.302858589">
			<ele>386.4</ele>
		</trkpt>
		<trkpt lat="46.361504392" lon="6.302247047">
			<ele>394.1</ele>
		</trkpt>
		<trkpt lat="46.360549258" lon="6.300863027">
			<ele>394.9</ele>
		</trkpt>
		<trkpt lat="46.360156836" lon="6.300101275">
			<ele>395</ele>
		</trkpt>
		<trkpt lat="46.359075813" lon="6.298824552">
			<ele>398</ele>
		</trkpt>
		<trkpt lat="46.358720404" lon="6.298009162">
			<ele>397.4</ele>
		</trkpt>
		<trkpt lat="46.35766896" lon="6.296871903">
			<ele>398</ele>
		</trkpt>
		<trkpt lat="46.355147657" lon="6.293900009">
			<ele>402.7</ele>
		</trkpt>
		<trkpt lat="46.354259064" lon="6.292140488">
			<ele>404.3</ele>
		</trkpt>
		<trkpt lat="46.353400073" lon="6.290080553">
			<ele>404.5</ele>
		</trkpt>
		<trkpt lat="46.352185614" lon="6.288535591">
			<ele>408.7</ele>
		</trkpt>
		<trkpt lat="46.351651734" lon="6.288166258">
			<ele>408</ele>
		</trkpt>
		<trkpt lat="46.350497183" lon="6.287763117">
			<ele>412.7</ele>
		</trkpt>
		<trkpt lat="46.348618831" lon="6.289221694">
			<ele>417.1</ele>
		</trkpt>
		<trkpt lat="46.348531209" lon="6.289145893">
			<ele>417.1</ele>
		</trkpt>
		<trkpt lat="46.348301563" lon="6.289077462">
			<ele>417.4</ele>
		</trkpt>
		<trkpt lat="46.348250318" lon="6.289160834">
			<ele>417.4</ele>
		</trkpt>
		<trkpt lat="46.347780636" lon="6.288398324">
			<ele>416.4</ele>
		</trkpt>
		<trkpt lat="46.346635253" lon="6.285850046">
			<ele>412.7</ele>
		</trkpt>
		<trkpt lat="46.346535367" lon="6.285691905">
			<ele>412</ele>
		</trkpt>
		<trkpt lat="46.346383084" lon="6.285537758">
			<ele>412.2</ele>
		</trkpt>
		<trkpt lat="46.344804797" lon="6.284503527">
			<ele>409.5</ele>
		</trkpt>
		<trkpt lat="46.344183922" lon="6.284190663">
			<ele>408.9</ele>
		</trkpt>
		<trkpt lat="46.343898931" lon="6.283911965">
			<ele>408.5</ele>
		</trkpt>
		<trkpt lat="46.343705968" lon="6.284034098">
			<ele>408.4</ele>
		</trkpt>
		<trkpt lat="46.343372236" lon="6.284512499">
			<ele>409.3</ele>
		</trkpt>
		<trkpt lat="46.343134109" lon="6.284741331">
			<ele>409.8</ele>
		</trkpt>
		<trkpt lat="46.343054062" lon="6.284735336">
			<ele>410.2</ele>
		</trkpt>
		<trkpt lat="46.34299194" lon="6.284667108">
			<ele>409.9</ele>
		</trkpt>
		<trkpt lat="46.342814275" lon="6.283982718">
			<ele>409.6</ele>
		</trkpt>
		<trkpt lat="46.342655329" lon="6.283574011">
			<ele>409.6</ele>
		</trkpt>
		<trkpt lat="46.342331756" lon="6.282985894">
			<ele>411</ele>
		</trkpt>
		<trkpt lat="46.342073506" lon="6.282873798">
			<ele>411.7</ele>
		</trkpt>
		<trkpt lat="46.341933995" lon="6.28292688">
			<ele>412.4</ele>
		</trkpt>
		<trkpt lat="46.341857449" lon="6.282888513">
			<ele>412.4</ele>
		</trkpt>
		<trkpt lat="46.34141714" lon="6.282406859">
			<ele>413.6</ele>
		</trkpt>
		<trkpt lat="46.341408017" lon="6.28233405">
			<ele>413.6</ele>
		</trkpt>
		<trkpt lat="46.340928633" lon="6.281584648">
			<ele>413.7</ele>
		</trkpt>
		<trkpt lat="46.34078965" lon="6.281310881">
			<ele>414.5</ele>
		</trkpt>
		<trkpt lat="46.340738702" lon="6.28111466">
			<ele>415.1</ele>
		</trkpt>
		<trkpt lat="46.340730587" lon="6.280844027">
			<ele>415.3</ele>
		</trkpt>
		<trkpt lat="46.340812252" lon="6.279888817">
			<ele>415.3</ele>
		</trkpt>
		<trkpt lat="46.34016798" lon="6.279098335">
			<ele>415.5</ele>
		</trkpt>
		<trkpt lat="46.339793901" lon="6.278768172">
			<ele>416.4</ele>
		</trkpt>
		<trkpt lat="46.339385893" lon="6.278533103">
			<ele>416.7</ele>
		</trkpt>
		<trkpt lat="46.333824805" lon="6.275500058">
			<ele>411.7</ele>
		</trkpt>
		<trkpt lat="46.332457612" lon="6.273927373">
			<ele>411.1</ele>
		</trkpt>
		<trkpt lat="46.331439441" lon="6.271809337">
			<ele>410</ele>
		</trkpt>
		<trkpt lat="46.328650541" lon="6.269288411">
			<ele>410.7</ele>
		</trkpt>
		<trkpt lat="46.328309502" lon="6.268764825">
			<ele>412.5</ele>
		</trkpt>
		<trkpt lat="46.328072779" lon="6.268278965">
			<ele>413.9</ele>
		</trkpt>
		<trkpt lat="46.327885295" lon="6.268059615">
			<ele>415.4</ele>
		</trkpt>
		<trkpt lat="46.327195208" lon="6.267615225">
			<ele>418.7</ele>
		</trkpt>
		<trkpt lat="46.327085855" lon="6.267500711">
			<ele>418.8</ele>
		</trkpt>
		<trkpt lat="46.326560987" lon="6.267651914">
			<ele>418.8</ele>
		</trkpt>
		<trkpt lat="46.325725645" lon="6.267735058">
			<ele>418.1</ele>
		</trkpt>
		<trkpt lat="46.32502571" lon="6.267923951">
			<ele>417</ele>
		</trkpt>
		<trkpt lat="46.323330675" lon="6.268558508">
			<ele>417.9</ele>
		</trkpt>
		<trkpt lat="46.32258234" lon="6.268794532">
			<ele>417.9</ele>
		</trkpt>
		<trkpt lat="46.321433881" lon="6.269266607">
			<ele>418</ele>
		</trkpt>
		<trkpt lat="46.320641067" lon="6.269502646">
			<ele>416.9</ele>
		</trkpt>
		<trkpt lat="46.320011244" lon="6.26948118">
			<ele>416.2</ele>
		</trkpt>
		<trkpt lat="46.319485162" lon="6.269277333">
			<ele>416.3</ele>
		</trkpt>
		<trkpt lat="46.318062473" lon="6.267764573">
			<ele>414.4</ele>
		</trkpt>
		<trkpt lat="46.317062126" lon="6.266766786">
			<ele>414.3</ele>
		</trkpt>
		<trkpt lat="46.316995435" lon="6.266455653">
			<ele>415.1</ele>
		</trkpt>
		<trkpt lat="46.316847231" lon="6.266337631">
			<ele>416</ele>
		</trkpt>
		<trkpt lat="46.316624926" lon="6.266444927">
			<ele>416.2</ele>
		</trkpt>
		<trkpt lat="46.316335935" lon="6.266509295">
			<ele>417</ele>
		</trkpt>
		<trkpt lat="46.316009891" lon="6.266809708">
			<ele>418</ele>
		</trkpt>
		<trkpt lat="46.315365194" lon="6.265983587">
			<ele>422.8</ele>
		</trkpt>
		<trkpt lat="46.314031332" lon="6.264524456">
			<ele>421.1</ele>
		</trkpt>
		<trkpt lat="46.311267159" lon="6.261627671">
			<ele>418.4</ele>
		</trkpt>
		<trkpt lat="46.310170339" lon="6.26026511">
			<ele>421.2</ele>
		</trkpt>
		<trkpt lat="46.308348131" lon="6.257354915">
			<ele>420.3</ele>
		</trkpt>
		<trkpt lat="46.308009072" lon="6.256896262">
			<ele>419.1</ele>
		</trkpt>
		<trkpt lat="46.306983526" lon="6.256070141">
			<ele>415.1</ele>
		</trkpt>
		<trkpt lat="46.306501777" lon="6.255136724">
			<ele>411.8</ele>
		</trkpt>
		<trkpt lat="46.306057092" lon="6.253924375">
			<ele>412.7</ele>
		</trkpt>
		<trkpt lat="46.306220146" lon="6.25280857">
			<ele>408</ele>
		</trkpt>
		<trkpt lat="46.30644249" lon="6.251703502">
			<ele>396.8</ele>
		</trkpt>
		<trkpt lat="46.305982972" lon="6.250523334">
			<ele>397.5</ele>
		</trkpt>
		<trkpt lat="46.305234404" lon="6.249214412">
			<ele>392.7</ele>
		</trkpt>
		<trkpt lat="46.302732483" lon="6.247510499">
			<ele>386.4</ele>
		</trkpt>
	</trkseg>
</trk>
<trk>
	<name>09: Chens-sur-Léman – Geneva (Developed + Not Signed)</name>
	<desc>Developed + Not Signed</desc>
	<trkseg>
		<trkpt lat="46.30273156" lon="6.247509783">
			<ele>386.4</ele>
		</trkpt>
		<trkpt lat="46.302480019" lon="6.247250028">
			<ele>383.7</ele>
		</trkpt>
		<trkpt lat="46.302550008" lon="6.246219976">
			<ele>383.4</ele>
		</trkpt>
		<trkpt lat="46.302489993" lon="6.24549997">
			<ele>382.8</ele>
		</trkpt>
		<trkpt lat="46.302480019" lon="6.244899994">
			<ele>380.8</ele>
		</trkpt>
		<trkpt lat="46.30241003" lon="6.244579973">
			<ele>380.2</ele>
		</trkpt>
		<trkpt lat="46.302239961" lon="6.244400013">
			<ele>380</ele>
		</trkpt>
		<trkpt lat="46.301860009" lon="6.24427001">
			<ele>380.3</ele>
		</trkpt>
		<trkpt lat="46.301258776" lon="6.243872875">
			<ele>379</ele>
		</trkpt>
		<trkpt lat="46.300979993" lon="6.244750042">
			<ele>385.2</ele>
		</trkpt>
		<trkpt lat="46.300699954" lon="6.244969983">
			<ele>389.5</ele>
		</trkpt>
		<trkpt lat="46.300610016" lon="6.245120019">
			<ele>393.6</ele>
		</trkpt>
		<trkpt lat="46.300450006" lon="6.245580018">
			<ele>398</ele>
		</trkpt>
		<trkpt lat="46.300339951" lon="6.245789984">
			<ele>400.2</ele>
		</trkpt>
		<trkpt lat="46.29990996" lon="6.246130038">
			<ele>404.9</ele>
		</trkpt>
		<trkpt lat="46.298759963" lon="6.246089973">
			<ele>404.7</ele>
		</trkpt>
		<trkpt lat="46.29777995" lon="6.245629974">
			<ele>403.1</ele>
		</trkpt>
		<trkpt lat="46.29733001" lon="6.245520003">
			<ele>402.2</ele>
		</trkpt>
		<trkpt lat="46.296900018" lon="6.245489996">
			<ele>405.3</ele>
		</trkpt>
		<trkpt lat="46.296649986" lon="6.245770035">
			<ele>406.7</ele>
		</trkpt>
		<trkpt lat="46.29615998" lon="6.246440001">
			<ele>407.4</ele>
		</trkpt>
		<trkpt lat="46.295680032" lon="6.246960014">
			<ele>407</ele>
		</trkpt>
		<trkpt lat="46.295539971" lon="6.247069985">
			<ele>407.1</ele>
		</trkpt>
		<trkpt lat="46.295190026" lon="6.247190014">
			<ele>407.5</ele>
		</trkpt>
		<trkpt lat="46.294949969" lon="6.247209962">
			<ele>407.8</ele>
		</trkpt>
		<trkpt lat="46.294679987" lon="6.247150032">
			<ele>408.6</ele>
		</trkpt>
		<trkpt lat="46.294370025" lon="6.246999996">
			<ele>409</ele>
		</trkpt>
		<trkpt lat="46.294170032" lon="6.246839985">
			<ele>409.2</ele>
		</trkpt>
		<trkpt lat="46.293239976" lon="6.245859973">
			<ele>408.4</ele>
		</trkpt>
		<trkpt lat="46.29258996" lon="6.245020023">
			<ele>407.7</ele>
		</trkpt>
		<trkpt lat="46.292379993" lon="6.244830005">
			<ele>408.1</ele>
		</trkpt>
		<trkpt lat="46.29185998" lon="6.244470002">
			<ele>409.1</ele>
		</trkpt>
		<trkpt lat="46.291169982" lon="6.243800037">
			<ele>409.5</ele>
		</trkpt>
		<trkpt lat="46.290249984" lon="6.243059998">
			<ele>410.3</ele>
		</trkpt>
		<trkpt lat="46.28962" lon="6.242660014">
			<ele>412.6</ele>
		</trkpt>
		<trkpt lat="46.28873001" lon="6.24220999">
			<ele>414.2</ele>
		</trkpt>
		<trkpt lat="46.287699958" lon="6.241610013">
			<ele>417.8</ele>
		</trkpt>
		<trkpt lat="46.286950029" lon="6.241280017">
			<ele>418.6</ele>
		</trkpt>
		<trkpt lat="46.285629963" lon="6.240820019">
			<ele>421.8</ele>
		</trkpt>
		<trkpt lat="46.285199971" lon="6.240509972">
			<ele>421.7</ele>
		</trkpt>
		<trkpt lat="46.284520031" lon="6.239870014">
			<ele>422.1</ele>
		</trkpt>
		<trkpt lat="46.284079981" lon="6.239129975">
			<ele>423.2</ele>
		</trkpt>
		<trkpt lat="46.283139951" lon="6.237199958">
			<ele>424.3</ele>
		</trkpt>
		<trkpt lat="46.282579956" lon="6.236250037">
			<ele>423</ele>
		</trkpt>
		<trkpt lat="46.282219953" lon="6.235289974">
			<ele>421</ele>
		</trkpt>
		<trkpt lat="46.281540013" lon="6.234229999">
			<ele>419.5</ele>
		</trkpt>
		<trkpt lat="46.278650017" lon="6.230180031">
			<ele>421.7</ele>
		</trkpt>
		<trkpt lat="46.278060015" lon="6.229160037">
			<ele>420.9</ele>
		</trkpt>
		<trkpt lat="46.277860022" lon="6.228910005">
			<ele>420.2</ele>
		</trkpt>
		<trkpt lat="46.27750002" lon="6.228599958">
			<ele>418.4</ele>
		</trkpt>
		<trkpt lat="46.276090016" lon="6.227769982">
			<ele>418.3</ele>
		</trkpt>
		<trkpt lat="46.27593998" lon="6.227650037">
			<ele>418.5</ele>
		</trkpt>
		<trkpt lat="46.275589951" lon="6.227360023">
			<ele>419.1</ele>
		</trkpt>
		<trkpt lat="46.275349978" lon="6.227100017">
			<ele>419.2</ele>
		</trkpt>
		<trkpt lat="46.275330029" lon="6.227040002">
			<ele>419.5</ele>
		</trkpt>
		<trkpt lat="46.275226009" lon="6.226955764">
			<ele>418.8</ele>
		</trkpt>
		<trkpt lat="46.275189967" lon="6.226830035">
			<ele>418.8</ele>
		</trkpt>
		<trkpt lat="46.274970026" lon="6.226779995">
			<ele>419</ele>
		</trkpt>
		<trkpt lat="46.274940019" lon="6.226810003">
			<ele>419.3</ele>
		</trkpt>
		<trkpt lat="46.274329984" lon="6.226600036">
			<ele>419.2</ele>
		</trkpt>
		<trkpt lat="46.273409986" lon="6.226150012">
			<ele>419.9</ele>
		</trkpt>
		<trkpt lat="46.27258001" lon="6.22550997">
			<ele>421.1</ele>
		</trkpt>
		<trkpt lat="46.272059997" lon="6.224879986">
			<ele>420.2</ele>
		</trkpt>
		<trkpt lat="46.271760008" lon="6.22460003">
			<ele>420.1</ele>
		</trkpt>
		<trkpt lat="46.271209988" lon="6.224270035">
			<ele>419.4</ele>
		</trkpt>
		<trkpt lat="46.270029984" lon="6.223720014">
			<ele>418.1</ele>
		</trkpt>
		<trkpt lat="46.26973997" lon="6.223639967">
			<ele>418.6</ele>
		</trkpt>
		<trkpt lat="46.268719976" lon="6.223680032">
			<ele>422.6</ele>
		</trkpt>
		<trkpt lat="46.268529958" lon="6.223790003">
			<ele>423.8</ele>
		</trkpt>
		<trkpt lat="46.268340024" lon="6.22415998">
			<ele>424.7</ele>
		</trkpt>
		<trkpt lat="46.268169956" lon="6.224800022">
			<ele>425.5</ele>
		</trkpt>
		<trkpt lat="46.268069959" lon="6.225049971">
			<ele>425.7</ele>
		</trkpt>
		<trkpt lat="46.266909988" lon="6.226589978">
			<ele>425.1</ele>
		</trkpt>
		<trkpt lat="46.26677001" lon="6.226700032">
			<ele>425.2</ele>
		</trkpt>
		<trkpt lat="46.266700021" lon="6.226670025">
			<ele>425.2</ele>
		</trkpt>
		<trkpt lat="46.266579992" lon="6.226570029">
			<ele>425.2</ele>
		</trkpt>
		<trkpt lat="46.266259971" lon="6.226180019">
			<ele>425.7</ele>
		</trkpt>
		<trkpt lat="46.265850012" lon="6.225569984">
			<ele>425.4</ele>
		</trkpt>
		<trkpt lat="46.26532606" lon="6.225046366">
			<ele>425.8</ele>
		</trkpt>
		<trkpt lat="46.265491602" lon="6.224150006">
			<ele>425.8</ele>
		</trkpt>
		<trkpt lat="46.265169989" lon="6.223969962">
			<ele>427.7</ele>
		</trkpt>
		<trkpt lat="46.264679982" lon="6.22343">
			<ele>429.9</ele>
		</trkpt>
		<trkpt lat="46.264540005" lon="6.223330004">
			<ele>429.9</ele>
		</trkpt>
		<trkpt lat="46.264379994" lon="6.223290022">
			<ele>430.4</ele>
		</trkpt>
		<trkpt lat="46.264119988" lon="6.223330004">
			<ele>431.3</ele>
		</trkpt>
		<trkpt lat="46.264010017" lon="6.223290022">
			<ele>431.3</ele>
		</trkpt>
		<trkpt lat="46.262990023" lon="6.222660039">
			<ele>432</ele>
		</trkpt>
		<trkpt lat="46.26241997" lon="6.222070036">
			<ele>431.9</ele>
		</trkpt>
		<trkpt lat="46.262119982" lon="6.221680027">
			<ele>431.5</ele>
		</trkpt>
		<trkpt lat="46.261339962" lon="6.221099999">
			<ele>431.2</ele>
		</trkpt>
		<trkpt lat="46.260939977" lon="6.220709989">
			<ele>429.3</ele>
		</trkpt>
		<trkpt lat="46.260549967" lon="6.22024999">
			<ele>427.2</ele>
		</trkpt>
		<trkpt lat="46.26040999" lon="6.220149994">
			<ele>427.2</ele>
		</trkpt>
		<trkpt lat="46.25978998" lon="6.219899962">
			<ele>426.9</ele>
		</trkpt>
		<trkpt lat="46.258809968" lon="6.219150033">
			<ele>427.3</ele>
		</trkpt>
		<trkpt lat="46.257640022" lon="6.218849961">
			<ele>429</ele>
		</trkpt>
		<trkpt lat="46.257090002" lon="6.218549972">
			<ele>428.8</ele>
		</trkpt>
		<trkpt lat="46.255919972" lon="6.217350019">
			<ele>427.1</ele>
		</trkpt>
		<trkpt lat="46.255380009" lon="6.216620039">
			<ele>426.1</ele>
		</trkpt>
		<trkpt lat="46.255110028" lon="6.21616004">
			<ele>425.3</ele>
		</trkpt>
		<trkpt lat="46.254669978" lon="6.215580013">
			<ele>425.4</ele>
		</trkpt>
		<trkpt lat="46.254249961" lon="6.215120014">
			<ele>426.3</ele>
		</trkpt>
		<trkpt lat="46.254355741" lon="6.214429261">
			<ele>423.7</ele>
		</trkpt>
		<trkpt lat="46.253949973" lon="6.213800032">
			<ele>420.7</ele>
		</trkpt>
		<trkpt lat="46.253629952" lon="6.213389989">
			<ele>420.1</ele>
		</trkpt>
		<trkpt lat="46.253459967" lon="6.213240037">
			<ele>419.4</ele>
		</trkpt>
		<trkpt lat="46.252939954" lon="6.21292999">
			<ele>420.2</ele>
		</trkpt>
		<trkpt lat="46.251990033" lon="6.212560013">
			<ele>421.7</ele>
		</trkpt>
		<trkpt lat="46.250590003" lon="6.211730037">
			<ele>420.4</ele>
		</trkpt>
		<trkpt lat="46.249860023" lon="6.211180016">
			<ele>420.1</ele>
		</trkpt>
		<trkpt lat="46.248859978" lon="6.210239986">
			<ele>421.6</ele>
		</trkpt>
		<trkpt lat="46.248190013" lon="6.209670017">
			<ele>421.6</ele>
		</trkpt>
		<trkpt lat="46.247589952" lon="6.209040033">
			<ele>422.2</ele>
		</trkpt>
		<trkpt lat="46.247079997" lon="6.208139984">
			<ele>422.6</ele>
		</trkpt>
		<trkpt lat="46.245513923" lon="6.206134949">
			<ele>422</ele>
		</trkpt>
		<trkpt lat="46.245462625" lon="6.20611785">
			<ele>422</ele>
		</trkpt>
		<trkpt lat="46.245450723" lon="6.206267048">
			<ele>422.5</ele>
		</trkpt>
		<trkpt lat="46.245401186" lon="6.206312645">
			<ele>422.5</ele>
		</trkpt>
		<trkpt lat="46.245295993" lon="6.206275513">
			<ele>422.9</ele>
		</trkpt>
		<trkpt lat="46.244670033" lon="6.207289975">
			<ele>425.3</ele>
		</trkpt>
		<trkpt lat="46.244169968" lon="6.207990032">
			<ele>428.9</ele>
		</trkpt>
		<trkpt lat="46.243890013" lon="6.208450031">
			<ele>431</ele>
		</trkpt>
		<trkpt lat="46.24196997" lon="6.206290014">
			<ele>432.8</ele>
		</trkpt>
		<trkpt lat="46.241390026" lon="6.20527002">
			<ele>432.4</ele>
		</trkpt>
		<trkpt lat="46.240670021" lon="6.204459993">
			<ele>431.6</ele>
		</trkpt>
		<trkpt lat="46.240259978" lon="6.203899998">
			<ele>430.3</ele>
		</trkpt>
		<trkpt lat="46.240020004" lon="6.203319971">
			<ele>429.5</ele>
		</trkpt>
		<trkpt lat="46.239759998" lon="6.202280028">
			<ele>427.9</ele>
		</trkpt>
		<trkpt lat="46.238809993" lon="6.201660018">
			<ele>429.9</ele>
		</trkpt>
		<trkpt lat="46.238299954" lon="6.201119972">
			<ele>429.8</ele>
		</trkpt>
		<trkpt lat="46.238249998" lon="6.201030035">
			<ele>430.9</ele>
		</trkpt>
		<trkpt lat="46.238210016" lon="6.200930038">
			<ele>430.9</ele>
		</trkpt>
		<trkpt lat="46.238219991" lon="6.200879999">
			<ele>430.9</ele>
		</trkpt>
		<trkpt lat="46.238510004" lon="6.199909961">
			<ele>425.8</ele>
		</trkpt>
		<trkpt lat="46.238679486" lon="6.199031789">
			<ele>421.9</ele>
		</trkpt>
		<trkpt lat="46.23839995" lon="6.198949981">
			<ele>422.1</ele>
		</trkpt>
		<trkpt lat="46.238060818" lon="6.198713863">
			<ele>421.8</ele>
		</trkpt>
		<trkpt lat="46.238329961" lon="6.197639974">
			<ele>417.5</ele>
		</trkpt>
		<trkpt lat="46.237850013" lon="6.197379967">
			<ele>416.7</ele>
		</trkpt>
		<trkpt lat="46.237650021" lon="6.197230015">
			<ele>415.4</ele>
		</trkpt>
		<trkpt lat="46.237399989" lon="6.196749983">
			<ele>413</ele>
		</trkpt>
		<trkpt lat="46.237120033" lon="6.196349999">
			<ele>413.1</ele>
		</trkpt>
		<trkpt lat="46.23693999" lon="6.196180014">
			<ele>412.5</ele>
		</trkpt>
		<trkpt lat="46.236509998" lon="6.195880026">
			<ele>412.1</ele>
		</trkpt>
		<trkpt lat="46.236270025" lon="6.195529997">
			<ele>410.3</ele>
		</trkpt>
		<trkpt lat="46.236080007" lon="6.195350038">
			<ele>408.2</ele>
		</trkpt>
		<trkpt lat="46.235780019" lon="6.19510998">
			<ele>406.6</ele>
		</trkpt>
		<trkpt lat="46.234890028" lon="6.194530036">
			<ele>405.2</ele>
		</trkpt>
		<trkpt lat="46.23464997" lon="6.194289979">
			<ele>403.5</ele>
		</trkpt>
		<trkpt lat="46.234219979" lon="6.193980016">
			<ele>403.6</ele>
		</trkpt>
		<trkpt lat="46.23386995" lon="6.193629988">
			<ele>403.1</ele>
		</trkpt>
		<trkpt lat="46.233569962" lon="6.192890033">
			<ele>397</ele>
		</trkpt>
		<trkpt lat="46.233469966" lon="6.192470016">
			<ele>392.2</ele>
		</trkpt>
		<trkpt lat="46.233259999" lon="6.19208998">
			<ele>391.4</ele>
		</trkpt>
		<trkpt lat="46.232240006" lon="6.190900002">
			<ele>387.1</ele>
		</trkpt>
		<trkpt lat="46.23073998" lon="6.189520005">
			<ele>381.6</ele>
		</trkpt>
		<trkpt lat="46.230130029" lon="6.188769992">
			<ele>383.2</ele>
		</trkpt>
		<trkpt lat="46.230089964" lon="6.188760018">
			<ele>383.2</ele>
		</trkpt>
		<trkpt lat="46.229989967" lon="6.188609982">
			<ele>380.8</ele>
		</trkpt>
		<trkpt lat="46.229610016" lon="6.188200023">
			<ele>376.5</ele>
		</trkpt>
		<trkpt lat="46.22889001" lon="6.187280025">
			<ele>375.7</ele>
		</trkpt>
		<trkpt lat="46.228869978" lon="6.187090008">
			<ele>371.7</ele>
		</trkpt>
		<trkpt lat="46.228929992" lon="6.186969979">
			<ele>371.7</ele>
		</trkpt>
		<trkpt lat="46.228850029" lon="6.186860008">
			<ele>371.7</ele>
		</trkpt>
		<trkpt lat="46.228239994" lon="6.186230024">
			<ele>371</ele>
		</trkpt>
		<trkpt lat="46.228149972" lon="6.186209992">
			<ele>371.4</ele>
		</trkpt>
		<trkpt lat="46.226899979" lon="6.184590021">
			<ele>371</ele>
		</trkpt>
		<trkpt lat="46.226149966" lon="6.183940005">
			<ele>371</ele>
		</trkpt>
		<trkpt lat="46.220529984" lon="6.179679986">
			<ele>375.8</ele>
		</trkpt>
		<trkpt lat="46.218290004" lon="6.178050041">
			<ele>372.4</ele>
		</trkpt>
		<trkpt lat="46.215279979" lon="6.175939981">
			<ele>375.7</ele>
		</trkpt>
		<trkpt lat="46.212819974" lon="6.174080037">
			<ele>379.5</ele>
		</trkpt>
		<trkpt lat="46.212519986" lon="6.173779964">
			<ele>379.3</ele>
		</trkpt>
		<trkpt lat="46.212510011" lon="6.173669994">
			<ele>379.3</ele>
		</trkpt>
		<trkpt lat="46.212110027" lon="6.173119973">
			<ele>376.4</ele>
		</trkpt>
		<trkpt lat="46.211780031" lon="6.172389993">
			<ele>374.3</ele>
		</trkpt>
		<trkpt lat="46.211709959" lon="6.172329979">
			<ele>374.3</ele>
		</trkpt>
		<trkpt lat="46.209420023" lon="6.167299999">
			<ele>373.2</ele>
		</trkpt>
		<trkpt lat="46.208419978" lon="6.165030012">
			<ele>374.9</ele>
		</trkpt>
		<trkpt lat="46.208410003" lon="6.164930016">
			<ele>374.5</ele>
		</trkpt>
		<trkpt lat="46.208070033" lon="6.163899964">
			<ele>373.7</ele>
		</trkpt>
		<trkpt lat="46.207739954" lon="6.162570007">
			<ele>373.4</ele>
		</trkpt>
		<trkpt lat="46.207680023" lon="6.162500018">
			<ele>373.8</ele>
		</trkpt>
		<trkpt lat="46.207490006" lon="6.161850002">
			<ele>373.1</ele>
		</trkpt>
		<trkpt lat="46.207130003" lon="6.161020026">
			<ele>373.1</ele>
		</trkpt>
		<trkpt lat="46.203899953" lon="6.154300002">
			<ele>375</ele>
		</trkpt>
		<trkpt lat="46.203420005" lon="6.153099965">
			<ele>376.7</ele>
		</trkpt>
		<trkpt lat="46.203829964" lon="6.151110018">
			<ele>377</ele>
		</trkpt>
		<trkpt lat="46.204100029" lon="6.150599979">
			<ele>375.8</ele>
		</trkpt>
		<trkpt lat="46.204939979" lon="6.149719963">
			<ele>371.1</ele>
		</trkpt>
		<trkpt lat="46.205009968" lon="6.149560036">
			<ele>371.1</ele>
		</trkpt>
		<trkpt lat="46.206849964" lon="6.147820037">
			<ele>373.3</ele>
		</trkpt>
		<trkpt lat="46.207299988" lon="6.147059966">
			<ele>383.2</ele>
		</trkpt>
		<trkpt lat="46.207980012" lon="6.145749958">
			<ele>387.4</ele>
		</trkpt>
		<trkpt lat="46.208099957" lon="6.145430021">
			<ele>388.2</ele>
		</trkpt>
		<trkpt lat="46.20811999" lon="6.144889975">
			<ele>389.3</ele>
		</trkpt>
		<trkpt lat="46.208368932" lon="6.142664747">
			<ele>389.5</ele>
		</trkpt>
		<trkpt lat="46.208882072" lon="6.142654857">
			<ele>389.4</ele>
		</trkpt>
		<trkpt lat="46.209266047" lon="6.142567014">
			<ele>389.8</ele>
		</trkpt>
		<trkpt lat="46.209448856" lon="6.142214807">
			<ele>391</ele>
		</trkpt>
	</trkseg>
</trk>
<trk>
	<name>10: Geneva – Valleiry (Developed + Signed)</name>
	<desc>Developed + Signed</desc>
	<trkseg>
		<trkpt lat="46.209448856" lon="6.142214807">
			<ele>391</ele>
		</trkpt>
		<trkpt lat="46.208509999" lon="6.141079981">
			<ele>390.7</ele>
		</trkpt>
		<trkpt lat="46.208300033" lon="6.14248001">
			<ele>389.3</ele>
		</trkpt>
		<trkpt lat="46.207030007" lon="6.14209">
			<ele>390.3</ele>
		</trkpt>
		<trkpt lat="46.205699966" lon="6.142879995">
			<ele>384</ele>
		</trkpt>
		<trkpt lat="46.205480025" lon="6.141079981">
			<ele>380.8</ele>
		</trkpt>
		<trkpt lat="46.205420011" lon="6.139599988">
			<ele>374.2</ele>
		</trkpt>
		<trkpt lat="46.205469967" lon="6.136979973">
			<ele>381.3</ele>
		</trkpt>
		<trkpt lat="46.205359996" lon="6.135950005">
			<ele>389.9</ele>
		</trkpt>
		<trkpt lat="46.204679973" lon="6.134860022">
			<ele>392.4</ele>
		</trkpt>
		<trkpt lat="46.204230032" lon="6.135420017">
			<ele>381</ele>
		</trkpt>
		<trkpt lat="46.204029956" lon="6.135520013">
			<ele>379.2</ele>
		</trkpt>
		<trkpt lat="46.203580015" lon="6.134619964">
			<ele>371.8</ele>
		</trkpt>
		<trkpt lat="46.203090009" lon="6.13343996">
			<ele>371.1</ele>
		</trkpt>
		<trkpt lat="46.202690025" lon="6.131770033">
			<ele>371.2</ele>
		</trkpt>
		<trkpt lat="46.202690025" lon="6.128739975">
			<ele>371.5</ele>
		</trkpt>
		<trkpt lat="46.202560022" lon="6.127370037">
			<ele>374.7</ele>
		</trkpt>
		<trkpt lat="46.202289957" lon="6.125930026">
			<ele>371.4</ele>
		</trkpt>
		<trkpt lat="46.200890011" lon="6.12583003">
			<ele>371.4</ele>
		</trkpt>
		<trkpt lat="46.199970014" lon="6.125180013">
			<ele>380.2</ele>
		</trkpt>
		<trkpt lat="46.199819978" lon="6.125630038">
			<ele>384.1</ele>
		</trkpt>
		<trkpt lat="46.19962996" lon="6.126809958">
			<ele>380.5</ele>
		</trkpt>
		<trkpt lat="46.19911003" lon="6.127930032">
			<ele>375.6</ele>
		</trkpt>
		<trkpt lat="46.198779951" lon="6.12773004">
			<ele>386.5</ele>
		</trkpt>
		<trkpt lat="46.197649987" lon="6.127259983">
			<ele>401</ele>
		</trkpt>
		<trkpt lat="46.197180013" lon="6.127159987">
			<ele>395.8</ele>
		</trkpt>
		<trkpt lat="46.197020003" lon="6.126859998">
			<ele>396.4</ele>
		</trkpt>
		<trkpt lat="46.196669974" lon="6.125630038">
			<ele>408.1</ele>
		</trkpt>
		<trkpt lat="46.196450033" lon="6.125159981">
			<ele>410.4</ele>
		</trkpt>
		<trkpt lat="46.196379961" lon="6.124750022">
			<ele>411.9</ele>
		</trkpt>
		<trkpt lat="46.196039991" lon="6.124260016">
			<ele>411.8</ele>
		</trkpt>
		<trkpt lat="46.195900013" lon="6.123530036">
			<ele>414.1</ele>
		</trkpt>
		<trkpt lat="46.196079972" lon="6.122690002">
			<ele>415.9</ele>
		</trkpt>
		<trkpt lat="46.196019958" lon="6.121509997">
			<ele>417.7</ele>
		</trkpt>
		<trkpt lat="46.194019952" lon="6.120589999">
			<ele>423.9</ele>
		</trkpt>
		<trkpt lat="46.192190015" lon="6.116680009">
			<ele>424.9</ele>
		</trkpt>
		<trkpt lat="46.190359994" lon="6.117860014">
			<ele>426.4</ele>
		</trkpt>
		<trkpt lat="46.189560025" lon="6.120050037">
			<ele>422.1</ele>
		</trkpt>
		<trkpt lat="46.188799954" lon="6.118810019">
			<ele>423</ele>
		</trkpt>
		<trkpt lat="46.187820026" lon="6.117370008">
			<ele>421.2</ele>
		</trkpt>
		<trkpt lat="46.187200016" lon="6.117969984">
			<ele>419.9</ele>
		</trkpt>
		<trkpt lat="46.186599956" lon="6.116959965">
			<ele>418.9</ele>
		</trkpt>
		<trkpt lat="46.185959998" lon="6.115500005">
			<ele>422.1</ele>
		</trkpt>
		<trkpt lat="46.184810001" lon="6.11170996">
			<ele>418.8</ele>
		</trkpt>
		<trkpt lat="46.185149971" lon="6.11119003">
			<ele>420.2</ele>
		</trkpt>
		<trkpt lat="46.185279974" lon="6.11019996">
			<ele>418.3</ele>
		</trkpt>
		<trkpt lat="46.184859957" lon="6.109320028">
			<ele>418.1</ele>
		</trkpt>
		<trkpt lat="46.184830033" lon="6.107929973">
			<ele>420.8</ele>
		</trkpt>
		<trkpt lat="46.183690011" lon="6.10477997">
			<ele>425.6</ele>
		</trkpt>
		<trkpt lat="46.182670017" lon="6.103359992">
			<ele>424.8</ele>
		</trkpt>
		<trkpt lat="46.182440017" lon="6.103120018">
			<ele>425.6</ele>
		</trkpt>
		<trkpt lat="46.181479954" lon="6.101299971">
			<ele>429.7</ele>
		</trkpt>
		<trkpt lat="46.181049963" lon="6.100309985">
			<ele>429.6</ele>
		</trkpt>
		<trkpt lat="46.180570015" lon="6.100549959">
			<ele>427</ele>
		</trkpt>
		<trkpt lat="46.179710032" lon="6.098869974">
			<ele>423.3</ele>
		</trkpt>
		<trkpt lat="46.179459999" lon="6.098939963">
			<ele>421.2</ele>
		</trkpt>
		<trkpt lat="46.178770001" lon="6.097540017">
			<ele>421.3</ele>
		</trkpt>
		<trkpt lat="46.177819996" lon="6.094729984">
			<ele>419.3</ele>
		</trkpt>
		<trkpt lat="46.177269976" lon="6.092369976">
			<ele>421</ele>
		</trkpt>
		<trkpt lat="46.177120024" lon="6.091110008">
			<ele>424.5</ele>
		</trkpt>
		<trkpt lat="46.176679974" lon="6.091509992">
			<ele>416.7</ele>
		</trkpt>
		<trkpt lat="46.174079991" lon="6.087089963">
			<ele>425.3</ele>
		</trkpt>
		<trkpt lat="46.173310029" lon="6.085420037">
			<ele>429.5</ele>
		</trkpt>
		<trkpt lat="46.173659974" lon="6.084800027">
			<ele>436.2</ele>
		</trkpt>
		<trkpt lat="46.173940013" lon="6.085119965">
			<ele>437.6</ele>
		</trkpt>
		<trkpt lat="46.173959962" lon="6.084819976">
			<ele>438.6</ele>
		</trkpt>
		<trkpt lat="46.173749996" lon="6.084540021">
			<ele>438.8</ele>
		</trkpt>
		<trkpt lat="46.173900032" lon="6.083550034">
			<ele>444.8</ele>
		</trkpt>
		<trkpt lat="46.173799952" lon="6.082389979">
			<ele>446.7</ele>
		</trkpt>
		<trkpt lat="46.172769983" lon="6.080530034">
			<ele>452.4</ele>
		</trkpt>
		<trkpt lat="46.173320004" lon="6.080210013">
			<ele>451.9</ele>
		</trkpt>
		<trkpt lat="46.173740021" lon="6.080249995">
			<ele>450.3</ele>
		</trkpt>
		<trkpt lat="46.174079991" lon="6.080589965">
			<ele>449.1</ele>
		</trkpt>
		<trkpt lat="46.175940019" lon="6.079280041">
			<ele>448.7</ele>
		</trkpt>
		<trkpt lat="46.176519963" lon="6.079130005">
			<ele>447</ele>
		</trkpt>
		<trkpt lat="46.177729975" lon="6.077669961">
			<ele>443.4</ele>
		</trkpt>
		<trkpt lat="46.177179954" lon="6.076240009">
			<ele>446.1</ele>
		</trkpt>
		<trkpt lat="46.176690032" lon="6.073849993">
			<ele>446.4</ele>
		</trkpt>
		<trkpt lat="46.176340004" lon="6.071879994">
			<ele>443.3</ele>
		</trkpt>
		<trkpt lat="46.176010008" lon="6.070590019">
			<ele>437.7</ele>
		</trkpt>
		<trkpt lat="46.176869991" lon="6.069129976">
			<ele>435.1</ele>
		</trkpt>
		<trkpt lat="46.177910018" lon="6.067249998">
			<ele>428.3</ele>
		</trkpt>
		<trkpt lat="46.179279956" lon="6.064090021">
			<ele>415.4</ele>
		</trkpt>
		<trkpt lat="46.181309969" lon="6.056600036">
			<ele>406.2</ele>
		</trkpt>
		<trkpt lat="46.183290026" lon="6.05337996">
			<ele>406.6</ele>
		</trkpt>
		<trkpt lat="46.184210024" lon="6.051109973">
			<ele>402.3</ele>
		</trkpt>
		<trkpt lat="46.185790013" lon="6.048709983">
			<ele>399.2</ele>
		</trkpt>
		<trkpt lat="46.187119969" lon="6.047009965">
			<ele>385.3</ele>
		</trkpt>
		<trkpt lat="46.187979953" lon="6.046370007">
			<ele>381.7</ele>
		</trkpt>
		<trkpt lat="46.188589987" lon="6.045570038">
			<ele>379.1</ele>
		</trkpt>
		<trkpt lat="46.190520005" lon="6.042869976">
			<ele>377.1</ele>
		</trkpt>
		<trkpt lat="46.190050031" lon="6.042290032">
			<ele>376.6</ele>
		</trkpt>
		<trkpt lat="46.189719952" lon="6.041630041">
			<ele>376.8</ele>
		</trkpt>
		<trkpt lat="46.190050031" lon="6.040720018">
			<ele>377.1</ele>
		</trkpt>
		<trkpt lat="46.190719997" lon="6.039259974">
			<ele>375.1</ele>
		</trkpt>
		<trkpt lat="46.193149994" lon="6.036409959">
			<ele>370.8</ele>
		</trkpt>
		<trkpt lat="46.193149994" lon="6.035359958">
			<ele>370.8</ele>
		</trkpt>
		<trkpt lat="46.193229958" lon="6.033899998">
			<ele>371</ele>
		</trkpt>
		<trkpt lat="46.193379994" lon="6.032719994">
			<ele>369.3</ele>
		</trkpt>
		<trkpt lat="46.193670008" lon="6.031839978">
			<ele>368.1</ele>
		</trkpt>
		<trkpt lat="46.193660033" lon="6.031089965">
			<ele>367.9</ele>
		</trkpt>
		<trkpt lat="46.193110013" lon="6.029290035">
			<ele>365.4</ele>
		</trkpt>
		<trkpt lat="46.192429989" lon="6.027249964">
			<ele>369.6</ele>
		</trkpt>
		<trkpt lat="46.192980009" lon="6.024479996">
			<ele>379</ele>
		</trkpt>
		<trkpt lat="46.19319995" lon="6.023620013">
			<ele>386.4</ele>
		</trkpt>
		<trkpt lat="46.19308998" lon="6.023279959">
			<ele>385.6</ele>
		</trkpt>
		<trkpt lat="46.192599974" lon="6.023000004">
			<ele>386.5</ele>
		</trkpt>
		<trkpt lat="46.192109968" lon="6.022440009">
			<ele>388.1</ele>
		</trkpt>
		<trkpt lat="46.192039979" lon="6.021970036">
			<ele>390.1</ele>
		</trkpt>
		<trkpt lat="46.192369974" lon="6.021369975">
			<ele>397</ele>
		</trkpt>
		<trkpt lat="46.193170027" lon="6.020769998">
			<ele>407.7</ele>
		</trkpt>
		<trkpt lat="46.193080005" lon="6.020300025">
			<ele>406.7</ele>
		</trkpt>
		<trkpt lat="46.192720003" lon="6.020100033">
			<ele>403.5</ele>
		</trkpt>
		<trkpt lat="46.192079961" lon="6.020000037">
			<ele>404.6</ele>
		</trkpt>
		<trkpt lat="46.192069986" lon="6.019480024">
			<ele>409.8</ele>
		</trkpt>
		<trkpt lat="46.193119987" lon="6.016330021">
			<ele>419.2</ele>
		</trkpt>
		<trkpt lat="46.192780017" lon="6.016030032">
			<ele>419</ele>
		</trkpt>
		<trkpt lat="46.19124001" lon="6.015280019">
			<ele>420.7</ele>
		</trkpt>
		<trkpt lat="46.190659982" lon="6.01460997">
			<ele>420.5</ele>
		</trkpt>
		<trkpt lat="46.190259998" lon="6.013989961">
			<ele>420.2</ele>
		</trkpt>
		<trkpt lat="46.189739985" lon="6.013749987">
			<ele>420.7</ele>
		</trkpt>
		<trkpt lat="46.188190003" lon="6.01354002">
			<ele>420.2</ele>
		</trkpt>
		<trkpt lat="46.187749953" lon="6.013129978">
			<ele>418.1</ele>
		</trkpt>
		<trkpt lat="46.187569994" lon="6.012790008">
			<ele>415.3</ele>
		</trkpt>
		<trkpt lat="46.187609975" lon="6.012230013">
			<ele>411.2</ele>
		</trkpt>
		<trkpt lat="46.188120014" lon="6.011410011">
			<ele>403.7</ele>
		</trkpt>
		<trkpt lat="46.188710016" lon="6.010680031">
			<ele>406.6</ele>
		</trkpt>
		<trkpt lat="46.188580013" lon="6.010469981">
			<ele>401.1</ele>
		</trkpt>
		<trkpt lat="46.188150021" lon="6.010680031">
			<ele>397</ele>
		</trkpt>
		<trkpt lat="46.187690023" lon="6.011280008">
			<ele>394.9</ele>
		</trkpt>
		<trkpt lat="46.186810007" lon="6.011730032">
			<ele>395.6</ele>
		</trkpt>
		<trkpt lat="46.185469992" lon="6.011459967">
			<ele>381.1</ele>
		</trkpt>
		<trkpt lat="46.184229973" lon="6.011349997">
			<ele>374.1</ele>
		</trkpt>
		<trkpt lat="46.184229973" lon="6.011050008">
			<ele>369.1</ele>
		</trkpt>
		<trkpt lat="46.185369996" lon="6.010880023">
			<ele>372.8</ele>
		</trkpt>
		<trkpt lat="46.185799987" lon="6.010130011">
			<ele>365.9</ele>
		</trkpt>
		<trkpt lat="46.185850027" lon="6.009459961">
			<ele>364.4</ele>
		</trkpt>
		<trkpt lat="46.185249967" lon="6.008390011">
			<ele>364.4</ele>
		</trkpt>
		<trkpt lat="46.184909997" lon="6.008320022">
			<ele>363.1</ele>
		</trkpt>
		<trkpt lat="46.184329969" lon="6.00806999">
			<ele>362.4</ele>
		</trkpt>
		<trkpt lat="46.183850021" lon="6.007770002">
			<ele>362.6</ele>
		</trkpt>
		<trkpt lat="46.182069956" lon="6.00767998">
			<ele>357.6</ele>
		</trkpt>
		<trkpt lat="46.181309969" lon="6.007140018">
			<ele>358.4</ele>
		</trkpt>
		<trkpt lat="46.179190018" lon="6.006410038">
			<ele>360.7</ele>
		</trkpt>
		<trkpt lat="46.178739994" lon="6.006480027">
			<ele>358.4</ele>
		</trkpt>
		<trkpt lat="46.178080003" lon="6.005860018">
			<ele>357.8</ele>
		</trkpt>
		<trkpt lat="46.177940025" lon="6.004440039">
			<ele>360</ele>
		</trkpt>
		<trkpt lat="46.177840029" lon="6.000879994">
			<ele>353.7</ele>
		</trkpt>
		<trkpt lat="46.177009969" lon="6.00097999">
			<ele>351.6</ele>
		</trkpt>
		<trkpt lat="46.175329984" lon="6.00025001">
			<ele>354.5</ele>
		</trkpt>
		<trkpt lat="46.175699961" lon="5.997890001">
			<ele>360.3</ele>
		</trkpt>
		<trkpt lat="46.175529977" lon="5.997509966">
			<ele>362.7</ele>
		</trkpt>
		<trkpt lat="46.175280028" lon="5.997639969">
			<ele>363.3</ele>
		</trkpt>
		<trkpt lat="46.174950033" lon="5.998559967">
			<ele>365.9</ele>
		</trkpt>
		<trkpt lat="46.173929955" lon="6.004329985">
			<ele>380</ele>
		</trkpt>
		<trkpt lat="46.173870024" lon="6.005430026">
			<ele>388.8</ele>
		</trkpt>
		<trkpt lat="46.173159993" lon="6.005530022">
			<ele>399.1</ele>
		</trkpt>
		<trkpt lat="46.172679962" lon="6.005189968">
			<ele>403.9</ele>
		</trkpt>
		<trkpt lat="46.171089999" lon="6.001950027">
			<ele>404.4</ele>
		</trkpt>
		<trkpt lat="46.170360019" lon="6.00147997">
			<ele>418.8</ele>
		</trkpt>
		<trkpt lat="46.170019965" lon="6.001070011">
			<ele>418.9</ele>
		</trkpt>
		<trkpt lat="46.169610006" lon="6.001309985">
			<ele>425.1</ele>
		</trkpt>
		<trkpt lat="46.169440021" lon="6.00041002">
			<ele>423.7</ele>
		</trkpt>
		<trkpt lat="46.168950015" lon="5.999030024">
			<ele>422.5</ele>
		</trkpt>
		<trkpt lat="46.168769972" lon="5.997420028">
			<ele>415.1</ele>
		</trkpt>
		<trkpt lat="46.168399994" lon="5.996440016">
			<ele>412.2</ele>
		</trkpt>
		<trkpt lat="46.168460009" lon="5.99550996">
			<ele>410.9</ele>
		</trkpt>
		<trkpt lat="46.168479958" lon="5.994330039">
			<ele>411.9</ele>
		</trkpt>
		<trkpt lat="46.168299998" lon="5.99309002">
			<ele>409.5</ele>
		</trkpt>
		<trkpt lat="46.167689963" lon="5.991610028">
			<ele>413.1</ele>
		</trkpt>
		<trkpt lat="46.167240023" lon="5.989080034">
			<ele>414.4</ele>
		</trkpt>
		<trkpt lat="46.167210016" lon="5.987320002">
			<ele>408</ele>
		</trkpt>
		<trkpt lat="46.167719971" lon="5.985770021">
			<ele>408.1</ele>
		</trkpt>
		<trkpt lat="46.16800001" lon="5.984269995">
			<ele>403.6</ele>
		</trkpt>
		<trkpt lat="46.167600026" lon="5.982699981">
			<ele>391.8</ele>
		</trkpt>
		<trkpt lat="46.166160015" lon="5.982360011">
			<ele>385.7</ele>
		</trkpt>
		<trkpt lat="46.165270024" lon="5.982420025">
			<ele>372.6</ele>
		</trkpt>
		<trkpt lat="46.164299986" lon="5.982750021">
			<ele>369.9</ele>
		</trkpt>
		<trkpt lat="46.163010012" lon="5.982999969">
			<ele>378.8</ele>
		</trkpt>
		<trkpt lat="46.160749999" lon="5.982639967">
			<ele>377.8</ele>
		</trkpt>
		<trkpt lat="46.159619951" lon="5.982509963">
			<ele>378.8</ele>
		</trkpt>
		<trkpt lat="46.158789975" lon="5.982829984">
			<ele>380.6</ele>
		</trkpt>
		<trkpt lat="46.158800033" lon="5.981949968">
			<ele>377</ele>
		</trkpt>
		<trkpt lat="46.15844003" lon="5.981909987">
			<ele>377.8</ele>
		</trkpt>
		<trkpt lat="46.157809963" lon="5.981689962">
			<ele>377.4</ele>
		</trkpt>
		<trkpt lat="46.157419953" lon="5.981289977">
			<ele>376.4</ele>
		</trkpt>
		<trkpt lat="46.15705995" lon="5.981089985">
			<ele>374.8</ele>
		</trkpt>
		<trkpt lat="46.156710005" lon="5.981180007">
			<ele>373.6</ele>
		</trkpt>
		<trkpt lat="46.156499955" lon="5.980940033">
			<ele>371.9</ele>
		</trkpt>
		<trkpt lat="46.156159985" lon="5.980360005">
			<ele>369.8</ele>
		</trkpt>
		<trkpt lat="46.155499994" lon="5.979930013">
			<ele>369.2</ele>
		</trkpt>
		<trkpt lat="46.155139991" lon="5.979960021">
			<ele>369.9</ele>
		</trkpt>
		<trkpt lat="46.154340022" lon="5.978729976">
			<ele>364.8</ele>
		</trkpt>
		<trkpt lat="46.15314996" lon="5.977619961">
			<ele>361.9</ele>
		</trkpt>
		<trkpt lat="46.151091281" lon="5.974810431">
			<ele>362.7</ele>
		</trkpt>
		<trkpt lat="46.149529983" lon="5.972549999">
			<ele>361.2</ele>
		</trkpt>
		<trkpt lat="46.147209956" lon="5.969420029">
			<ele>357.5</ele>
		</trkpt>
		<trkpt lat="46.146909968" lon="5.969360014">
			<ele>355.4</ele>
		</trkpt>
		<trkpt lat="46.14598997" lon="5.970150009">
			<ele>353.7</ele>
		</trkpt>
		<trkpt lat="46.144829999" lon="5.97047003">
			<ele>353.1</ele>
		</trkpt>
		<trkpt lat="46.143879994" lon="5.97153998">
			<ele>353.4</ele>
		</trkpt>
		<trkpt lat="46.143329973" lon="5.971890008">
			<ele>352.9</ele>
		</trkpt>
		<trkpt lat="46.142230016" lon="5.973130027">
			<ele>352.4</ele>
		</trkpt>
		<trkpt lat="46.141840006" lon="5.973089961">
			<ele>352.7</ele>
		</trkpt>
		<trkpt lat="46.141080019" lon="5.972700035">
			<ele>354.7</ele>
		</trkpt>
		<trkpt lat="46.139640008" lon="5.971390028">
			<ele>363.4</ele>
		</trkpt>
		<trkpt lat="46.139592818" lon="5.971168242">
			<ele>362.8</ele>
		</trkpt>
		<trkpt lat="46.139154528" lon="5.970271546">
			<ele>369.3</ele>
		</trkpt>
		<trkpt lat="46.138658487" lon="5.968897417">
			<ele>368.8</ele>
		</trkpt>
		<trkpt lat="46.138437708" lon="5.968594495">
			<ele>367.3</ele>
		</trkpt>
		<trkpt lat="46.138088853" lon="5.9683163">
			<ele>362.6</ele>
		</trkpt>
		<trkpt lat="46.138014925" lon="5.968116224">
			<ele>358.5</ele>
		</trkpt>
		<trkpt lat="46.138016936" lon="5.967534436">
			<ele>349.9</ele>
		</trkpt>
		<trkpt lat="46.137987767" lon="5.967305107">
			<ele>344.3</ele>
		</trkpt>
		<trkpt lat="46.137926496" lon="5.967124728">
			<ele>335.8</ele>
		</trkpt>
		<trkpt lat="46.137807557" lon="5.966966478">
			<ele>339.6</ele>
		</trkpt>
		<trkpt lat="46.137068608" lon="5.966300284">
			<ele>337.9</ele>
		</trkpt>
		<trkpt lat="46.13639529" lon="5.965985628">
			<ele>353.9</ele>
		</trkpt>
		<trkpt lat="46.136077616" lon="5.965690166">
			<ele>360.5</ele>
		</trkpt>
		<trkpt lat="46.135957922" lon="5.965392692">
			<ele>357.3</ele>
		</trkpt>
		<trkpt lat="46.135846191" lon="5.964956582">
			<ele>338</ele>
		</trkpt>
		<trkpt lat="46.135752901" lon="5.964824986">
			<ele>347.5</ele>
		</trkpt>
		<trkpt lat="46.134328815" lon="5.963622266">
			<ele>344.5</ele>
		</trkpt>
		<trkpt lat="46.133747027" lon="5.963002592">
			<ele>340.7</ele>
		</trkpt>
		<trkpt lat="46.132705408" lon="5.961801633">
			<ele>345.1</ele>
		</trkpt>
		<trkpt lat="46.132249097" lon="5.961429141">
			<ele>347.9</ele>
		</trkpt>
		<trkpt lat="46.131281742" lon="5.960415602">
			<ele>342.9</ele>
		</trkpt>
		<trkpt lat="46.13113992" lon="5.960458601">
			<ele>342</ele>
		</trkpt>
		<trkpt lat="46.131080409" lon="5.960550215">
			<ele>344</ele>
		</trkpt>
		<trkpt lat="46.13107253" lon="5.960682649">
			<ele>344</ele>
		</trkpt>
		<trkpt lat="46.131491206" lon="5.961489407">
			<ele>358</ele>
		</trkpt>
		<trkpt lat="46.131942739" lon="5.962215867">
			<ele>367.6</ele>
		</trkpt>
		<trkpt lat="46.132080286" lon="5.962337069">
			<ele>367.6</ele>
		</trkpt>
		<trkpt lat="46.132441714" lon="5.962470425">
			<ele>365</ele>
		</trkpt>
		<trkpt lat="46.13257507" lon="5.962585174">
			<ele>360.3</ele>
		</trkpt>
		<trkpt lat="46.132671964" lon="5.962748537">
			<ele>358</ele>
		</trkpt>
		<trkpt lat="46.132785791" lon="5.963102505">
			<ele>361.7</ele>
		</trkpt>
		<trkpt lat="46.133248975" lon="5.963551272">
			<ele>356.5</ele>
		</trkpt>
		<trkpt lat="46.133922712" lon="5.96452374">
			<ele>370.1</ele>
		</trkpt>
		<trkpt lat="46.134044166" lon="5.964758014">
			<ele>375.2</ele>
		</trkpt>
		<trkpt lat="46.134251283" lon="5.964908302">
			<ele>379.6</ele>
		</trkpt>
		<trkpt lat="46.134464518" lon="5.965160178">
			<ele>383.9</ele>
		</trkpt>
		<trkpt lat="46.134681274" lon="5.965279453">
			<ele>379.9</ele>
		</trkpt>
		<trkpt lat="46.134883949" lon="5.965600312">
			<ele>384.9</ele>
		</trkpt>
		<trkpt lat="46.135031135" lon="5.965690501">
			<ele>388.8</ele>
		</trkpt>
		<trkpt lat="46.135068015" lon="5.965793682">
			<ele>388.8</ele>
		</trkpt>
		<trkpt lat="46.134995763" lon="5.965865683">
			<ele>388.8</ele>
		</trkpt>
		<trkpt lat="46.134789066" lon="5.965867108">
			<ele>392.4</ele>
		</trkpt>
		<trkpt lat="46.134489077" lon="5.966072297">
			<ele>404.8</ele>
		</trkpt>
		<trkpt lat="46.134109461" lon="5.966127701">
			<ele>409.4</ele>
		</trkpt>
		<trkpt lat="46.133841911" lon="5.966271367">
			<ele>414.1</ele>
		</trkpt>
		<trkpt lat="46.133736047" lon="5.96628461">
			<ele>414.7</ele>
		</trkpt>
		<trkpt lat="46.133341427" lon="5.966073554">
			<ele>413.8</ele>
		</trkpt>
		<trkpt lat="46.133014365" lon="5.966138095">
			<ele>416.1</ele>
		</trkpt>
		<trkpt lat="46.132476498" lon="5.966697168">
			<ele>418.5</ele>
		</trkpt>
		<trkpt lat="46.132320679" lon="5.966770928">
			<ele>418.7</ele>
		</trkpt>
		<trkpt lat="46.131663119" lon="5.966861872">
			<ele>421.7</ele>
		</trkpt>
		<trkpt lat="46.130990974" lon="5.966838235">
			<ele>422.5</ele>
		</trkpt>
		<trkpt lat="46.130857031" lon="5.966748716">
			<ele>422.2</ele>
		</trkpt>
		<trkpt lat="46.130724681" lon="5.966596166">
			<ele>423.9</ele>
		</trkpt>
		<trkpt lat="46.130399966" lon="5.966066346">
			<ele>425</ele>
		</trkpt>
		<trkpt lat="46.130383286" lon="5.965021877">
			<ele>426.3</ele>
		</trkpt>
		<trkpt lat="46.13021087" lon="5.964701772">
			<ele>427.2</ele>
		</trkpt>
	</trkseg>
</trk>
<trk>
	<name>11: Ruffieux – Belley (Developed + Signed)</name>
	<desc>Developed + Signed</desc>
	<trkseg>
		<trkpt lat="45.850535846" lon="5.838169316">
			<ele>249.3</ele>
		</trkpt>
		<trkpt lat="45.850620923" lon="5.837488538">
			<ele>245.9</ele>
		</trkpt>
		<trkpt lat="45.850550598" lon="5.835508732">
			<ele>240.1</ele>
		</trkpt>
		<trkpt lat="45.850604746" lon="5.834751343">
			<ele>240.2</ele>
		</trkpt>
		<trkpt lat="45.850915127" lon="5.83180829">
			<ele>241.3</ele>
		</trkpt>
		<trkpt lat="45.850895179" lon="5.830273395">
			<ele>242.3</ele>
		</trkpt>
		<trkpt lat="45.850852012" lon="5.830272473">
			<ele>242.5</ele>
		</trkpt>
		<trkpt lat="45.850834913" lon="5.828572791">
			<ele>242.6</ele>
		</trkpt>
		<trkpt lat="45.851305221" lon="5.821402911">
			<ele>239.9</ele>
		</trkpt>
		<trkpt lat="45.851391471" lon="5.821416825">
			<ele>239.9</ele>
		</trkpt>
		<trkpt lat="45.851432375" lon="5.820995467">
			<ele>239.9</ele>
		</trkpt>
		<trkpt lat="45.851497921" lon="5.820694724">
			<ele>240.8</ele>
		</trkpt>
		<trkpt lat="45.851530527" lon="5.820173034">
			<ele>241</ele>
		</trkpt>
		<trkpt lat="45.85164779" lon="5.819311459">
			<ele>240.2</ele>
		</trkpt>
		<trkpt lat="45.852238881" lon="5.81605115">
			<ele>242.2</ele>
		</trkpt>
		<trkpt lat="45.852332423" lon="5.815785276">
			<ele>242</ele>
		</trkpt>
		<trkpt lat="45.852682452" lon="5.815030653">
			<ele>240.9</ele>
		</trkpt>
		<trkpt lat="45.853415952" lon="5.813656189">
			<ele>241.3</ele>
		</trkpt>
		<trkpt lat="45.853511673" lon="5.813263161">
			<ele>240.2</ele>
		</trkpt>
		<trkpt lat="45.853551907" lon="5.812836522">
			<ele>239.1</ele>
		</trkpt>
		<trkpt lat="45.85353179" lon="5.812415583">
			<ele>237.3</ele>
		</trkpt>
		<trkpt lat="45.853419892" lon="5.811938737">
			<ele>236.7</ele>
		</trkpt>
		<trkpt lat="45.852925946" lon="5.810550023">
			<ele>236.4</ele>
		</trkpt>
		<trkpt lat="45.852767109" lon="5.810192283">
			<ele>236.4</ele>
		</trkpt>
		<trkpt lat="45.852491847" lon="5.809752485">
			<ele>236.4</ele>
		</trkpt>
		<trkpt lat="45.851985245" lon="5.809074137">
			<ele>236</ele>
		</trkpt>
		<trkpt lat="45.851407061" lon="5.808440465">
			<ele>236.5</ele>
		</trkpt>
		<trkpt lat="45.851142948" lon="5.808247095">
			<ele>236.6</ele>
		</trkpt>
		<trkpt lat="45.850799709" lon="5.808073003">
			<ele>236.8</ele>
		</trkpt>
		<trkpt lat="45.849054093" lon="5.807309747">
			<ele>237.5</ele>
		</trkpt>
		<trkpt lat="45.848901543" lon="5.807442265">
			<ele>237.8</ele>
		</trkpt>
		<trkpt lat="45.848767265" lon="5.807649633">
			<ele>238.3</ele>
		</trkpt>
		<trkpt lat="45.848654193" lon="5.807711072">
			<ele>238.5</ele>
		</trkpt>
		<trkpt lat="45.848475407" lon="5.80770202">
			<ele>238.9</ele>
		</trkpt>
		<trkpt lat="45.848378344" lon="5.807636725">
			<ele>238.9</ele>
		</trkpt>
		<trkpt lat="45.848298297" lon="5.807442432">
			<ele>238.9</ele>
		</trkpt>
		<trkpt lat="45.84819805" lon="5.807403708">
			<ele>238.7</ele>
		</trkpt>
		<trkpt lat="45.847898732" lon="5.80747772">
			<ele>238.8</ele>
		</trkpt>
		<trkpt lat="45.847621794" lon="5.807637731">
			<ele>238.1</ele>
		</trkpt>
		<trkpt lat="45.847412414" lon="5.807670923">
			<ele>237.7</ele>
		</trkpt>
		<trkpt lat="45.845304365" lon="5.808407692">
			<ele>237.3</ele>
		</trkpt>
		<trkpt lat="45.845136392" lon="5.808295291">
			<ele>237.4</ele>
		</trkpt>
		<trkpt lat="45.844738419" lon="5.808555884">
			<ele>237.8</ele>
		</trkpt>
		<trkpt lat="45.844137101" lon="5.809095763">
			<ele>238.6</ele>
		</trkpt>
		<trkpt lat="45.843971559" lon="5.809123255">
			<ele>238.1</ele>
		</trkpt>
		<trkpt lat="45.843923363" lon="5.809046142">
			<ele>237.7</ele>
		</trkpt>
		<trkpt lat="45.843909365" lon="5.808828967">
			<ele>237.4</ele>
		</trkpt>
		<trkpt lat="45.843820349" lon="5.80878932">
			<ele>237.4</ele>
		</trkpt>
		<trkpt lat="45.843465292" lon="5.808852436">
			<ele>237.7</ele>
		</trkpt>
		<trkpt lat="45.842870764" lon="5.809082519">
			<ele>237.4</ele>
		</trkpt>
		<trkpt lat="45.842452674" lon="5.80912116">
			<ele>237.1</ele>
		</trkpt>
		<trkpt lat="45.84178187" lon="5.808714051">
			<ele>239.2</ele>
		</trkpt>
		<trkpt lat="45.841499484" lon="5.808598716">
			<ele>239.6</ele>
		</trkpt>
		<trkpt lat="45.84121869" lon="5.808544904">
			<ele>240</ele>
		</trkpt>
		<trkpt lat="45.839798209" lon="5.808686139">
			<ele>238.7</ele>
		</trkpt>
		<trkpt lat="45.839172919" lon="5.808544653">
			<ele>238</ele>
		</trkpt>
		<trkpt lat="45.839032187" lon="5.808572564">
			<ele>237.9</ele>
		</trkpt>
		<trkpt lat="45.838906542" lon="5.80864951">
			<ele>237.9</ele>
		</trkpt>
		<trkpt lat="45.838811492" lon="5.808871295">
			<ele>237.2</ele>
		</trkpt>
		<trkpt lat="45.838617702" lon="5.809090901">
			<ele>236.7</ele>
		</trkpt>
		<trkpt lat="45.838465738" lon="5.809187628">
			<ele>236.7</ele>
		</trkpt>
		<trkpt lat="45.838250407" lon="5.809259126">
			<ele>236.9</ele>
		</trkpt>
		<trkpt lat="45.837522858" lon="5.809345879">
			<ele>237.3</ele>
		</trkpt>
		<trkpt lat="45.83743116" lon="5.809412096">
			<ele>237.3</ele>
		</trkpt>
		<trkpt lat="45.837100745" lon="5.809472613">
			<ele>237.9</ele>
		</trkpt>
		<trkpt lat="45.836776114" lon="5.809409665">
			<ele>238.5</ele>
		</trkpt>
		<trkpt lat="45.836380488" lon="5.809448808">
			<ele>239.2</ele>
		</trkpt>
		<trkpt lat="45.835816805" lon="5.809252504">
			<ele>240.7</ele>
		</trkpt>
		<trkpt lat="45.835423275" lon="5.808915384">
			<ele>240.9</ele>
		</trkpt>
		<trkpt lat="45.835124963" lon="5.80880994">
			<ele>241.3</ele>
		</trkpt>
		<trkpt lat="45.835203837" lon="5.808428563">
			<ele>242.7</ele>
		</trkpt>
		<trkpt lat="45.835395782" lon="5.808101837">
			<ele>242</ele>
		</trkpt>
		<trkpt lat="45.835540622" lon="5.807749629">
			<ele>241.3</ele>
		</trkpt>
		<trkpt lat="45.83563584" lon="5.807472104">
			<ele>242.4</ele>
		</trkpt>
		<trkpt lat="45.835654783" lon="5.807323577">
			<ele>243.4</ele>
		</trkpt>
		<trkpt lat="45.835607174" lon="5.807138085">
			<ele>243.9</ele>
		</trkpt>
		<trkpt lat="45.835084814" lon="5.805823719">
			<ele>261.4</ele>
		</trkpt>
		<trkpt lat="45.835002503" lon="5.805471512">
			<ele>256.4</ele>
		</trkpt>
		<trkpt lat="45.834926312" lon="5.804910762">
			<ele>249.8</ele>
		</trkpt>
		<trkpt lat="45.834839727" lon="5.804660143">
			<ele>251.9</ele>
		</trkpt>
		<trkpt lat="45.83396298" lon="5.803246619">
			<ele>264.7</ele>
		</trkpt>
		<trkpt lat="45.833644719" lon="5.802892735">
			<ele>265</ele>
		</trkpt>
		<trkpt lat="45.8332791" lon="5.802555783">
			<ele>263.1</ele>
		</trkpt>
		<trkpt lat="45.832895377" lon="5.801971732">
			<ele>257.6</ele>
		</trkpt>
		<trkpt lat="45.832146621" lon="5.801024912">
			<ele>246.7</ele>
		</trkpt>
		<trkpt lat="45.831813105" lon="5.800340278">
			<ele>233.8</ele>
		</trkpt>
		<trkpt lat="45.830929485" lon="5.798947206">
			<ele>234.3</ele>
		</trkpt>
		<trkpt lat="45.8302446" lon="5.79800508">
			<ele>232.6</ele>
		</trkpt>
		<trkpt lat="45.830138485" lon="5.79810407">
			<ele>234.3</ele>
		</trkpt>
		<trkpt lat="45.829399704" lon="5.799302682">
			<ele>236.2</ele>
		</trkpt>
		<trkpt lat="45.829035846" lon="5.799730243">
			<ele>241.6</ele>
		</trkpt>
		<trkpt lat="45.828309637" lon="5.800782507">
			<ele>244.4</ele>
		</trkpt>
		<trkpt lat="45.828159518" lon="5.800624005">
			<ele>240.7</ele>
		</trkpt>
		<trkpt lat="45.828032364" lon="5.800554436">
			<ele>237.4</ele>
		</trkpt>
		<trkpt lat="45.827689544" lon="5.800497103">
			<ele>234.4</ele>
		</trkpt>
		<trkpt lat="45.827377402" lon="5.800369112">
			<ele>233.1</ele>
		</trkpt>
		<trkpt lat="45.827138183" lon="5.800132658">
			<ele>233</ele>
		</trkpt>
		<trkpt lat="45.826871471" lon="5.799951609">
			<ele>233.1</ele>
		</trkpt>
		<trkpt lat="45.826239475" lon="5.799784223">
			<ele>233.7</ele>
		</trkpt>
		<trkpt lat="45.825664141" lon="5.799472751">
			<ele>235.1</ele>
		</trkpt>
		<trkpt lat="45.825187462" lon="5.799292624">
			<ele>237.1</ele>
		</trkpt>
		<trkpt lat="45.824862496" lon="5.798991295">
			<ele>238.9</ele>
		</trkpt>
		<trkpt lat="45.824576338" lon="5.798609499">
			<ele>239.8</ele>
		</trkpt>
		<trkpt lat="45.82442077" lon="5.798562896">
			<ele>239.8</ele>
		</trkpt>
		<trkpt lat="45.824103515" lon="5.798601033">
			<ele>238.7</ele>
		</trkpt>
		<trkpt lat="45.823884244" lon="5.798288304">
			<ele>238.7</ele>
		</trkpt>
		<trkpt lat="45.823624489" lon="5.797643568">
			<ele>238.5</ele>
		</trkpt>
		<trkpt lat="45.823515776" lon="5.797483474">
			<ele>238.5</ele>
		</trkpt>
		<trkpt lat="45.823302959" lon="5.797272921">
			<ele>237.6</ele>
		</trkpt>
		<trkpt lat="45.823182344" lon="5.797085082">
			<ele>236.7</ele>
		</trkpt>
		<trkpt lat="45.823109253" lon="5.796726923">
			<ele>236.6</ele>
		</trkpt>
		<trkpt lat="45.8231634" lon="5.796250245">
			<ele>235.9</ele>
		</trkpt>
		<trkpt lat="45.823101458" lon="5.796132395">
			<ele>235.9</ele>
		</trkpt>
		<trkpt lat="45.822821167" lon="5.796025442">
			<ele>235.7</ele>
		</trkpt>
		<trkpt lat="45.822549091" lon="5.795694608">
			<ele>236.4</ele>
		</trkpt>
		<trkpt lat="45.822147262" lon="5.795514481">
			<ele>237.5</ele>
		</trkpt>
		<trkpt lat="45.822071909" lon="5.795389507">
			<ele>237.8</ele>
		</trkpt>
		<trkpt lat="45.821948946" lon="5.794934789">
			<ele>241.4</ele>
		</trkpt>
		<trkpt lat="45.821710481" lon="5.794703616">
			<ele>243.4</ele>
		</trkpt>
		<trkpt lat="45.821109583" lon="5.794262057">
			<ele>246</ele>
		</trkpt>
		<trkpt lat="45.820970527" lon="5.794092659">
			<ele>244.7</ele>
		</trkpt>
		<trkpt lat="45.820718735" lon="5.79352445">
			<ele>241.5</ele>
		</trkpt>
		<trkpt lat="45.82040785" lon="5.793306353">
			<ele>239.7</ele>
		</trkpt>
		<trkpt lat="45.819809382" lon="5.792658851">
			<ele>238</ele>
		</trkpt>
		<trkpt lat="45.819403027" lon="5.792331537">
			<ele>237.4</ele>
		</trkpt>
		<trkpt lat="45.819333374" lon="5.792339668">
			<ele>237.4</ele>
		</trkpt>
		<trkpt lat="45.819181996" lon="5.792486602">
			<ele>237</ele>
		</trkpt>
		<trkpt lat="45.818893575" lon="5.792674357">
			<ele>235.1</ele>
		</trkpt>
		<trkpt lat="45.818103497" lon="5.793030001">
			<ele>232.1</ele>
		</trkpt>
		<trkpt lat="45.817886489" lon="5.793351447">
			<ele>231.6</ele>
		</trkpt>
		<trkpt lat="45.817332949" lon="5.793619836">
			<ele>231.7</ele>
		</trkpt>
		<trkpt lat="45.817059782" lon="5.793662751">
			<ele>231.9</ele>
		</trkpt>
		<trkpt lat="45.816555108" lon="5.793518582">
			<ele>232.3</ele>
		</trkpt>
		<trkpt lat="45.816397277" lon="5.793526042">
			<ele>232.3</ele>
		</trkpt>
		<trkpt lat="45.816189154" lon="5.793596786">
			<ele>232.4</ele>
		</trkpt>
		<trkpt lat="45.815822865" lon="5.793835921">
			<ele>232.2</ele>
		</trkpt>
		<trkpt lat="45.81506623" lon="5.794188045">
			<ele>232.8</ele>
		</trkpt>
		<trkpt lat="45.814969503" lon="5.794165079">
			<ele>233</ele>
		</trkpt>
		<trkpt lat="45.814785018" lon="5.793935414">
			<ele>233.2</ele>
		</trkpt>
		<trkpt lat="45.814438258" lon="5.793747744">
			<ele>233</ele>
		</trkpt>
		<trkpt lat="45.814039531" lon="5.793329403">
			<ele>233</ele>
		</trkpt>
		<trkpt lat="45.813831073" lon="5.793306017">
			<ele>233.2</ele>
		</trkpt>
		<trkpt lat="45.813805341" lon="5.793508273">
			<ele>233</ele>
		</trkpt>
		<trkpt lat="45.81312297" lon="5.794904027">
			<ele>232.2</ele>
		</trkpt>
		<trkpt lat="45.813036972" lon="5.795028582">
			<ele>232.1</ele>
		</trkpt>
		<trkpt lat="45.812950135" lon="5.795079544">
			<ele>232.1</ele>
		</trkpt>
		<trkpt lat="45.812706809" lon="5.794899669">
			<ele>232.4</ele>
		</trkpt>
		<trkpt lat="45.812462392" lon="5.7945514">
			<ele>232.6</ele>
		</trkpt>
		<trkpt lat="45.812310093" lon="5.794436401">
			<ele>233</ele>
		</trkpt>
		<trkpt lat="45.811799803" lon="5.794374458">
			<ele>234.1</ele>
		</trkpt>
		<trkpt lat="45.810898832" lon="5.794444783">
			<ele>235.8</ele>
		</trkpt>
		<trkpt lat="45.810686351" lon="5.794363227">
			<ele>236.1</ele>
		</trkpt>
		<trkpt lat="45.810418214" lon="5.793947652">
			<ele>236</ele>
		</trkpt>
		<trkpt lat="45.809419342" lon="5.792657593">
			<ele>236.3</ele>
		</trkpt>
		<trkpt lat="45.809276766" lon="5.792301195">
			<ele>236.6</ele>
		</trkpt>
		<trkpt lat="45.809177692" lon="5.791864498">
			<ele>236.9</ele>
		</trkpt>
		<trkpt lat="45.809127904" lon="5.791289918">
			<ele>235.8</ele>
		</trkpt>
		<trkpt lat="45.809148607" lon="5.790708633">
			<ele>236</ele>
		</trkpt>
		<trkpt lat="45.809438118" lon="5.78973298">
			<ele>237.8</ele>
		</trkpt>
		<trkpt lat="45.809708434" lon="5.789096123">
			<ele>236.3</ele>
		</trkpt>
		<trkpt lat="45.809738525" lon="5.78853772">
			<ele>234.1</ele>
		</trkpt>
		<trkpt lat="45.809670799" lon="5.787691735">
			<ele>229.2</ele>
		</trkpt>
		<trkpt lat="45.809689994" lon="5.78764664">
			<ele>229.2</ele>
		</trkpt>
		<trkpt lat="45.809799629" lon="5.787642952">
			<ele>229.7</ele>
		</trkpt>
		<trkpt lat="45.809892752" lon="5.787680838">
			<ele>229.7</ele>
		</trkpt>
		<trkpt lat="45.809973554" lon="5.787802879">
			<ele>232.5</ele>
		</trkpt>
		<trkpt lat="45.81038192" lon="5.787864067">
			<ele>232.6</ele>
		</trkpt>
		<trkpt lat="45.810459956" lon="5.787779158">
			<ele>232.6</ele>
		</trkpt>
		<trkpt lat="45.812034412" lon="5.788130611">
			<ele>233.2</ele>
		</trkpt>
		<trkpt lat="45.812728099" lon="5.78784219">
			<ele>233</ele>
		</trkpt>
		<trkpt lat="45.812814432" lon="5.787775721">
			<ele>233</ele>
		</trkpt>
		<trkpt lat="45.812823317" lon="5.787673043">
			<ele>232.6</ele>
		</trkpt>
		<trkpt lat="45.812759531" lon="5.787174236">
			<ele>230</ele>
		</trkpt>
		<trkpt lat="45.812642938" lon="5.786968041">
			<ele>230.8</ele>
		</trkpt>
		<trkpt lat="45.811804664" lon="5.786181651">
			<ele>229.2</ele>
		</trkpt>
		<trkpt lat="45.809580862" lon="5.783876628">
			<ele>229</ele>
		</trkpt>
		<trkpt lat="45.808834956" lon="5.783807645">
			<ele>229.9</ele>
		</trkpt>
		<trkpt lat="45.808564891" lon="5.781584932">
			<ele>229</ele>
		</trkpt>
		<trkpt lat="45.808116208" lon="5.781205902">
			<ele>229.5</ele>
		</trkpt>
		<trkpt lat="45.806077058" lon="5.779911149">
			<ele>232</ele>
		</trkpt>
		<trkpt lat="45.802171008" lon="5.778865423">
			<ele>231.3</ele>
		</trkpt>
		<trkpt lat="45.793932435" lon="5.777259367">
			<ele>231.3</ele>
		</trkpt>
		<trkpt lat="45.791842743" lon="5.776498793">
			<ele>229.5</ele>
		</trkpt>
		<trkpt lat="45.78559789" lon="5.775317531">
			<ele>230.3</ele>
		</trkpt>
		<trkpt lat="45.781738275" lon="5.77292324">
			<ele>232</ele>
		</trkpt>
		<trkpt lat="45.781932316" lon="5.772414878">
			<ele>229.1</ele>
		</trkpt>
		<trkpt lat="45.779997773" lon="5.770732462">
			<ele>229</ele>
		</trkpt>
		<trkpt lat="45.778434967" lon="5.770353181">
			<ele>229.2</ele>
		</trkpt>
		<trkpt lat="45.777060251" lon="5.770267267">
			<ele>232.2</ele>
		</trkpt>
		<trkpt lat="45.772690178" lon="5.771540897">
			<ele>229</ele>
		</trkpt>
		<trkpt lat="45.772174104" lon="5.771244764">
			<ele>229</ele>
		</trkpt>
		<trkpt lat="45.771783843" lon="5.770545127">
			<ele>229</ele>
		</trkpt>
		<trkpt lat="45.77121094" lon="5.77018504">
			<ele>229</ele>
		</trkpt>
		<trkpt lat="45.770571652" lon="5.770339686">
			<ele>229</ele>
		</trkpt>
		<trkpt lat="45.770193125" lon="5.77057262">
			<ele>229.7</ele>
		</trkpt>
		<trkpt lat="45.768683209" lon="5.769967446">
			<ele>240.6</ele>
		</trkpt>
		<trkpt lat="45.768706427" lon="5.769494958">
			<ele>232.6</ele>
		</trkpt>
		<trkpt lat="45.768231844" lon="5.769157251">
			<ele>230.4</ele>
		</trkpt>
		<trkpt lat="45.767726163" lon="5.768317804">
			<ele>229.1</ele>
		</trkpt>
		<trkpt lat="45.767273205" lon="5.766227189">
			<ele>229.2</ele>
		</trkpt>
		<trkpt lat="45.766413474" lon="5.764616858">
			<ele>229</ele>
		</trkpt>
		<trkpt lat="45.765824896" lon="5.76358513">
			<ele>229.1</ele>
		</trkpt>
		<trkpt lat="45.765528345" lon="5.761504406">
			<ele>232.7</ele>
		</trkpt>
		<trkpt lat="45.766471141" lon="5.759953335">
			<ele>229</ele>
		</trkpt>
		<trkpt lat="45.767024514" lon="5.758621283">
			<ele>229</ele>
		</trkpt>
		<trkpt lat="45.766972127" lon="5.757972356">
			<ele>229</ele>
		</trkpt>
		<trkpt lat="45.766801556" lon="5.757575473">
			<ele>229</ele>
		</trkpt>
		<trkpt lat="45.76610393" lon="5.75737875">
			<ele>234.4</ele>
		</trkpt>
		<trkpt lat="45.765386607" lon="5.757051101">
			<ele>254.5</ele>
		</trkpt>
		<trkpt lat="45.764967763" lon="5.756576937">
			<ele>251.1</ele>
		</trkpt>
		<trkpt lat="45.765098604" lon="5.7558716">
			<ele>228.1</ele>
		</trkpt>
		<trkpt lat="45.765619288" lon="5.753981648">
			<ele>247.8</ele>
		</trkpt>
		<trkpt lat="45.765809893" lon="5.754006794">
			<ele>252.8</ele>
		</trkpt>
		<trkpt lat="45.76621851" lon="5.754174599">
			<ele>251.7</ele>
		</trkpt>
		<trkpt lat="45.766327391" lon="5.754409377">
			<ele>238.3</ele>
		</trkpt>
		<trkpt lat="45.766197891" lon="5.75455036">
			<ele>238.3</ele>
		</trkpt>
		<trkpt lat="45.765806205" lon="5.754629066">
			<ele>229.1</ele>
		</trkpt>
		<trkpt lat="45.765309325" lon="5.753850807">
			<ele>233.7</ele>
		</trkpt>
		<trkpt lat="45.765124253" lon="5.753448475">
			<ele>246.2</ele>
		</trkpt>
		<trkpt lat="45.764953011" lon="5.752948578">
			<ele>237.2</ele>
		</trkpt>
		<trkpt lat="45.764583956" lon="5.751161221">
			<ele>247.2</ele>
		</trkpt>
		<trkpt lat="45.764338198" lon="5.750428308">
			<ele>238.1</ele>
		</trkpt>
		<trkpt lat="45.76431892" lon="5.749804946">
			<ele>248.1</ele>
		</trkpt>
		<trkpt lat="45.764615974" lon="5.749377469">
			<ele>250.2</ele>
		</trkpt>
		<trkpt lat="45.763956319" lon="5.747280903">
			<ele>250.4</ele>
		</trkpt>
		<trkpt lat="45.76358894" lon="5.746248001">
			<ele>248</ele>
		</trkpt>
		<trkpt lat="45.762930457" lon="5.745374355">
			<ele>247.9</ele>
		</trkpt>
		<trkpt lat="45.76210945" lon="5.744686704">
			<ele>244.8</ele>
		</trkpt>
		<trkpt lat="45.760786618" lon="5.743164634">
			<ele>235.9</ele>
		</trkpt>
		<trkpt lat="45.760382862" lon="5.741137974">
			<ele>239.4</ele>
		</trkpt>
		<trkpt lat="45.759751453" lon="5.739165125">
			<ele>233.1</ele>
		</trkpt>
		<trkpt lat="45.759498487" lon="5.737469215">
			<ele>227.7</ele>
		</trkpt>
		<trkpt lat="45.759650451" lon="5.735858716">
			<ele>228.7</ele>
		</trkpt>
		<trkpt lat="45.760684359" lon="5.732479468">
			<ele>233</ele>
		</trkpt>
		<trkpt lat="45.761032459" lon="5.731169963">
			<ele>231.9</ele>
		</trkpt>
		<trkpt lat="45.761322222" lon="5.729501629">
			<ele>233.9</ele>
		</trkpt>
		<trkpt lat="45.76157108" lon="5.728607532">
			<ele>231.1</ele>
		</trkpt>
		<trkpt lat="45.761755734" lon="5.727516375">
			<ele>229.5</ele>
		</trkpt>
		<trkpt lat="45.762096123" lon="5.726561593">
			<ele>235.5</ele>
		</trkpt>
		<trkpt lat="45.762062763" lon="5.725103226">
			<ele>227.7</ele>
		</trkpt>
		<trkpt lat="45.762086903" lon="5.724133356">
			<ele>235.2</ele>
		</trkpt>
		<trkpt lat="45.761939884" lon="5.723160384">
			<ele>229.5</ele>
		</trkpt>
		<trkpt lat="45.762244147" lon="5.721453074">
			<ele>233.3</ele>
		</trkpt>
		<trkpt lat="45.761908117" lon="5.719900914">
			<ele>229.8</ele>
		</trkpt>
		<trkpt lat="45.761307805" lon="5.718460735">
			<ele>235.5</ele>
		</trkpt>
		<trkpt lat="45.760134338" lon="5.716179181">
			<ele>234.3</ele>
		</trkpt>
		<trkpt lat="45.759117278" lon="5.715627316">
			<ele>225.2</ele>
		</trkpt>
		<trkpt lat="45.758594415" lon="5.714901024">
			<ele>224.8</ele>
		</trkpt>
		<trkpt lat="45.757169743" lon="5.711982194">
			<ele>227</ele>
		</trkpt>
		<trkpt lat="45.755801481" lon="5.709521016">
			<ele>224</ele>
		</trkpt>
		<trkpt lat="45.754879388" lon="5.707633747">
			<ele>228.3</ele>
		</trkpt>
	</trkseg>
</trk>
<trk>
	<name>12: Belley – Groslée (Developed + Signed)</name>
	<desc>Developed + Signed</desc>
	<trkseg>
		<trkpt lat="45.754879388" lon="5.707633747">
			<ele>228.3</ele>
		</trkpt>
		<trkpt lat="45.754795234" lon="5.707445825">
			<ele>225.2</ele>
		</trkpt>
		<trkpt lat="45.754873604" lon="5.707283635">
			<ele>230.8</ele>
		</trkpt>
		<trkpt lat="45.755076363" lon="5.707153045">
			<ele>230.7</ele>
		</trkpt>
		<trkpt lat="45.755094551" lon="5.707017761">
			<ele>230.7</ele>
		</trkpt>
		<trkpt lat="45.75504887" lon="5.706811147">
			<ele>229.9</ele>
		</trkpt>
		<trkpt lat="45.753550102" lon="5.70485238">
			<ele>228.1</ele>
		</trkpt>
		<trkpt lat="45.75305163" lon="5.704393806">
			<ele>233.5</ele>
		</trkpt>
		<trkpt lat="45.752403206" lon="5.703931712">
			<ele>233.6</ele>
		</trkpt>
		<trkpt lat="45.751523274" lon="5.70362661">
			<ele>232.1</ele>
		</trkpt>
		<trkpt lat="45.749526202" lon="5.703293765">
			<ele>232.5</ele>
		</trkpt>
		<trkpt lat="45.748653981" lon="5.701786615">
			<ele>231.7</ele>
		</trkpt>
		<trkpt lat="45.748056351" lon="5.701605314">
			<ele>231</ele>
		</trkpt>
		<trkpt lat="45.747531979" lon="5.701777982">
			<ele>230.8</ele>
		</trkpt>
		<trkpt lat="45.74699361" lon="5.702360356">
			<ele>232</ele>
		</trkpt>
		<trkpt lat="45.746193389" lon="5.702890093">
			<ele>230.9</ele>
		</trkpt>
		<trkpt lat="45.743894904" lon="5.702715497">
			<ele>225.4</ele>
		</trkpt>
		<trkpt lat="45.742169238" lon="5.702477703">
			<ele>225.6</ele>
		</trkpt>
		<trkpt lat="45.74137522" lon="5.702623213">
			<ele>228.5</ele>
		</trkpt>
		<trkpt lat="45.740741967" lon="5.702919429">
			<ele>229.7</ele>
		</trkpt>
		<trkpt lat="45.739278152" lon="5.704153413">
			<ele>229.1</ele>
		</trkpt>
		<trkpt lat="45.738721929" lon="5.704198675">
			<ele>229</ele>
		</trkpt>
		<trkpt lat="45.738267881" lon="5.703863567">
			<ele>231.2</ele>
		</trkpt>
		<trkpt lat="45.737896395" lon="5.704488521">
			<ele>222</ele>
		</trkpt>
		<trkpt lat="45.737602861" lon="5.704291128">
			<ele>223.8</ele>
		</trkpt>
		<trkpt lat="45.737578972" lon="5.704133632">
			<ele>230.1</ele>
		</trkpt>
		<trkpt lat="45.73807275" lon="5.703345481">
			<ele>237.6</ele>
		</trkpt>
		<trkpt lat="45.738259415" lon="5.703307092">
			<ele>236.9</ele>
		</trkpt>
		<trkpt lat="45.737759602" lon="5.704213679">
			<ele>227.3</ele>
		</trkpt>
		<trkpt lat="45.737304465" lon="5.70554221">
			<ele>221</ele>
		</trkpt>
		<trkpt lat="45.73687154" lon="5.706644347">
			<ele>231.5</ele>
		</trkpt>
		<trkpt lat="45.736732903" lon="5.70681626">
			<ele>238</ele>
		</trkpt>
		<trkpt lat="45.736362758" lon="5.706993621">
			<ele>246.8</ele>
		</trkpt>
		<trkpt lat="45.736195036" lon="5.707009211">
			<ele>250</ele>
		</trkpt>
		<trkpt lat="45.736322609" lon="5.707092779">
			<ele>246.8</ele>
		</trkpt>
		<trkpt lat="45.736494354" lon="5.707128402">
			<ele>243.6</ele>
		</trkpt>
		<trkpt lat="45.736759809" lon="5.706986329">
			<ele>240.7</ele>
		</trkpt>
		<trkpt lat="45.736936918" lon="5.706808465">
			<ele>231.5</ele>
		</trkpt>
		<trkpt lat="45.737383087" lon="5.705798781">
			<ele>221</ele>
		</trkpt>
		<trkpt lat="45.737372442" lon="5.705645056">
			<ele>221</ele>
		</trkpt>
		<trkpt lat="45.737329192" lon="5.705556963">
			<ele>221</ele>
		</trkpt>
		<trkpt lat="45.737279319" lon="5.705518071">
			<ele>221</ele>
		</trkpt>
		<trkpt lat="45.737132301" lon="5.70552092">
			<ele>221</ele>
		</trkpt>
		<trkpt lat="45.736457138" lon="5.705926437">
			<ele>221.3</ele>
		</trkpt>
		<trkpt lat="45.735606207" lon="5.705037704">
			<ele>221</ele>
		</trkpt>
		<trkpt lat="45.735155932" lon="5.704729753">
			<ele>221</ele>
		</trkpt>
		<trkpt lat="45.733917086" lon="5.704495478">
			<ele>224.5</ele>
		</trkpt>
		<trkpt lat="45.733557" lon="5.704304287">
			<ele>221</ele>
		</trkpt>
		<trkpt lat="45.732933805" lon="5.704345275">
			<ele>221</ele>
		</trkpt>
		<trkpt lat="45.732631805" lon="5.704412162">
			<ele>221</ele>
		</trkpt>
		<trkpt lat="45.73227482" lon="5.704384502">
			<ele>221</ele>
		</trkpt>
		<trkpt lat="45.731864777" lon="5.704487013">
			<ele>222.2</ele>
		</trkpt>
		<trkpt lat="45.73177266" lon="5.704618609">
			<ele>222.2</ele>
		</trkpt>
		<trkpt lat="45.731420285" lon="5.704265311">
			<ele>220</ele>
		</trkpt>
		<trkpt lat="45.730183787" lon="5.703721326">
			<ele>226.4</ele>
		</trkpt>
		<trkpt lat="45.729967869" lon="5.703577911">
			<ele>224.8</ele>
		</trkpt>
		<trkpt lat="45.729141162" lon="5.702648861">
			<ele>224</ele>
		</trkpt>
		<trkpt lat="45.728358124" lon="5.702046873">
			<ele>226.1</ele>
		</trkpt>
		<trkpt lat="45.727657146" lon="5.702280058">
			<ele>225.4</ele>
		</trkpt>
		<trkpt lat="45.726252004" lon="5.703027975">
			<ele>224.4</ele>
		</trkpt>
		<trkpt lat="45.725870543" lon="5.703402562">
			<ele>225.5</ele>
		</trkpt>
		<trkpt lat="45.725507942" lon="5.703453943">
			<ele>225.7</ele>
		</trkpt>
		<trkpt lat="45.724139093" lon="5.702800239">
			<ele>224.1</ele>
		</trkpt>
		<trkpt lat="45.723857461" lon="5.702392375">
			<ele>223.5</ele>
		</trkpt>
		<trkpt lat="45.72363291" lon="5.702402685">
			<ele>223.5</ele>
		</trkpt>
		<trkpt lat="45.722727832" lon="5.701759206">
			<ele>223.7</ele>
		</trkpt>
		<trkpt lat="45.720804437" lon="5.700760335">
			<ele>220.7</ele>
		</trkpt>
		<trkpt lat="45.720610564" lon="5.700738961">
			<ele>220.8</ele>
		</trkpt>
		<trkpt lat="45.720478046" lon="5.700649107">
			<ele>220</ele>
		</trkpt>
		<trkpt lat="45.715739672" lon="5.700751282">
			<ele>220.7</ele>
		</trkpt>
		<trkpt lat="45.714796624" lon="5.70061801">
			<ele>220</ele>
		</trkpt>
		<trkpt lat="45.714529493" lon="5.700847004">
			<ele>220.6</ele>
		</trkpt>
		<trkpt lat="45.711019906" lon="5.700924452">
			<ele>219</ele>
		</trkpt>
		<trkpt lat="45.711240853" lon="5.701649822">
			<ele>219.4</ele>
		</trkpt>
		<trkpt lat="45.711475882" lon="5.702784229">
			<ele>219.2</ele>
		</trkpt>
		<trkpt lat="45.711521647" lon="5.703685787">
			<ele>219.2</ele>
		</trkpt>
		<trkpt lat="45.711740917" lon="5.704187443">
			<ele>219.6</ele>
		</trkpt>
		<trkpt lat="45.711975946" lon="5.704555912">
			<ele>220.5</ele>
		</trkpt>
		<trkpt lat="45.712024226" lon="5.704888506">
			<ele>221.2</ele>
		</trkpt>
		<trkpt lat="45.711878129" lon="5.704983976">
			<ele>221</ele>
		</trkpt>
		<trkpt lat="45.70974351" lon="5.705223111">
			<ele>221.6</ele>
		</trkpt>
		<trkpt lat="45.709490125" lon="5.703255627">
			<ele>223.7</ele>
		</trkpt>
		<trkpt lat="45.709452826" lon="5.703045493">
			<ele>224</ele>
		</trkpt>
		<trkpt lat="45.709340927" lon="5.702714659">
			<ele>224.6</ele>
		</trkpt>
		<trkpt lat="45.709191813" lon="5.702542746">
			<ele>225</ele>
		</trkpt>
		<trkpt lat="45.709064157" lon="5.702496646">
			<ele>225.2</ele>
		</trkpt>
		<trkpt lat="45.708098142" lon="5.702652633">
			<ele>224.3</ele>
		</trkpt>
		<trkpt lat="45.708097137" lon="5.702430094">
			<ele>225.5</ele>
		</trkpt>
		<trkpt lat="45.708265697" lon="5.700775422">
			<ele>219.9</ele>
		</trkpt>
		<trkpt lat="45.708325543" lon="5.700495467">
			<ele>219</ele>
		</trkpt>
		<trkpt lat="45.708386145" lon="5.700408379">
			<ele>219</ele>
		</trkpt>
		<trkpt lat="45.708337278" lon="5.700344257">
			<ele>219</ele>
		</trkpt>
		<trkpt lat="45.707584416" lon="5.700627733">
			<ele>220.8</ele>
		</trkpt>
		<trkpt lat="45.706630555" lon="5.700801071">
			<ele>222.8</ele>
		</trkpt>
		<trkpt lat="45.705584493" lon="5.700876005">
			<ele>221.5</ele>
		</trkpt>
		<trkpt lat="45.704779831" lon="5.701216059">
			<ele>220.8</ele>
		</trkpt>
		<trkpt lat="45.704071895" lon="5.701432228">
			<ele>219.7</ele>
		</trkpt>
		<trkpt lat="45.703177546" lon="5.70126635">
			<ele>218</ele>
		</trkpt>
		<trkpt lat="45.702812347" lon="5.701317983">
			<ele>218</ele>
		</trkpt>
		<trkpt lat="45.702439184" lon="5.701549239">
			<ele>218</ele>
		</trkpt>
		<trkpt lat="45.701462609" lon="5.702294894">
			<ele>218</ele>
		</trkpt>
		<trkpt lat="45.700193421" lon="5.703145824">
			<ele>218.1</ele>
		</trkpt>
		<trkpt lat="45.699584643" lon="5.703694755">
			<ele>218.1</ele>
		</trkpt>
		<trkpt lat="45.699230592" lon="5.704256091">
			<ele>218.4</ele>
		</trkpt>
		<trkpt lat="45.699031102" lon="5.704758083">
			<ele>219.3</ele>
		</trkpt>
		<trkpt lat="45.698970669" lon="5.70506243">
			<ele>219.7</ele>
		</trkpt>
		<trkpt lat="45.698855502" lon="5.706066163">
			<ele>220.1</ele>
		</trkpt>
		<trkpt lat="45.698726001" lon="5.70654586">
			<ele>221</ele>
		</trkpt>
		<trkpt lat="45.698573786" lon="5.706955064">
			<ele>221.5</ele>
		</trkpt>
		<trkpt lat="45.69825125" lon="5.707591167">
			<ele>220.8</ele>
		</trkpt>
		<trkpt lat="45.697842381" lon="5.708107324">
			<ele>220.9</ele>
		</trkpt>
		<trkpt lat="45.697650268" lon="5.708227772">
			<ele>221.4</ele>
		</trkpt>
		<trkpt lat="45.697315494" lon="5.708212685">
			<ele>221.8</ele>
		</trkpt>
		<trkpt lat="45.697208206" lon="5.708290972">
			<ele>221.6</ele>
		</trkpt>
		<trkpt lat="45.697122627" lon="5.708550392">
			<ele>220.9</ele>
		</trkpt>
		<trkpt lat="45.69729236" lon="5.708800424">
			<ele>220.1</ele>
		</trkpt>
		<trkpt lat="45.696498678" lon="5.709355641">
			<ele>219.8</ele>
		</trkpt>
		<trkpt lat="45.695574322" lon="5.709915888">
			<ele>219.6</ele>
		</trkpt>
		<trkpt lat="45.695346921" lon="5.71000373">
			<ele>219.6</ele>
		</trkpt>
		<trkpt lat="45.694552484" lon="5.709955869">
			<ele>219.6</ele>
		</trkpt>
		<trkpt lat="45.694339416" lon="5.709900381">
			<ele>219.7</ele>
		</trkpt>
		<trkpt lat="45.694252412" lon="5.709845982">
			<ele>220.3</ele>
		</trkpt>
		<trkpt lat="45.694169515" lon="5.709732659">
			<ele>220.3</ele>
		</trkpt>
		<trkpt lat="45.694068178" lon="5.709449938">
			<ele>220.9</ele>
		</trkpt>
		<trkpt lat="45.694020149" lon="5.709388498">
			<ele>220.9</ele>
		</trkpt>
		<trkpt lat="45.693592085" lon="5.70928012">
			<ele>221.6</ele>
		</trkpt>
		<trkpt lat="45.693095625" lon="5.709539959">
			<ele>221.4</ele>
		</trkpt>
		<trkpt lat="45.692619533" lon="5.709891999">
			<ele>220.5</ele>
		</trkpt>
		<trkpt lat="45.692415937" lon="5.710117305">
			<ele>220.8</ele>
		</trkpt>
		<trkpt lat="45.692176131" lon="5.710310005">
			<ele>220.5</ele>
		</trkpt>
		<trkpt lat="45.691458221" lon="5.71071066">
			<ele>220.7</ele>
		</trkpt>
		<trkpt lat="45.691408516" lon="5.710830353">
			<ele>220.7</ele>
		</trkpt>
		<trkpt lat="45.691205003" lon="5.712246224">
			<ele>224</ele>
		</trkpt>
		<trkpt lat="45.691104672" lon="5.712671941">
			<ele>232.3</ele>
		</trkpt>
		<trkpt lat="45.690308475" lon="5.712100631">
			<ele>236.9</ele>
		</trkpt>
		<trkpt lat="45.688664532" lon="5.711482717">
			<ele>235.6</ele>
		</trkpt>
		<trkpt lat="45.687916531" lon="5.711266045">
			<ele>234.6</ele>
		</trkpt>
		<trkpt lat="45.687570861" lon="5.711101256">
			<ele>222.2</ele>
		</trkpt>
		<trkpt lat="45.686997539" lon="5.710740164">
			<ele>216.9</ele>
		</trkpt>
		<trkpt lat="45.686210311" lon="5.710430369">
			<ele>216</ele>
		</trkpt>
		<trkpt lat="45.685247482" lon="5.709888311">
			<ele>216</ele>
		</trkpt>
		<trkpt lat="45.684482382" lon="5.709371315">
			<ele>216</ele>
		</trkpt>
		<trkpt lat="45.684087594" lon="5.709152715">
			<ele>216</ele>
		</trkpt>
		<trkpt lat="45.68377059" lon="5.70903562">
			<ele>216</ele>
		</trkpt>
		<trkpt lat="45.683186288" lon="5.708901677">
			<ele>216</ele>
		</trkpt>
		<trkpt lat="45.682433342" lon="5.708778631">
			<ele>216.2</ele>
		</trkpt>
		<trkpt lat="45.681958758" lon="5.708619123">
			<ele>216.5</ele>
		</trkpt>
		<trkpt lat="45.681114952" lon="5.708149821">
			<ele>216</ele>
		</trkpt>
		<trkpt lat="45.680306769" lon="5.707511203">
			<ele>216</ele>
		</trkpt>
		<trkpt lat="45.680141226" lon="5.707426043">
			<ele>216</ele>
		</trkpt>
		<trkpt lat="45.679705367" lon="5.707341721">
			<ele>216</ele>
		</trkpt>
		<trkpt lat="45.679096254" lon="5.70693017">
			<ele>216.1</ele>
		</trkpt>
		<trkpt lat="45.678792578" lon="5.706668487">
			<ele>216</ele>
		</trkpt>
		<trkpt lat="45.678284551" lon="5.706065241">
			<ele>216</ele>
		</trkpt>
		<trkpt lat="45.677700919" lon="5.705268038">
			<ele>216</ele>
		</trkpt>
		<trkpt lat="45.675926805" lon="5.702303527">
			<ele>215</ele>
		</trkpt>
		<trkpt lat="45.675231862" lon="5.701300548">
			<ele>215</ele>
		</trkpt>
		<trkpt lat="45.67437959" lon="5.700208806">
			<ele>215</ele>
		</trkpt>
		<trkpt lat="45.673980947" lon="5.699772947">
			<ele>215</ele>
		</trkpt>
		<trkpt lat="45.673838454" lon="5.69985467">
			<ele>215</ele>
		</trkpt>
		<trkpt lat="45.673703925" lon="5.700128339">
			<ele>215.2</ele>
		</trkpt>
		<trkpt lat="45.673652376" lon="5.700136051">
			<ele>215.2</ele>
		</trkpt>
		<trkpt lat="45.673445175" lon="5.699871518">
			<ele>215.1</ele>
		</trkpt>
		<trkpt lat="45.672138353" lon="5.698458245">
			<ele>215.1</ele>
		</trkpt>
		<trkpt lat="45.671469896" lon="5.697630113">
			<ele>216</ele>
		</trkpt>
		<trkpt lat="45.670546629" lon="5.696339803">
			<ele>215.3</ele>
		</trkpt>
		<trkpt lat="45.669535101" lon="5.694634002">
			<ele>215.2</ele>
		</trkpt>
		<trkpt lat="45.668891036" lon="5.693421559">
			<ele>215.1</ele>
		</trkpt>
		<trkpt lat="45.667120778" lon="5.689906776">
			<ele>214.1</ele>
		</trkpt>
		<trkpt lat="45.66667595" lon="5.68914243">
			<ele>214</ele>
		</trkpt>
		<trkpt lat="45.665974217" lon="5.688230647">
			<ele>214</ele>
		</trkpt>
		<trkpt lat="45.665599882" lon="5.687870644">
			<ele>214.2</ele>
		</trkpt>
		<trkpt lat="45.665061596" lon="5.687432019">
			<ele>214.4</ele>
		</trkpt>
		<trkpt lat="45.664638394" lon="5.687157009">
			<ele>214.1</ele>
		</trkpt>
		<trkpt lat="45.66416205" lon="5.68699507">
			<ele>214.2</ele>
		</trkpt>
		<trkpt lat="45.663989802" lon="5.687040668">
			<ele>214.3</ele>
		</trkpt>
		<trkpt lat="45.663837" lon="5.687137395">
			<ele>214.5</ele>
		</trkpt>
		<trkpt lat="45.662415597" lon="5.688669439">
			<ele>215.5</ele>
		</trkpt>
		<trkpt lat="45.661968003" lon="5.689073028">
			<ele>215.4</ele>
		</trkpt>
		<trkpt lat="45.661850824" lon="5.689152153">
			<ele>215.2</ele>
		</trkpt>
		<trkpt lat="45.661776896" lon="5.689153662">
			<ele>215.2</ele>
		</trkpt>
		<trkpt lat="45.661681174" lon="5.688859876">
			<ele>215.2</ele>
		</trkpt>
		<trkpt lat="45.661470537" lon="5.686399285">
			<ele>213.4</ele>
		</trkpt>
		<trkpt lat="45.661398872" lon="5.686307168">
			<ele>213.4</ele>
		</trkpt>
		<trkpt lat="45.659928602" lon="5.686865402">
			<ele>213.1</ele>
		</trkpt>
		<trkpt lat="45.651857165" lon="5.690120934">
			<ele>212.3</ele>
		</trkpt>
		<trkpt lat="45.651486182" lon="5.69041254">
			<ele>212.8</ele>
		</trkpt>
		<trkpt lat="45.651429604" lon="5.69051899">
			<ele>213.9</ele>
		</trkpt>
		<trkpt lat="45.651463634" lon="5.690828953">
			<ele>214.5</ele>
		</trkpt>
		<trkpt lat="45.651412253" lon="5.690903552">
			<ele>214.5</ele>
		</trkpt>
		<trkpt lat="45.651052586" lon="5.691024838">
			<ele>214.8</ele>
		</trkpt>
		<trkpt lat="45.650200062" lon="5.691219801">
			<ele>215.1</ele>
		</trkpt>
		<trkpt lat="45.649509645" lon="5.691304374">
			<ele>215.1</ele>
		</trkpt>
		<trkpt lat="45.649110331" lon="5.69146229">
			<ele>215.1</ele>
		</trkpt>
		<trkpt lat="45.647937619" lon="5.692578088">
			<ele>215.1</ele>
		</trkpt>
		<trkpt lat="45.647491618" lon="5.692916131">
			<ele>215.1</ele>
		</trkpt>
		<trkpt lat="45.647313" lon="5.693001207">
			<ele>215.1</ele>
		</trkpt>
		<trkpt lat="45.647098591" lon="5.693075554">
			<ele>215.1</ele>
		</trkpt>
		<trkpt lat="45.646900023" lon="5.693087792">
			<ele>215.1</ele>
		</trkpt>
		<trkpt lat="45.646184041" lon="5.692772884">
			<ele>215.4</ele>
		</trkpt>
		<trkpt lat="45.645888244" lon="5.692709684">
			<ele>215.4</ele>
		</trkpt>
		<trkpt lat="45.645779782" lon="5.692762239">
			<ele>215.4</ele>
		</trkpt>
		<trkpt lat="45.645566965" lon="5.693033226">
			<ele>215.2</ele>
		</trkpt>
		<trkpt lat="45.645481135" lon="5.693080416">
			<ele>215.3</ele>
		</trkpt>
		<trkpt lat="45.644720728" lon="5.693229698">
			<ele>215.3</ele>
		</trkpt>
		<trkpt lat="45.644471786" lon="5.693089133">
			<ele>215.1</ele>
		</trkpt>
		<trkpt lat="45.644094433" lon="5.692669954">
			<ele>214.7</ele>
		</trkpt>
		<trkpt lat="45.643872731" lon="5.692330319">
			<ele>214.3</ele>
		</trkpt>
		<trkpt lat="45.643516165" lon="5.691605201">
			<ele>214.6</ele>
		</trkpt>
		<trkpt lat="45.643386078" lon="5.691433204">
			<ele>214.8</ele>
		</trkpt>
		<trkpt lat="45.642248402" lon="5.690779332">
			<ele>215.2</ele>
		</trkpt>
		<trkpt lat="45.641755546" lon="5.690404661">
			<ele>216.2</ele>
		</trkpt>
		<trkpt lat="45.64111014" lon="5.689813318">
			<ele>214.2</ele>
		</trkpt>
		<trkpt lat="45.640347554" lon="5.688959369">
			<ele>213.7</ele>
		</trkpt>
		<trkpt lat="45.639769538" lon="5.688111791">
			<ele>216.1</ele>
		</trkpt>
		<trkpt lat="45.639168388" lon="5.687137228">
			<ele>216</ele>
		</trkpt>
		<trkpt lat="45.638804446" lon="5.686382353">
			<ele>216</ele>
		</trkpt>
		<trkpt lat="45.638650722" lon="5.685989577">
			<ele>216.6</ele>
		</trkpt>
		<trkpt lat="45.63845777" lon="5.685352134">
			<ele>216.9</ele>
		</trkpt>
		<trkpt lat="45.638332796" lon="5.684473878">
			<ele>215.5</ele>
		</trkpt>
		<trkpt lat="45.638279068" lon="5.683515742">
			<ele>215.7</ele>
		</trkpt>
		<trkpt lat="45.63829206" lon="5.683387918">
			<ele>215.1</ele>
		</trkpt>
		<trkpt lat="45.638433295" lon="5.683358749">
			<ele>213.3</ele>
		</trkpt>
		<trkpt lat="45.638481743" lon="5.683291778">
			<ele>213.3</ele>
		</trkpt>
		<trkpt lat="45.638497836" lon="5.6831834">
			<ele>213.3</ele>
		</trkpt>
		<trkpt lat="45.63845316" lon="5.681919912">
			<ele>211</ele>
		</trkpt>
		<trkpt lat="45.638356685" lon="5.681468295">
			<ele>211</ele>
		</trkpt>
		<trkpt lat="45.637325291" lon="5.678014699">
			<ele>211.1</ele>
		</trkpt>
		<trkpt lat="45.637113145" lon="5.677125966">
			<ele>210.7</ele>
		</trkpt>
		<trkpt lat="45.636902592" lon="5.67665725">
			<ele>210.1</ele>
		</trkpt>
		<trkpt lat="45.636670916" lon="5.676589524">
			<ele>211.1</ele>
		</trkpt>
		<trkpt lat="45.636602939" lon="5.676489947">
			<ele>212.9</ele>
		</trkpt>
		<trkpt lat="45.636521802" lon="5.676453821">
			<ele>212.9</ele>
		</trkpt>
		<trkpt lat="45.636448796" lon="5.675700288">
			<ele>214</ele>
		</trkpt>
		<trkpt lat="45.636458267" lon="5.674199341">
			<ele>212.8</ele>
		</trkpt>
		<trkpt lat="45.636630851" lon="5.668526888">
			<ele>212</ele>
		</trkpt>
		<trkpt lat="45.636633868" lon="5.66790537">
			<ele>212</ele>
		</trkpt>
		<trkpt lat="45.63660252" lon="5.667706132">
			<ele>212</ele>
		</trkpt>
		<trkpt lat="45.636654236" lon="5.667614853">
			<ele>212</ele>
		</trkpt>
		<trkpt lat="45.636846601" lon="5.660671787">
			<ele>209.1</ele>
		</trkpt>
		<trkpt lat="45.636834699" lon="5.660183206">
			<ele>209.8</ele>
		</trkpt>
		<trkpt lat="45.636779043" lon="5.659719435">
			<ele>209.7</ele>
		</trkpt>
		<trkpt lat="45.636684746" lon="5.659170337">
			<ele>209.5</ele>
		</trkpt>
		<trkpt lat="45.636547618" lon="5.658643534">
			<ele>209.3</ele>
		</trkpt>
		<trkpt lat="45.63640412" lon="5.658577569">
			<ele>210.4</ele>
		</trkpt>
		<trkpt lat="45.636207732" lon="5.658195689">
			<ele>211.3</ele>
		</trkpt>
		<trkpt lat="45.635973039" lon="5.657984046">
			<ele>211.3</ele>
		</trkpt>
		<trkpt lat="45.635110374" lon="5.656743106">
			<ele>212.4</ele>
		</trkpt>
		<trkpt lat="45.634782725" lon="5.656462815">
			<ele>212.2</ele>
		</trkpt>
		<trkpt lat="45.634722375" lon="5.656272378">
			<ele>212.4</ele>
		</trkpt>
		<trkpt lat="45.634752885" lon="5.656086383">
			<ele>212.2</ele>
		</trkpt>
		<trkpt lat="45.634669318" lon="5.655884631">
			<ele>212.1</ele>
		</trkpt>
		<trkpt lat="45.635941523" lon="5.653975401">
			<ele>209.3</ele>
		</trkpt>
		<trkpt lat="45.636272776" lon="5.653530238">
			<ele>211.1</ele>
		</trkpt>
		<trkpt lat="45.636329605" lon="5.653643394">
			<ele>212.1</ele>
		</trkpt>
		<trkpt lat="45.636491124" lon="5.65352018">
			<ele>211.6</ele>
		</trkpt>
		<trkpt lat="45.636821371" lon="5.653534681">
			<ele>212.4</ele>
		</trkpt>
		<trkpt lat="45.637029326" lon="5.653427811">
			<ele>211.7</ele>
		</trkpt>
		<trkpt lat="45.637148098" lon="5.653319601">
			<ele>211.1</ele>
		</trkpt>
		<trkpt lat="45.63725371" lon="5.653137714">
			<ele>209.6</ele>
		</trkpt>
		<trkpt lat="45.637354209" lon="5.652666818">
			<ele>209.5</ele>
		</trkpt>
		<trkpt lat="45.637127059" lon="5.651432583">
			<ele>210.5</ele>
		</trkpt>
		<trkpt lat="45.636837465" lon="5.650749709">
			<ele>211.8</ele>
		</trkpt>
		<trkpt lat="45.63415601" lon="5.64700962">
			<ele>213</ele>
		</trkpt>
		<trkpt lat="45.633964567" lon="5.646405788">
			<ele>218.1</ele>
		</trkpt>
		<trkpt lat="45.633903966" lon="5.645917794">
			<ele>219.3</ele>
		</trkpt>
		<trkpt lat="45.633922574" lon="5.645582266">
			<ele>219</ele>
		</trkpt>
		<trkpt lat="45.634014943" lon="5.645153448">
			<ele>214.4</ele>
		</trkpt>
		<trkpt lat="45.63445164" lon="5.643762387">
			<ele>209</ele>
		</trkpt>
		<trkpt lat="45.634525484" lon="5.643094433">
			<ele>209</ele>
		</trkpt>
		<trkpt lat="45.634686752" lon="5.642158929">
			<ele>209.6</ele>
		</trkpt>
		<trkpt lat="45.635009204" lon="5.641643191">
			<ele>210</ele>
		</trkpt>
		<trkpt lat="45.635476495" lon="5.641224431">
			<ele>211.2</ele>
		</trkpt>
		<trkpt lat="45.635977649" lon="5.641003652">
			<ele>221.2</ele>
		</trkpt>
		<trkpt lat="45.636666977" lon="5.641097696">
			<ele>223.5</ele>
		</trkpt>
		<trkpt lat="45.637501479" lon="5.641617626">
			<ele>221.3</ele>
		</trkpt>
		<trkpt lat="45.637678337" lon="5.641518552">
			<ele>221.3</ele>
		</trkpt>
		<trkpt lat="45.63773986" lon="5.641392488">
			<ele>221.6</ele>
		</trkpt>
		<trkpt lat="45.640229872" lon="5.643110359">
			<ele>211</ele>
		</trkpt>
		<trkpt lat="45.640442773" lon="5.643401211">
			<ele>220.8</ele>
		</trkpt>
		<trkpt lat="45.640540757" lon="5.643736236">
			<ele>221.3</ele>
		</trkpt>
		<trkpt lat="45.640548217" lon="5.643866658">
			<ele>221.7</ele>
		</trkpt>
		<trkpt lat="45.640407653" lon="5.644488931">
			<ele>217.2</ele>
		</trkpt>
		<trkpt lat="45.640138342" lon="5.644331267">
			<ele>211.1</ele>
		</trkpt>
		<trkpt lat="45.640236746" lon="5.643887445">
			<ele>217.1</ele>
		</trkpt>
		<trkpt lat="45.64025485" lon="5.643598773">
			<ele>216.9</ele>
		</trkpt>
		<trkpt lat="45.64018746" lon="5.643399367">
			<ele>211.1</ele>
		</trkpt>
		<trkpt lat="45.63992452" lon="5.643234663">
			<ele>209.1</ele>
		</trkpt>
		<trkpt lat="45.639858135" lon="5.643150089">
			<ele>209</ele>
		</trkpt>
		<trkpt lat="45.639841539" lon="5.642999802">
			<ele>209</ele>
		</trkpt>
		<trkpt lat="45.639902559" lon="5.642793775">
			<ele>209.1</ele>
		</trkpt>
		<trkpt lat="45.640029461" lon="5.642693024">
			<ele>209</ele>
		</trkpt>
		<trkpt lat="45.640300113" lon="5.642864099">
			<ele>214.7</ele>
		</trkpt>
		<trkpt lat="45.640418633" lon="5.642863763">
			<ele>214.7</ele>
		</trkpt>
		<trkpt lat="45.640480743" lon="5.642787823">
			<ele>218.7</ele>
		</trkpt>
		<trkpt lat="45.640557102" lon="5.642472664">
			<ele>213.4</ele>
		</trkpt>
		<trkpt lat="45.640558778" lon="5.642256243">
			<ele>213.4</ele>
		</trkpt>
		<trkpt lat="45.640493064" lon="5.642006714">
			<ele>213.2</ele>
		</trkpt>
		<trkpt lat="45.640671682" lon="5.64176037">
			<ele>218</ele>
		</trkpt>
		<trkpt lat="45.640743599" lon="5.641491981">
			<ele>217.7</ele>
		</trkpt>
		<trkpt lat="45.640851474" lon="5.639687441">
			<ele>217.1</ele>
		</trkpt>
		<trkpt lat="45.640807302" lon="5.638521351">
			<ele>217.9</ele>
		</trkpt>
		<trkpt lat="45.640695236" lon="5.636985954">
			<ele>211.3</ele>
		</trkpt>
		<trkpt lat="45.640780647" lon="5.636098729">
			<ele>211</ele>
		</trkpt>
		<trkpt lat="45.640556431" lon="5.634983517">
			<ele>209.1</ele>
		</trkpt>
		<trkpt lat="45.640435732" lon="5.633910801">
			<ele>213</ele>
		</trkpt>
		<trkpt lat="45.640456435" lon="5.63359539">
			<ele>213.1</ele>
		</trkpt>
		<trkpt lat="45.640496249" lon="5.633480307">
			<ele>213.2</ele>
		</trkpt>
		<trkpt lat="45.640657601" lon="5.63234414">
			<ele>219.9</ele>
		</trkpt>
		<trkpt lat="45.640774277" lon="5.631218702">
			<ele>222.5</ele>
		</trkpt>
		<trkpt lat="45.641097651" lon="5.629974743">
			<ele>230.4</ele>
		</trkpt>
		<trkpt lat="45.641188511" lon="5.628041793">
			<ele>232.9</ele>
		</trkpt>
		<trkpt lat="45.6415289" lon="5.627023811">
			<ele>230.6</ele>
		</trkpt>
		<trkpt lat="45.641571983" lon="5.626154272">
			<ele>229.8</ele>
		</trkpt>
		<trkpt lat="45.641161856" lon="5.625295965">
			<ele>227.3</ele>
		</trkpt>
		<trkpt lat="45.64050153" lon="5.624456517">
			<ele>225.2</ele>
		</trkpt>
		<trkpt lat="45.640027114" lon="5.623434093">
			<ele>226.1</ele>
		</trkpt>
		<trkpt lat="45.637036451" lon="5.622483669">
			<ele>220.5</ele>
		</trkpt>
		<trkpt lat="45.636656667" lon="5.622313935">
			<ele>226</ele>
		</trkpt>
		<trkpt lat="45.636790275" lon="5.622090306">
			<ele>224.4</ele>
		</trkpt>
		<trkpt lat="45.637363513" lon="5.622041021">
			<ele>211.9</ele>
		</trkpt>
		<trkpt lat="45.637594518" lon="5.621949993">
			<ele>208.3</ele>
		</trkpt>
		<trkpt lat="45.6377179" lon="5.621578759">
			<ele>208</ele>
		</trkpt>
		<trkpt lat="45.637696694" lon="5.619212631">
			<ele>208</ele>
		</trkpt>
		<trkpt lat="45.637772801" lon="5.618400676">
			<ele>208</ele>
		</trkpt>
		<trkpt lat="45.637959047" lon="5.617362829">
			<ele>208</ele>
		</trkpt>
		<trkpt lat="45.638407814" lon="5.615698518">
			<ele>207.7</ele>
		</trkpt>
		<trkpt lat="45.638872423" lon="5.614578612">
			<ele>207</ele>
		</trkpt>
		<trkpt lat="45.639469466" lon="5.613505729">
			<ele>207.1</ele>
		</trkpt>
		<trkpt lat="45.639964334" lon="5.612727134">
			<ele>207.3</ele>
		</trkpt>
		<trkpt lat="45.64093412" lon="5.611683587">
			<ele>207</ele>
		</trkpt>
		<trkpt lat="45.644523167" lon="5.609318549">
			<ele>207.6</ele>
		</trkpt>
		<trkpt lat="45.647447697" lon="5.607446367">
			<ele>207</ele>
		</trkpt>
		<trkpt lat="45.64884957" lon="5.606634161">
			<ele>207.7</ele>
		</trkpt>
		<trkpt lat="45.65075243" lon="5.605343431">
			<ele>207.1</ele>
		</trkpt>
		<trkpt lat="45.651730849" lon="5.604555365">
			<ele>207.3</ele>
		</trkpt>
		<trkpt lat="45.652480359" lon="5.604072064">
			<ele>207.5</ele>
		</trkpt>
		<trkpt lat="45.653130795" lon="5.60323949">
			<ele>210.9</ele>
		</trkpt>
		<trkpt lat="45.653745188" lon="5.602804385">
			<ele>209.5</ele>
		</trkpt>
		<trkpt lat="45.654489669" lon="5.605246034">
			<ele>209.5</ele>
		</trkpt>
		<trkpt lat="45.654709694" lon="5.605801754">
			<ele>209.3</ele>
		</trkpt>
		<trkpt lat="45.655561547" lon="5.605281154">
			<ele>207.2</ele>
		</trkpt>
		<trkpt lat="45.656141742" lon="5.604778156">
			<ele>206</ele>
		</trkpt>
		<trkpt lat="45.65625297" lon="5.604452016">
			<ele>207</ele>
		</trkpt>
		<trkpt lat="45.656423542" lon="5.604342716">
			<ele>207</ele>
		</trkpt>
		<trkpt lat="45.656501829" lon="5.60405069">
			<ele>206.9</ele>
		</trkpt>
		<trkpt lat="45.656724201" lon="5.603556326">
			<ele>207</ele>
		</trkpt>
		<trkpt lat="45.65796028" lon="5.602059234">
			<ele>207.6</ele>
		</trkpt>
		<trkpt lat="45.658491609" lon="5.601349957">
			<ele>206.5</ele>
		</trkpt>
		<trkpt lat="45.659262073" lon="5.599881867">
			<ele>206.1</ele>
		</trkpt>
		<trkpt lat="45.659703632" lon="5.598724661">
			<ele>206</ele>
		</trkpt>
		<trkpt lat="45.65998124" lon="5.597697459">
			<ele>206</ele>
		</trkpt>
		<trkpt lat="45.66039933" lon="5.595381539">
			<ele>206.8</ele>
		</trkpt>
		<trkpt lat="45.660773749" lon="5.594032472">
			<ele>206.6</ele>
		</trkpt>
		<trkpt lat="45.661129058" lon="5.593197467">
			<ele>205.3</ele>
		</trkpt>
		<trkpt lat="45.661495347" lon="5.592510905">
			<ele>205.1</ele>
		</trkpt>
		<trkpt lat="45.662035561" lon="5.591720324">
			<ele>205.1</ele>
		</trkpt>
		<trkpt lat="45.662533111" lon="5.591075588">
			<ele>205.2</ele>
		</trkpt>
		<trkpt lat="45.663432657" lon="5.590368072">
			<ele>205.1</ele>
		</trkpt>
		<trkpt lat="45.664778371" lon="5.589533485">
			<ele>205.5</ele>
		</trkpt>
		<trkpt lat="45.665371726" lon="5.589076756">
			<ele>205.5</ele>
		</trkpt>
		<trkpt lat="45.666631191" lon="5.587799521">
			<ele>205.4</ele>
		</trkpt>
		<trkpt lat="45.667550853" lon="5.586521616">
			<ele>206.4</ele>
		</trkpt>
		<trkpt lat="45.668193662" lon="5.585001223">
			<ele>205.5</ele>
		</trkpt>
		<trkpt lat="45.668709819" lon="5.583235156">
			<ele>205.7</ele>
		</trkpt>
		<trkpt lat="45.669040318" lon="5.582606178">
			<ele>206.6</ele>
		</trkpt>
		<trkpt lat="45.669066804" lon="5.582477767">
			<ele>208.1</ele>
		</trkpt>
		<trkpt lat="45.669028583" lon="5.582189849">
			<ele>205.4</ele>
		</trkpt>
		<trkpt lat="45.669151378" lon="5.581756337">
			<ele>206.4</ele>
		</trkpt>
		<trkpt lat="45.669335193" lon="5.580443982">
			<ele>205.7</ele>
		</trkpt>
		<trkpt lat="45.669749343" lon="5.578596611">
			<ele>205.1</ele>
		</trkpt>
		<trkpt lat="45.670269356" lon="5.577126509">
			<ele>204.9</ele>
		</trkpt>
		<trkpt lat="45.670850725" lon="5.575628579">
			<ele>207.3</ele>
		</trkpt>
		<trkpt lat="45.670830105" lon="5.575122731">
			<ele>205.3</ele>
		</trkpt>
		<trkpt lat="45.671045353" lon="5.574738672">
			<ele>205.5</ele>
		</trkpt>
		<trkpt lat="45.671128836" lon="5.574812097">
			<ele>205.5</ele>
		</trkpt>
		<trkpt lat="45.671117353" lon="5.574899856">
			<ele>205.8</ele>
		</trkpt>
		<trkpt lat="45.671224809" lon="5.575158019">
			<ele>210.4</ele>
		</trkpt>
		<trkpt lat="45.671543908" lon="5.575115606">
			<ele>215.7</ele>
		</trkpt>
		<trkpt lat="45.671768124" lon="5.575287016">
			<ele>217.9</ele>
		</trkpt>
		<trkpt lat="45.671706182" lon="5.575708961">
			<ele>218.9</ele>
		</trkpt>
		<trkpt lat="45.672006003" lon="5.575914821">
			<ele>220.3</ele>
		</trkpt>
		<trkpt lat="45.672245474" lon="5.575717762">
			<ele>221.7</ele>
		</trkpt>
		<trkpt lat="45.672354857" lon="5.575719941">
			<ele>222.3</ele>
		</trkpt>
		<trkpt lat="45.67285685" lon="5.576036191">
			<ele>222.2</ele>
		</trkpt>
		<trkpt lat="45.673114509" lon="5.576392589">
			<ele>220.8</ele>
		</trkpt>
		<trkpt lat="45.673468477" lon="5.575923873">
			<ele>220.6</ele>
		</trkpt>
		<trkpt lat="45.673900648" lon="5.574498195">
			<ele>222.7</ele>
		</trkpt>
		<trkpt lat="45.673954544" lon="5.574024618">
			<ele>222.8</ele>
		</trkpt>
		<trkpt lat="45.673855553" lon="5.573344762">
			<ele>223.8</ele>
		</trkpt>
		<trkpt lat="45.67406904" lon="5.572646633">
			<ele>222.5</ele>
		</trkpt>
		<trkpt lat="45.674471204" lon="5.571946157">
			<ele>219.8</ele>
		</trkpt>
		<trkpt lat="45.674888623" lon="5.571611719">
			<ele>217.4</ele>
		</trkpt>
		<trkpt lat="45.67563654" lon="5.570897749">
			<ele>213.6</ele>
		</trkpt>
		<trkpt lat="45.676211539" lon="5.570061821">
			<ele>210.9</ele>
		</trkpt>
		<trkpt lat="45.676556454" lon="5.569690671">
			<ele>211.8</ele>
		</trkpt>
		<trkpt lat="45.6768779" lon="5.569456313">
			<ele>213.5</ele>
		</trkpt>
		<trkpt lat="45.677288949" lon="5.569508448">
			<ele>214.9</ele>
		</trkpt>
		<trkpt lat="45.678352947" lon="5.570103647">
			<ele>216.3</ele>
		</trkpt>
		<trkpt lat="45.678940183" lon="5.570166092">
			<ele>215.4</ele>
		</trkpt>
		<trkpt lat="45.679375959" lon="5.570079843">
			<ele>214.8</ele>
		</trkpt>
		<trkpt lat="45.681145965" lon="5.569369979">
			<ele>210.4</ele>
		</trkpt>
		<trkpt lat="45.681450983" lon="5.56902431">
			<ele>209.5</ele>
		</trkpt>
		<trkpt lat="45.681844345" lon="5.568340514">
			<ele>208.9</ele>
		</trkpt>
		<trkpt lat="45.682927036" lon="5.567596536">
			<ele>207.3</ele>
		</trkpt>
		<trkpt lat="45.683525671" lon="5.567266708">
			<ele>207.8</ele>
		</trkpt>
		<trkpt lat="45.683505052" lon="5.566620883">
			<ele>207.7</ele>
		</trkpt>
		<trkpt lat="45.683587111" lon="5.565926777">
			<ele>206.1</ele>
		</trkpt>
		<trkpt lat="45.683875029" lon="5.56490452">
			<ele>205.7</ele>
		</trkpt>
		<trkpt lat="45.684116092" lon="5.563851418">
			<ele>206.9</ele>
		</trkpt>
		<trkpt lat="45.684210473" lon="5.563296201">
			<ele>206.6</ele>
		</trkpt>
		<trkpt lat="45.68527531" lon="5.561816124">
			<ele>205.8</ele>
		</trkpt>
		<trkpt lat="45.686551203" lon="5.560765537">
			<ele>203.3</ele>
		</trkpt>
		<trkpt lat="45.686805761" lon="5.560249882">
			<ele>203</ele>
		</trkpt>
		<trkpt lat="45.687118323" lon="5.559932627">
			<ele>203</ele>
		</trkpt>
		<trkpt lat="45.687710504" lon="5.559855513">
			<ele>203.2</ele>
		</trkpt>
		<trkpt lat="45.688072351" lon="5.559584023">
			<ele>203.1</ele>
		</trkpt>
		<trkpt lat="45.68837653" lon="5.559414458">
			<ele>203</ele>
		</trkpt>
		<trkpt lat="45.68922436" lon="5.559158139">
			<ele>203.3</ele>
		</trkpt>
		<trkpt lat="45.689850488" lon="5.558753042">
			<ele>203.3</ele>
		</trkpt>
		<trkpt lat="45.690675351" lon="5.558598312">
			<ele>203</ele>
		</trkpt>
		<trkpt lat="45.691330983" lon="5.558586828">
			<ele>203</ele>
		</trkpt>
		<trkpt lat="45.69234863" lon="5.55864919">
			<ele>203</ele>
		</trkpt>
		<trkpt lat="45.693171649" lon="5.558604514">
			<ele>203.4</ele>
		</trkpt>
		<trkpt lat="45.693556379" lon="5.558373425">
			<ele>203.2</ele>
		</trkpt>
		<trkpt lat="45.693881093" lon="5.557860034">
			<ele>203.4</ele>
		</trkpt>
		<trkpt lat="45.694348301" lon="5.557326358">
			<ele>204</ele>
		</trkpt>
		<trkpt lat="45.69525363" lon="5.556621272">
			<ele>203.7</ele>
		</trkpt>
		<trkpt lat="45.695564515" lon="5.55654265">
			<ele>204.1</ele>
		</trkpt>
		<trkpt lat="45.695896103" lon="5.556741636">
			<ele>204.1</ele>
		</trkpt>
		<trkpt lat="45.696316036" lon="5.556832496">
			<ele>204.7</ele>
		</trkpt>
		<trkpt lat="45.69665257" lon="5.556654213">
			<ele>204.3</ele>
		</trkpt>
		<trkpt lat="45.69710645" lon="5.556348609">
			<ele>203.8</ele>
		</trkpt>
		<trkpt lat="45.697261934" lon="5.556115927">
			<ele>203.8</ele>
		</trkpt>
		<trkpt lat="45.697707935" lon="5.554738445">
			<ele>203.9</ele>
		</trkpt>
		<trkpt lat="45.698271283" lon="5.553549975">
			<ele>204.1</ele>
		</trkpt>
		<trkpt lat="45.698408076" lon="5.553510329">
			<ele>203.8</ele>
		</trkpt>
		<trkpt lat="45.699876417" lon="5.554037383">
			<ele>208.3</ele>
		</trkpt>
		<trkpt lat="45.700448818" lon="5.554181216">
			<ele>205.9</ele>
		</trkpt>
		<trkpt lat="45.701582302" lon="5.554359164">
			<ele>203.7</ele>
		</trkpt>
		<trkpt lat="45.701960661" lon="5.554656554">
			<ele>204.3</ele>
		</trkpt>
		<trkpt lat="45.702308929" lon="5.554777002">
			<ele>205.1</ele>
		</trkpt>
		<trkpt lat="45.70267262" lon="5.554974899">
			<ele>205.4</ele>
		</trkpt>
		<trkpt lat="45.703223144" lon="5.555382511">
			<ele>204.7</ele>
		</trkpt>
		<trkpt lat="45.70365741" lon="5.555559536">
			<ele>204</ele>
		</trkpt>
		<trkpt lat="45.704410189" lon="5.555678727">
			<ele>203.1</ele>
		</trkpt>
		<trkpt lat="45.705069677" lon="5.555992546">
			<ele>203.1</ele>
		</trkpt>
		<trkpt lat="45.705723801" lon="5.555880731">
			<ele>203.1</ele>
		</trkpt>
		<trkpt lat="45.705994368" lon="5.555621143">
			<ele>203</ele>
		</trkpt>
		<trkpt lat="45.706417068" lon="5.555594321">
			<ele>203</ele>
		</trkpt>
		<trkpt lat="45.706950073" lon="5.555425258">
			<ele>203</ele>
		</trkpt>
		<trkpt lat="45.707605286" lon="5.555375973">
			<ele>203</ele>
		</trkpt>
		<trkpt lat="45.70807987" lon="5.555418301">
			<ele>203.1</ele>
		</trkpt>
		<trkpt lat="45.70867465" lon="5.5548946">
			<ele>203.7</ele>
		</trkpt>
		<trkpt lat="45.709095589" lon="5.55462311">
			<ele>203.3</ele>
		</trkpt>
		<trkpt lat="45.709718364" lon="5.553804617">
			<ele>203</ele>
		</trkpt>
		<trkpt lat="45.710353713" lon="5.553068435">
			<ele>204.2</ele>
		</trkpt>
		<trkpt lat="45.710534929" lon="5.55304924">
			<ele>205</ele>
		</trkpt>
		<trkpt lat="45.710786973" lon="5.552567784">
			<ele>203.6</ele>
		</trkpt>
		<trkpt lat="45.71127371" lon="5.55207476">
			<ele>203.7</ele>
		</trkpt>
		<trkpt lat="45.711619212" lon="5.551815089">
			<ele>204.9</ele>
		</trkpt>
		<trkpt lat="45.712111984" lon="5.550971031">
			<ele>204.9</ele>
		</trkpt>
	</trkseg>
</trk>
<trk>
	<name>13: Groslée – La Balme-les-Grottes (Developed + Signed)</name>
	<desc>Developed + Signed</desc>
	<trkseg>
		<trkpt lat="45.712111992" lon="5.550970994">
			<ele>204.9</ele>
		</trkpt>
		<trkpt lat="45.712468363" lon="5.550583431">
			<ele>206.5</ele>
		</trkpt>
		<trkpt lat="45.713016406" lon="5.548724816">
			<ele>203.9</ele>
		</trkpt>
		<trkpt lat="45.71312876" lon="5.548803095">
			<ele>206.7</ele>
		</trkpt>
		<trkpt lat="45.713306228" lon="5.549023002">
			<ele>211.1</ele>
		</trkpt>
		<trkpt lat="45.71323399" lon="5.54920816">
			<ele>208.5</ele>
		</trkpt>
		<trkpt lat="45.711045451" lon="5.547608523">
			<ele>204.1</ele>
		</trkpt>
		<trkpt lat="45.710545431" lon="5.547164948">
			<ele>204.4</ele>
		</trkpt>
		<trkpt lat="45.710413816" lon="5.54690284">
			<ele>204.2</ele>
		</trkpt>
		<trkpt lat="45.710856707" lon="5.547266735">
			<ele>204.4</ele>
		</trkpt>
		<trkpt lat="45.711257989" lon="5.547293192">
			<ele>203.9</ele>
		</trkpt>
		<trkpt lat="45.71258272" lon="5.544636303">
			<ele>202.7</ele>
		</trkpt>
		<trkpt lat="45.712719369" lon="5.544111974">
			<ele>202.6</ele>
		</trkpt>
		<trkpt lat="45.713040493" lon="5.541318187">
			<ele>202.3</ele>
		</trkpt>
		<trkpt lat="45.713043651" lon="5.539901083">
			<ele>202.5</ele>
		</trkpt>
		<trkpt lat="45.713085043" lon="5.538417315">
			<ele>202.7</ele>
		</trkpt>
		<trkpt lat="45.712995205" lon="5.537038192">
			<ele>202.9</ele>
		</trkpt>
		<trkpt lat="45.712885268" lon="5.534133691">
			<ele>202.6</ele>
		</trkpt>
		<trkpt lat="45.711025047" lon="5.533119734">
			<ele>205.5</ele>
		</trkpt>
		<trkpt lat="45.710431789" lon="5.532886528">
			<ele>205.9</ele>
		</trkpt>
		<trkpt lat="45.710635985" lon="5.532317151">
			<ele>204.9</ele>
		</trkpt>
		<trkpt lat="45.710845841" lon="5.531885876">
			<ele>204.7</ele>
		</trkpt>
		<trkpt lat="45.711097541" lon="5.53138658">
			<ele>204.9</ele>
		</trkpt>
		<trkpt lat="45.711518756" lon="5.530679769">
			<ele>204.7</ele>
		</trkpt>
		<trkpt lat="45.711688375" lon="5.529950493">
			<ele>204.4</ele>
		</trkpt>
		<trkpt lat="45.711839648" lon="5.529086317">
			<ele>203.8</ele>
		</trkpt>
		<trkpt lat="45.711886825" lon="5.528707602">
			<ele>204.1</ele>
		</trkpt>
		<trkpt lat="45.711821052" lon="5.528584543">
			<ele>204.1</ele>
		</trkpt>
		<trkpt lat="45.710643528" lon="5.527606537">
			<ele>207</ele>
		</trkpt>
		<trkpt lat="45.710540515" lon="5.527500852">
			<ele>207</ele>
		</trkpt>
		<trkpt lat="45.71049755" lon="5.527401589">
			<ele>207.9</ele>
		</trkpt>
		<trkpt lat="45.710105948" lon="5.527255632">
			<ele>209.1</ele>
		</trkpt>
		<trkpt lat="45.708849426" lon="5.527102496">
			<ele>211.2</ele>
		</trkpt>
		<trkpt lat="45.708621154" lon="5.527635846">
			<ele>209.7</ele>
		</trkpt>
		<trkpt lat="45.708517843" lon="5.527679605">
			<ele>209.5</ele>
		</trkpt>
		<trkpt lat="45.707795212" lon="5.527331354">
			<ele>210.8</ele>
		</trkpt>
		<trkpt lat="45.707306607" lon="5.527164409">
			<ele>211.7</ele>
		</trkpt>
		<trkpt lat="45.706728836" lon="5.527029193">
			<ele>212.5</ele>
		</trkpt>
		<trkpt lat="45.705724112" lon="5.526890894">
			<ele>211.9</ele>
		</trkpt>
		<trkpt lat="45.705177999" lon="5.52698666">
			<ele>211</ele>
		</trkpt>
		<trkpt lat="45.703823535" lon="5.527101052">
			<ele>213.5</ele>
		</trkpt>
		<trkpt lat="45.703436399" lon="5.527367328">
			<ele>214.5</ele>
		</trkpt>
		<trkpt lat="45.702489306" lon="5.528284363">
			<ele>212.8</ele>
		</trkpt>
		<trkpt lat="45.701400831" lon="5.528804792">
			<ele>208.4</ele>
		</trkpt>
		<trkpt lat="45.701095184" lon="5.528913598">
			<ele>208.1</ele>
		</trkpt>
		<trkpt lat="45.700967576" lon="5.528844451">
			<ele>208.1</ele>
		</trkpt>
		<trkpt lat="45.700869922" lon="5.528486859">
			<ele>207.7</ele>
		</trkpt>
		<trkpt lat="45.700730952" lon="5.528371575">
			<ele>207.4</ele>
		</trkpt>
		<trkpt lat="45.700634641" lon="5.528216647">
			<ele>207.5</ele>
		</trkpt>
		<trkpt lat="45.699089953" lon="5.525421356">
			<ele>209.6</ele>
		</trkpt>
		<trkpt lat="45.699097174" lon="5.523789814">
			<ele>211</ele>
		</trkpt>
		<trkpt lat="45.699066833" lon="5.523394776">
			<ele>211</ele>
		</trkpt>
		<trkpt lat="45.698955286" lon="5.522748029">
			<ele>210.7</ele>
		</trkpt>
		<trkpt lat="45.698833351" lon="5.522412498">
			<ele>210.2</ele>
		</trkpt>
		<trkpt lat="45.698652141" lon="5.522285921">
			<ele>211.1</ele>
		</trkpt>
		<trkpt lat="45.698469442" lon="5.522389975">
			<ele>212.2</ele>
		</trkpt>
		<trkpt lat="45.697824973" lon="5.522188199">
			<ele>216.3</ele>
		</trkpt>
		<trkpt lat="45.697244647" lon="5.521751202">
			<ele>218.8</ele>
		</trkpt>
		<trkpt lat="45.696460504" lon="5.521008448">
			<ele>213.1</ele>
		</trkpt>
		<trkpt lat="45.696287049" lon="5.522163381">
			<ele>220</ele>
		</trkpt>
		<trkpt lat="45.693830449" lon="5.518195229">
			<ele>209.7</ele>
		</trkpt>
		<trkpt lat="45.69299908" lon="5.51743011">
			<ele>209.4</ele>
		</trkpt>
		<trkpt lat="45.692056563" lon="5.516663918">
			<ele>207.9</ele>
		</trkpt>
		<trkpt lat="45.691148008" lon="5.515983604">
			<ele>206</ele>
		</trkpt>
		<trkpt lat="45.690805782" lon="5.512631524">
			<ele>208.4</ele>
		</trkpt>
		<trkpt lat="45.691482295" lon="5.512473763">
			<ele>209</ele>
		</trkpt>
		<trkpt lat="45.691739871" lon="5.511590814">
			<ele>207.8</ele>
		</trkpt>
		<trkpt lat="45.69192924" lon="5.510553439">
			<ele>208.9</ele>
		</trkpt>
		<trkpt lat="45.69217085" lon="5.509844935">
			<ele>208.6</ele>
		</trkpt>
		<trkpt lat="45.692204379" lon="5.509541069">
			<ele>208.1</ele>
		</trkpt>
		<trkpt lat="45.692205516" lon="5.508911718">
			<ele>207.5</ele>
		</trkpt>
		<trkpt lat="45.692414261" lon="5.507726862">
			<ele>207.6</ele>
		</trkpt>
		<trkpt lat="45.692504328" lon="5.507421699">
			<ele>208</ele>
		</trkpt>
		<trkpt lat="45.693034113" lon="5.50696489">
			<ele>209.1</ele>
		</trkpt>
		<trkpt lat="45.692441606" lon="5.506457427">
			<ele>209.7</ele>
		</trkpt>
		<trkpt lat="45.692015347" lon="5.506404715">
			<ele>208.4</ele>
		</trkpt>
		<trkpt lat="45.69160813" lon="5.506421798">
			<ele>207.9</ele>
		</trkpt>
		<trkpt lat="45.689606078" lon="5.50619488">
			<ele>206.9</ele>
		</trkpt>
		<trkpt lat="45.689468165" lon="5.504706368">
			<ele>207.6</ele>
		</trkpt>
		<trkpt lat="45.6886941" lon="5.504581468">
			<ele>206.8</ele>
		</trkpt>
		<trkpt lat="45.687116965" lon="5.503200338">
			<ele>206.6</ele>
		</trkpt>
		<trkpt lat="45.68505518" lon="5.501557363">
			<ele>205.1</ele>
		</trkpt>
		<trkpt lat="45.683839185" lon="5.500274636">
			<ele>206.4</ele>
		</trkpt>
		<trkpt lat="45.682704368" lon="5.498997598">
			<ele>206.8</ele>
		</trkpt>
		<trkpt lat="45.682138625" lon="5.498532707">
			<ele>205.7</ele>
		</trkpt>
		<trkpt lat="45.681850827" lon="5.498373249">
			<ele>205.7</ele>
		</trkpt>
		<trkpt lat="45.681441166" lon="5.498019387">
			<ele>205.5</ele>
		</trkpt>
		<trkpt lat="45.680023361" lon="5.496568419">
			<ele>207.6</ele>
		</trkpt>
		<trkpt lat="45.679632648" lon="5.496271166">
			<ele>208.5</ele>
		</trkpt>
		<trkpt lat="45.679180708" lon="5.49566493">
			<ele>207.7</ele>
		</trkpt>
		<trkpt lat="45.67885522" lon="5.495074906">
			<ele>206.8</ele>
		</trkpt>
		<trkpt lat="45.678606396" lon="5.494469182">
			<ele>205.9</ele>
		</trkpt>
		<trkpt lat="45.676190717" lon="5.489189534">
			<ele>207.6</ele>
		</trkpt>
		<trkpt lat="45.673295081" lon="5.482613401">
			<ele>207.1</ele>
		</trkpt>
		<trkpt lat="45.67343531" lon="5.482403393">
			<ele>207</ele>
		</trkpt>
		<trkpt lat="45.673748225" lon="5.48146474">
			<ele>207.9</ele>
		</trkpt>
		<trkpt lat="45.674579472" lon="5.478737873">
			<ele>208.5</ele>
		</trkpt>
		<trkpt lat="45.674617891" lon="5.478529357">
			<ele>208.7</ele>
		</trkpt>
		<trkpt lat="45.673869455" lon="5.478157706">
			<ele>208.9</ele>
		</trkpt>
		<trkpt lat="45.673567712" lon="5.47793973">
			<ele>209.4</ele>
		</trkpt>
		<trkpt lat="45.672511182" lon="5.477505903">
			<ele>209.9</ele>
		</trkpt>
		<trkpt lat="45.67258688" lon="5.474818787">
			<ele>208.5</ele>
		</trkpt>
		<trkpt lat="45.672824695" lon="5.471285538">
			<ele>211</ele>
		</trkpt>
		<trkpt lat="45.67271293" lon="5.471268133">
			<ele>210.4</ele>
		</trkpt>
		<trkpt lat="45.672596299" lon="5.47111244">
			<ele>210.1</ele>
		</trkpt>
		<trkpt lat="45.672539515" lon="5.470923104">
			<ele>210.1</ele>
		</trkpt>
		<trkpt lat="45.672478362" lon="5.470891831">
			<ele>210.1</ele>
		</trkpt>
		<trkpt lat="45.672488822" lon="5.470663989">
			<ele>210.3</ele>
		</trkpt>
		<trkpt lat="45.67261128" lon="5.470678529">
			<ele>210.3</ele>
		</trkpt>
		<trkpt lat="45.672609152" lon="5.470568173">
			<ele>210.3</ele>
		</trkpt>
		<trkpt lat="45.672847228" lon="5.470369947">
			<ele>211.1</ele>
		</trkpt>
		<trkpt lat="45.672899104" lon="5.470285338">
			<ele>211.1</ele>
		</trkpt>
		<trkpt lat="45.673220528" lon="5.469521335">
			<ele>213</ele>
		</trkpt>
		<trkpt lat="45.673336372" lon="5.469132143">
			<ele>213</ele>
		</trkpt>
		<trkpt lat="45.673416052" lon="5.468650516">
			<ele>212.3</ele>
		</trkpt>
		<trkpt lat="45.67339608" lon="5.467570299">
			<ele>212.2</ele>
		</trkpt>
		<trkpt lat="45.673332596" lon="5.466565982">
			<ele>212.1</ele>
		</trkpt>
		<trkpt lat="45.673357916" lon="5.465908106">
			<ele>211.5</ele>
		</trkpt>
		<trkpt lat="45.673871657" lon="5.463544015">
			<ele>211.8</ele>
		</trkpt>
		<trkpt lat="45.674039953" lon="5.463001462">
			<ele>211.9</ele>
		</trkpt>
		<trkpt lat="45.674565058" lon="5.461945486">
			<ele>211.6</ele>
		</trkpt>
		<trkpt lat="45.674572539" lon="5.46160333">
			<ele>211.4</ele>
		</trkpt>
		<trkpt lat="45.674675771" lon="5.461540466">
			<ele>211.4</ele>
		</trkpt>
		<trkpt lat="45.674791046" lon="5.461592295">
			<ele>211.2</ele>
		</trkpt>
		<trkpt lat="45.674864187" lon="5.461574794">
			<ele>211.2</ele>
		</trkpt>
		<trkpt lat="45.677844917" lon="5.457846441">
			<ele>220.1</ele>
		</trkpt>
		<trkpt lat="45.678097031" lon="5.457629308">
			<ele>221.4</ele>
		</trkpt>
		<trkpt lat="45.678516423" lon="5.457414397">
			<ele>222.2</ele>
		</trkpt>
		<trkpt lat="45.678680867" lon="5.457380187">
			<ele>222.2</ele>
		</trkpt>
		<trkpt lat="45.678763436" lon="5.457430559">
			<ele>222.2</ele>
		</trkpt>
		<trkpt lat="45.681213292" lon="5.458022017">
			<ele>225.3</ele>
		</trkpt>
		<trkpt lat="45.681635303" lon="5.457853934">
			<ele>227.5</ele>
		</trkpt>
		<trkpt lat="45.681881426" lon="5.458077649">
			<ele>226.5</ele>
		</trkpt>
		<trkpt lat="45.682545697" lon="5.458143484">
			<ele>227.1</ele>
		</trkpt>
		<trkpt lat="45.683604074" lon="5.45848634">
			<ele>224.6</ele>
		</trkpt>
		<trkpt lat="45.684144805" lon="5.458878854">
			<ele>222.7</ele>
		</trkpt>
		<trkpt lat="45.684218059" lon="5.458856171">
			<ele>222.7</ele>
		</trkpt>
		<trkpt lat="45.685481605" lon="5.45775022">
			<ele>226.4</ele>
		</trkpt>
		<trkpt lat="45.685873823" lon="5.457628744">
			<ele>225.7</ele>
		</trkpt>
		<trkpt lat="45.686598785" lon="5.457196849">
			<ele>227.7</ele>
		</trkpt>
		<trkpt lat="45.68742932" lon="5.456448736">
			<ele>228.9</ele>
		</trkpt>
		<trkpt lat="45.688668045" lon="5.455516427">
			<ele>228.6</ele>
		</trkpt>
		<trkpt lat="45.691343759" lon="5.45311097">
			<ele>231</ele>
		</trkpt>
		<trkpt lat="45.692156224" lon="5.452159035">
			<ele>231.2</ele>
		</trkpt>
		<trkpt lat="45.692580058" lon="5.451455614">
			<ele>231.2</ele>
		</trkpt>
		<trkpt lat="45.693181489" lon="5.449521437">
			<ele>233.3</ele>
		</trkpt>
		<trkpt lat="45.693376392" lon="5.449006546">
			<ele>234.8</ele>
		</trkpt>
		<trkpt lat="45.693551645" lon="5.448637015">
			<ele>235.9</ele>
		</trkpt>
		<trkpt lat="45.693802703" lon="5.448240395">
			<ele>236.1</ele>
		</trkpt>
		<trkpt lat="45.693572212" lon="5.447206842">
			<ele>240</ele>
		</trkpt>
		<trkpt lat="45.693568718" lon="5.446742713">
			<ele>241.3</ele>
		</trkpt>
		<trkpt lat="45.693742966" lon="5.444970994">
			<ele>240.2</ele>
		</trkpt>
		<trkpt lat="45.693871691" lon="5.444346147">
			<ele>239.7</ele>
		</trkpt>
		<trkpt lat="45.694179188" lon="5.44359435">
			<ele>238.8</ele>
		</trkpt>
		<trkpt lat="45.695151809" lon="5.441963729">
			<ele>239.6</ele>
		</trkpt>
		<trkpt lat="45.695118771" lon="5.441873204">
			<ele>239.6</ele>
		</trkpt>
		<trkpt lat="45.695663643" lon="5.441275983">
			<ele>238.2</ele>
		</trkpt>
		<trkpt lat="45.695780965" lon="5.440432164">
			<ele>238.3</ele>
		</trkpt>
		<trkpt lat="45.695879949" lon="5.440224224">
			<ele>239</ele>
		</trkpt>
		<trkpt lat="45.696282683" lon="5.439594188">
			<ele>241.4</ele>
		</trkpt>
		<trkpt lat="45.696586902" lon="5.438905686">
			<ele>242.7</ele>
		</trkpt>
		<trkpt lat="45.696663092" lon="5.438207795">
			<ele>242.4</ele>
		</trkpt>
		<trkpt lat="45.696622749" lon="5.437560499">
			<ele>241.9</ele>
		</trkpt>
		<trkpt lat="45.696630258" lon="5.437076453">
			<ele>241.9</ele>
		</trkpt>
		<trkpt lat="45.696801939" lon="5.436806885">
			<ele>242.2</ele>
		</trkpt>
		<trkpt lat="45.697183104" lon="5.436616275">
			<ele>242.7</ele>
		</trkpt>
		<trkpt lat="45.697756527" lon="5.435985153">
			<ele>244</ele>
		</trkpt>
		<trkpt lat="45.699048487" lon="5.435033195">
			<ele>247.5</ele>
		</trkpt>
		<trkpt lat="45.699544669" lon="5.434783344">
			<ele>247.7</ele>
		</trkpt>
		<trkpt lat="45.700417759" lon="5.433906291">
			<ele>246.6</ele>
		</trkpt>
		<trkpt lat="45.701010577" lon="5.433460525">
			<ele>247.2</ele>
		</trkpt>
		<trkpt lat="45.701269708" lon="5.433044596">
			<ele>250.1</ele>
		</trkpt>
		<trkpt lat="45.701189656" lon="5.431472563">
			<ele>249.6</ele>
		</trkpt>
		<trkpt lat="45.70130053" lon="5.430615091">
			<ele>250</ele>
		</trkpt>
		<trkpt lat="45.701886709" lon="5.430316905">
			<ele>251.2</ele>
		</trkpt>
		<trkpt lat="45.702803926" lon="5.43017374">
			<ele>251.9</ele>
		</trkpt>
		<trkpt lat="45.703354098" lon="5.430042436">
			<ele>249.5</ele>
		</trkpt>
		<trkpt lat="45.703585613" lon="5.430034581">
			<ele>248.7</ele>
		</trkpt>
		<trkpt lat="45.704037595" lon="5.430236149">
			<ele>249.1</ele>
		</trkpt>
		<trkpt lat="45.704255356" lon="5.430141284">
			<ele>249.6</ele>
		</trkpt>
		<trkpt lat="45.704729045" lon="5.42939778">
			<ele>247.1</ele>
		</trkpt>
		<trkpt lat="45.704991972" lon="5.428804631">
			<ele>243.7</ele>
		</trkpt>
		<trkpt lat="45.705486277" lon="5.428624436">
			<ele>240.4</ele>
		</trkpt>
		<trkpt lat="45.705722406" lon="5.428144989">
			<ele>236.3</ele>
		</trkpt>
		<trkpt lat="45.705883173" lon="5.427527962">
			<ele>233.9</ele>
		</trkpt>
		<trkpt lat="45.706032301" lon="5.427295854">
			<ele>232.2</ele>
		</trkpt>
		<trkpt lat="45.706744758" lon="5.426438937">
			<ele>226.6</ele>
		</trkpt>
		<trkpt lat="45.706997608" lon="5.425820133">
			<ele>224.6</ele>
		</trkpt>
		<trkpt lat="45.707121355" lon="5.425035971">
			<ele>222.5</ele>
		</trkpt>
		<trkpt lat="45.707089588" lon="5.423756112">
			<ele>223.1</ele>
		</trkpt>
		<trkpt lat="45.707201868" lon="5.422956988">
			<ele>222.3</ele>
		</trkpt>
		<trkpt lat="45.707196255" lon="5.422471003">
			<ele>223.1</ele>
		</trkpt>
		<trkpt lat="45.707099642" lon="5.421869189">
			<ele>223.1</ele>
		</trkpt>
		<trkpt lat="45.706846853" lon="5.421052769">
			<ele>223.2</ele>
		</trkpt>
		<trkpt lat="45.7068408" lon="5.420864047">
			<ele>222.3</ele>
		</trkpt>
		<trkpt lat="45.709066568" lon="5.420905117">
			<ele>219.4</ele>
		</trkpt>
		<trkpt lat="45.709311998" lon="5.42096569">
			<ele>219.5</ele>
		</trkpt>
		<trkpt lat="45.710192346" lon="5.420735634">
			<ele>221</ele>
		</trkpt>
		<trkpt lat="45.711157102" lon="5.42020678">
			<ele>225</ele>
		</trkpt>
		<trkpt lat="45.711427382" lon="5.42059401">
			<ele>225.6</ele>
		</trkpt>
		<trkpt lat="45.711812908" lon="5.421010812">
			<ele>225.2</ele>
		</trkpt>
		<trkpt lat="45.712474573" lon="5.421583022">
			<ele>226</ele>
		</trkpt>
		<trkpt lat="45.712830512" lon="5.42179394">
			<ele>225.9</ele>
		</trkpt>
		<trkpt lat="45.713634057" lon="5.422147422">
			<ele>226.1</ele>
		</trkpt>
		<trkpt lat="45.714049055" lon="5.422224435">
			<ele>225.9</ele>
		</trkpt>
		<trkpt lat="45.715753646" lon="5.422283246">
			<ele>225.9</ele>
		</trkpt>
		<trkpt lat="45.717967031" lon="5.422226528">
			<ele>230.6</ele>
		</trkpt>
		<trkpt lat="45.718517928" lon="5.422063117">
			<ele>229.2</ele>
		</trkpt>
		<trkpt lat="45.719199474" lon="5.422103389">
			<ele>227.9</ele>
		</trkpt>
		<trkpt lat="45.723400825" lon="5.423529458">
			<ele>231</ele>
		</trkpt>
		<trkpt lat="45.727027395" lon="5.425455281">
			<ele>234.9</ele>
		</trkpt>
		<trkpt lat="45.728512588" lon="5.426164603">
			<ele>233</ele>
		</trkpt>
		<trkpt lat="45.729051438" lon="5.426299961">
			<ele>228.7</ele>
		</trkpt>
		<trkpt lat="45.729529853" lon="5.426332857">
			<ele>229.3</ele>
		</trkpt>
		<trkpt lat="45.730134304" lon="5.42625785">
			<ele>232.8</ele>
		</trkpt>
		<trkpt lat="45.73078684" lon="5.426070923">
			<ele>231.7</ele>
		</trkpt>
		<trkpt lat="45.731373581" lon="5.42569816">
			<ele>231.1</ele>
		</trkpt>
		<trkpt lat="45.732069339" lon="5.42517226">
			<ele>230.3</ele>
		</trkpt>
		<trkpt lat="45.733653349" lon="5.423250742">
			<ele>229.3</ele>
		</trkpt>
		<trkpt lat="45.734004098" lon="5.422906786">
			<ele>230.4</ele>
		</trkpt>
		<trkpt lat="45.734656475" lon="5.422443148">
			<ele>230</ele>
		</trkpt>
		<trkpt lat="45.735108328" lon="5.422200332">
			<ele>230.1</ele>
		</trkpt>
		<trkpt lat="45.735984009" lon="5.421963229">
			<ele>230.3</ele>
		</trkpt>
		<trkpt lat="45.736701771" lon="5.421980141">
			<ele>230.5</ele>
		</trkpt>
		<trkpt lat="45.73717312" lon="5.422058483">
			<ele>236.1</ele>
		</trkpt>
		<trkpt lat="45.741879224" lon="5.423062828">
			<ele>233.2</ele>
		</trkpt>
		<trkpt lat="45.749795861" lon="5.424838079">
			<ele>234.7</ele>
		</trkpt>
		<trkpt lat="45.749786428" lon="5.4249977">
			<ele>237.6</ele>
		</trkpt>
		<trkpt lat="45.749864401" lon="5.425099091">
			<ele>237.4</ele>
		</trkpt>
		<trkpt lat="45.750329859" lon="5.425101552">
			<ele>237.1</ele>
		</trkpt>
		<trkpt lat="45.751323784" lon="5.425265263">
			<ele>239.4</ele>
		</trkpt>
		<trkpt lat="45.753449975" lon="5.425503155">
			<ele>232.2</ele>
		</trkpt>
		<trkpt lat="45.753927718" lon="5.425499917">
			<ele>232.4</ele>
		</trkpt>
		<trkpt lat="45.754517658" lon="5.425573031">
			<ele>233.6</ele>
		</trkpt>
		<trkpt lat="45.755270598" lon="5.425800354">
			<ele>232.2</ele>
		</trkpt>
		<trkpt lat="45.75541565" lon="5.425875087">
			<ele>234.4</ele>
		</trkpt>
		<trkpt lat="45.755575808" lon="5.426035786">
			<ele>233.5</ele>
		</trkpt>
		<trkpt lat="45.755948013" lon="5.426621887">
			<ele>235.4</ele>
		</trkpt>
		<trkpt lat="45.75617511" lon="5.42724085">
			<ele>236</ele>
		</trkpt>
		<trkpt lat="45.75627297" lon="5.426938504">
			<ele>233.4</ele>
		</trkpt>
		<trkpt lat="45.756347516" lon="5.426856693">
			<ele>232.4</ele>
		</trkpt>
		<trkpt lat="45.756603616" lon="5.426739148">
			<ele>230.1</ele>
		</trkpt>
		<trkpt lat="45.757431946" lon="5.426567786">
			<ele>227.6</ele>
		</trkpt>
		<trkpt lat="45.75883071" lon="5.426438161">
			<ele>227.1</ele>
		</trkpt>
		<trkpt lat="45.760197641" lon="5.426164263">
			<ele>229.1</ele>
		</trkpt>
		<trkpt lat="45.760290601" lon="5.426054371">
			<ele>228.6</ele>
		</trkpt>
		<trkpt lat="45.760586047" lon="5.425487214">
			<ele>230</ele>
		</trkpt>
		<trkpt lat="45.760916767" lon="5.424964229">
			<ele>231.1</ele>
		</trkpt>
		<trkpt lat="45.76133273" lon="5.42462053">
			<ele>230.3</ele>
		</trkpt>
		<trkpt lat="45.762167394" lon="5.424609869">
			<ele>228.6</ele>
		</trkpt>
		<trkpt lat="45.762875386" lon="5.424657633">
			<ele>226.8</ele>
		</trkpt>
		<trkpt lat="45.763157181" lon="5.424515642">
			<ele>227.5</ele>
		</trkpt>
		<trkpt lat="45.76330956" lon="5.424498503">
			<ele>227.5</ele>
		</trkpt>
		<trkpt lat="45.763744792" lon="5.424790126">
			<ele>227.9</ele>
		</trkpt>
		<trkpt lat="45.763833333" lon="5.424793948">
			<ele>227.9</ele>
		</trkpt>
		<trkpt lat="45.764512882" lon="5.424581558">
			<ele>226.2</ele>
		</trkpt>
		<trkpt lat="45.764837482" lon="5.424615846">
			<ele>225.9</ele>
		</trkpt>
		<trkpt lat="45.765954989" lon="5.425252554">
			<ele>226.5</ele>
		</trkpt>
		<trkpt lat="45.766781254" lon="5.425892218">
			<ele>224.6</ele>
		</trkpt>
		<trkpt lat="45.767059251" lon="5.426030745">
			<ele>223.6</ele>
		</trkpt>
		<trkpt lat="45.767216347" lon="5.426165058">
			<ele>223.8</ele>
		</trkpt>
		<trkpt lat="45.767321569" lon="5.42630389">
			<ele>223.4</ele>
		</trkpt>
		<trkpt lat="45.767753315" lon="5.4273029">
			<ele>225.5</ele>
		</trkpt>
		<trkpt lat="45.768000495" lon="5.427758121">
			<ele>226.8</ele>
		</trkpt>
		<trkpt lat="45.76858981" lon="5.42843358">
			<ele>226.4</ele>
		</trkpt>
		<trkpt lat="45.76882766" lon="5.428763752">
			<ele>225.4</ele>
		</trkpt>
		<trkpt lat="45.769062216" lon="5.429320015">
			<ele>225.6</ele>
		</trkpt>
		<trkpt lat="45.769163703" lon="5.429797311">
			<ele>225.2</ele>
		</trkpt>
		<trkpt lat="45.769538062" lon="5.430979658">
			<ele>226.7</ele>
		</trkpt>
		<trkpt lat="45.7697438" lon="5.431560829">
			<ele>226.1</ele>
		</trkpt>
		<trkpt lat="45.769999083" lon="5.432144211">
			<ele>226.2</ele>
		</trkpt>
		<trkpt lat="45.770093952" lon="5.432633316">
			<ele>227.2</ele>
		</trkpt>
		<trkpt lat="45.77050934" lon="5.434245119">
			<ele>227.4</ele>
		</trkpt>
		<trkpt lat="45.770931257" lon="5.433971698">
			<ele>231.3</ele>
		</trkpt>
		<trkpt lat="45.770963173" lon="5.432492148">
			<ele>229</ele>
		</trkpt>
		<trkpt lat="45.771946341" lon="5.431575927">
			<ele>226.2</ele>
		</trkpt>
		<trkpt lat="45.771864589" lon="5.431443539">
			<ele>225.3</ele>
		</trkpt>
		<trkpt lat="45.771707268" lon="5.430998107">
			<ele>224</ele>
		</trkpt>
		<trkpt lat="45.771865423" lon="5.430772411">
			<ele>223.6</ele>
		</trkpt>
		<trkpt lat="45.772149973" lon="5.430461939">
			<ele>223</ele>
		</trkpt>
		<trkpt lat="45.772596183" lon="5.431271134">
			<ele>225.2</ele>
		</trkpt>
		<trkpt lat="45.77285711" lon="5.431655065">
			<ele>223.7</ele>
		</trkpt>
		<trkpt lat="45.773159668" lon="5.432004231">
			<ele>222.8</ele>
		</trkpt>
		<trkpt lat="45.773479176" lon="5.43233445">
			<ele>223.1</ele>
		</trkpt>
		<trkpt lat="45.773909439" lon="5.432701929">
			<ele>223.4</ele>
		</trkpt>
		<trkpt lat="45.774760511" lon="5.43317672">
			<ele>223.2</ele>
		</trkpt>
		<trkpt lat="45.775608225" lon="5.433413735">
			<ele>222.6</ele>
		</trkpt>
		<trkpt lat="45.776047874" lon="5.433430799">
			<ele>222.7</ele>
		</trkpt>
		<trkpt lat="45.777751837" lon="5.433235502">
			<ele>224.2</ele>
		</trkpt>
		<trkpt lat="45.77880362" lon="5.436345476">
			<ele>222.6</ele>
		</trkpt>
		<trkpt lat="45.779019639" lon="5.4360711">
			<ele>222.9</ele>
		</trkpt>
		<trkpt lat="45.779416121" lon="5.435344338">
			<ele>224.5</ele>
		</trkpt>
		<trkpt lat="45.779922682" lon="5.434206712">
			<ele>225.3</ele>
		</trkpt>
		<trkpt lat="45.780567135" lon="5.433275012">
			<ele>224.6</ele>
		</trkpt>
		<trkpt lat="45.780696884" lon="5.433110084">
			<ele>225.4</ele>
		</trkpt>
		<trkpt lat="45.781056769" lon="5.432986607">
			<ele>226.3</ele>
		</trkpt>
		<trkpt lat="45.781112073" lon="5.432848502">
			<ele>226.3</ele>
		</trkpt>
		<trkpt lat="45.781080326" lon="5.43269048">
			<ele>225.3</ele>
		</trkpt>
		<trkpt lat="45.781296916" lon="5.432499952">
			<ele>225.3</ele>
		</trkpt>
		<trkpt lat="45.781902412" lon="5.43215818">
			<ele>225.9</ele>
		</trkpt>
		<trkpt lat="45.782130016" lon="5.432124102">
			<ele>225.9</ele>
		</trkpt>
		<trkpt lat="45.782901041" lon="5.432149467">
			<ele>225.3</ele>
		</trkpt>
		<trkpt lat="45.783266866" lon="5.432099791">
			<ele>224.8</ele>
		</trkpt>
		<trkpt lat="45.783738185" lon="5.432230396">
			<ele>224.2</ele>
		</trkpt>
		<trkpt lat="45.784112393" lon="5.43215128">
			<ele>223.8</ele>
		</trkpt>
		<trkpt lat="45.784466059" lon="5.432207185">
			<ele>224.1</ele>
		</trkpt>
		<trkpt lat="45.785743428" lon="5.432071598">
			<ele>223.7</ele>
		</trkpt>
		<trkpt lat="45.785758665" lon="5.432177191">
			<ele>223.7</ele>
		</trkpt>
		<trkpt lat="45.789119596" lon="5.431743045">
			<ele>221.5</ele>
		</trkpt>
		<trkpt lat="45.789551679" lon="5.434384308">
			<ele>229.6</ele>
		</trkpt>
		<trkpt lat="45.789575021" lon="5.434726294">
			<ele>233.1</ele>
		</trkpt>
		<trkpt lat="45.789437463" lon="5.435696301">
			<ele>239.9</ele>
		</trkpt>
		<trkpt lat="45.790094055" lon="5.435339291">
			<ele>233.7</ele>
		</trkpt>
		<trkpt lat="45.790409965" lon="5.435088693">
			<ele>231.2</ele>
		</trkpt>
		<trkpt lat="45.791076963" lon="5.434387904">
			<ele>229.9</ele>
		</trkpt>
		<trkpt lat="45.79145641" lon="5.434046779">
			<ele>228.9</ele>
		</trkpt>
		<trkpt lat="45.791827654" lon="5.433773905">
			<ele>226.3</ele>
		</trkpt>
		<trkpt lat="45.7927273" lon="5.433192468">
			<ele>225.1</ele>
		</trkpt>
		<trkpt lat="45.793179169" lon="5.43294741">
			<ele>225.9</ele>
		</trkpt>
		<trkpt lat="45.79340246" lon="5.432692987">
			<ele>226.2</ele>
		</trkpt>
		<trkpt lat="45.793853231" lon="5.432060758">
			<ele>226.7</ele>
		</trkpt>
		<trkpt lat="45.794329051" lon="5.431545264">
			<ele>226.5</ele>
		</trkpt>
		<trkpt lat="45.794814317" lon="5.431274919">
			<ele>227.4</ele>
		</trkpt>
		<trkpt lat="45.796124293" lon="5.430689926">
			<ele>226.3</ele>
		</trkpt>
		<trkpt lat="45.796454224" lon="5.430427784">
			<ele>225.9</ele>
		</trkpt>
		<trkpt lat="45.796738409" lon="5.430151687">
			<ele>225.6</ele>
		</trkpt>
		<trkpt lat="45.797577815" lon="5.429012047">
			<ele>226.4</ele>
		</trkpt>
		<trkpt lat="45.797984554" lon="5.428023917">
			<ele>225.1</ele>
		</trkpt>
		<trkpt lat="45.798388167" lon="5.426706924">
			<ele>222.9</ele>
		</trkpt>
		<trkpt lat="45.798494333" lon="5.426470927">
			<ele>222.9</ele>
		</trkpt>
		<trkpt lat="45.798704552" lon="5.426146186">
			<ele>222.6</ele>
		</trkpt>
		<trkpt lat="45.79933269" lon="5.425320795">
			<ele>221.4</ele>
		</trkpt>
		<trkpt lat="45.799748182" lon="5.424672671">
			<ele>221.2</ele>
		</trkpt>
		<trkpt lat="45.800034323" lon="5.42410687">
			<ele>220.9</ele>
		</trkpt>
		<trkpt lat="45.799954796" lon="5.423766841">
			<ele>220.2</ele>
		</trkpt>
		<trkpt lat="45.799622071" lon="5.421267891">
			<ele>218.8</ele>
		</trkpt>
		<trkpt lat="45.800823959" lon="5.420250729">
			<ele>218.5</ele>
		</trkpt>
		<trkpt lat="45.800815767" lon="5.420100453">
			<ele>218.4</ele>
		</trkpt>
		<trkpt lat="45.800736264" lon="5.419823889">
			<ele>218.5</ele>
		</trkpt>
		<trkpt lat="45.800474337" lon="5.419101705">
			<ele>219</ele>
		</trkpt>
		<trkpt lat="45.799884361" lon="5.417140386">
			<ele>218.5</ele>
		</trkpt>
		<trkpt lat="45.799898178" lon="5.417013939">
			<ele>218.5</ele>
		</trkpt>
		<trkpt lat="45.799948556" lon="5.41693742">
			<ele>218.5</ele>
		</trkpt>
		<trkpt lat="45.800485438" lon="5.416433739">
			<ele>218</ele>
		</trkpt>
		<trkpt lat="45.800741989" lon="5.41604584">
			<ele>219.1</ele>
		</trkpt>
		<trkpt lat="45.800834539" lon="5.415867437">
			<ele>219.1</ele>
		</trkpt>
		<trkpt lat="45.800892192" lon="5.415650914">
			<ele>219.3</ele>
		</trkpt>
		<trkpt lat="45.801234294" lon="5.415663628">
			<ele>218.9</ele>
		</trkpt>
		<trkpt lat="45.801422546" lon="5.415747061">
			<ele>218.7</ele>
		</trkpt>
		<trkpt lat="45.801590868" lon="5.415881559">
			<ele>218.7</ele>
		</trkpt>
		<trkpt lat="45.801754386" lon="5.416123426">
			<ele>218.9</ele>
		</trkpt>
		<trkpt lat="45.802127422" lon="5.416900762">
			<ele>219.4</ele>
		</trkpt>
		<trkpt lat="45.802567488" lon="5.416407804">
			<ele>219.3</ele>
		</trkpt>
		<trkpt lat="45.802632296" lon="5.416460129">
			<ele>219.4</ele>
		</trkpt>
		<trkpt lat="45.802737598" lon="5.416411591">
			<ele>219.4</ele>
		</trkpt>
		<trkpt lat="45.80276209" lon="5.416166031">
			<ele>219</ele>
		</trkpt>
		<trkpt lat="45.803085035" lon="5.415800496">
			<ele>218.7</ele>
		</trkpt>
		<trkpt lat="45.803213439" lon="5.415476978">
			<ele>218.8</ele>
		</trkpt>
		<trkpt lat="45.80356146" lon="5.415290524">
			<ele>219.1</ele>
		</trkpt>
		<trkpt lat="45.803991805" lon="5.415176983">
			<ele>219.4</ele>
		</trkpt>
		<trkpt lat="45.804103672" lon="5.414944102">
			<ele>219</ele>
		</trkpt>
		<trkpt lat="45.805567607" lon="5.41429272">
			<ele>217.2</ele>
		</trkpt>
		<trkpt lat="45.806114" lon="5.414323069">
			<ele>216.2</ele>
		</trkpt>
		<trkpt lat="45.80625823" lon="5.414286274">
			<ele>216</ele>
		</trkpt>
		<trkpt lat="45.806583313" lon="5.414077029">
			<ele>215.9</ele>
		</trkpt>
		<trkpt lat="45.808348941" lon="5.418406635">
			<ele>214</ele>
		</trkpt>
		<trkpt lat="45.808755018" lon="5.418193483">
			<ele>214</ele>
		</trkpt>
		<trkpt lat="45.809422626" lon="5.417749565">
			<ele>214.5</ele>
		</trkpt>
		<trkpt lat="45.809729268" lon="5.417535553">
			<ele>215.2</ele>
		</trkpt>
		<trkpt lat="45.809820645" lon="5.417416217">
			<ele>215.6</ele>
		</trkpt>
		<trkpt lat="45.809979293" lon="5.417305726">
			<ele>215.3</ele>
		</trkpt>
		<trkpt lat="45.811541276" lon="5.416275708">
			<ele>214.3</ele>
		</trkpt>
		<trkpt lat="45.812950249" lon="5.415426583">
			<ele>214.6</ele>
		</trkpt>
		<trkpt lat="45.813532937" lon="5.415005269">
			<ele>214</ele>
		</trkpt>
		<trkpt lat="45.814670144" lon="5.414082263">
			<ele>208.9</ele>
		</trkpt>
		<trkpt lat="45.814836434" lon="5.413786097">
			<ele>207</ele>
		</trkpt>
		<trkpt lat="45.814946047" lon="5.41246953">
			<ele>207</ele>
		</trkpt>
		<trkpt lat="45.814858128" lon="5.412141892">
			<ele>207.2</ele>
		</trkpt>
		<trkpt lat="45.814717199" lon="5.411869479">
			<ele>207.9</ele>
		</trkpt>
		<trkpt lat="45.814372604" lon="5.411352282">
			<ele>209</ele>
		</trkpt>
		<trkpt lat="45.814198142" lon="5.410857119">
			<ele>209.3</ele>
		</trkpt>
		<trkpt lat="45.814565054" lon="5.411524492">
			<ele>208.4</ele>
		</trkpt>
		<trkpt lat="45.815016135" lon="5.411553411">
			<ele>206.9</ele>
		</trkpt>
		<trkpt lat="45.815263327" lon="5.411641527">
			<ele>206.8</ele>
		</trkpt>
		<trkpt lat="45.815445705" lon="5.411632398">
			<ele>206.7</ele>
		</trkpt>
		<trkpt lat="45.815796765" lon="5.411714115">
			<ele>206.8</ele>
		</trkpt>
		<trkpt lat="45.816040156" lon="5.411823686">
			<ele>206.5</ele>
		</trkpt>
		<trkpt lat="45.816436663" lon="5.412089842">
			<ele>206.8</ele>
		</trkpt>
		<trkpt lat="45.817089992" lon="5.414758396">
			<ele>203.7</ele>
		</trkpt>
		<trkpt lat="45.817200569" lon="5.415683213">
			<ele>202.1</ele>
		</trkpt>
		<trkpt lat="45.817318733" lon="5.415889909">
			<ele>201.5</ele>
		</trkpt>
		<trkpt lat="45.817680439" lon="5.416348785">
			<ele>201.8</ele>
		</trkpt>
		<trkpt lat="45.817718996" lon="5.416434351">
			<ele>200.1</ele>
		</trkpt>
		<trkpt lat="45.817712797" lon="5.416700762">
			<ele>199.5</ele>
		</trkpt>
		<trkpt lat="45.817766423" lon="5.416873133">
			<ele>199.5</ele>
		</trkpt>
		<trkpt lat="45.817896678" lon="5.417120099">
			<ele>201</ele>
		</trkpt>
		<trkpt lat="45.818082907" lon="5.417141113">
			<ele>201.7</ele>
		</trkpt>
		<trkpt lat="45.818426283" lon="5.417953386">
			<ele>201.2</ele>
		</trkpt>
		<trkpt lat="45.818541324" lon="5.418152198">
			<ele>201.3</ele>
		</trkpt>
		<trkpt lat="45.818605478" lon="5.418383931">
			<ele>201.2</ele>
		</trkpt>
		<trkpt lat="45.818553962" lon="5.41880706">
			<ele>198.2</ele>
		</trkpt>
		<trkpt lat="45.819213064" lon="5.419088667">
			<ele>198.6</ele>
		</trkpt>
		<trkpt lat="45.821257044" lon="5.419745918">
			<ele>198</ele>
		</trkpt>
		<trkpt lat="45.821518895" lon="5.419783748">
			<ele>198.1</ele>
		</trkpt>
		<trkpt lat="45.822005569" lon="5.419408304">
			<ele>203.5</ele>
		</trkpt>
		<trkpt lat="45.82206164" lon="5.419417256">
			<ele>203.5</ele>
		</trkpt>
		<trkpt lat="45.822463708" lon="5.419825908">
			<ele>204.4</ele>
		</trkpt>
		<trkpt lat="45.822547773" lon="5.419950293">
			<ele>201.2</ele>
		</trkpt>
		<trkpt lat="45.822586072" lon="5.420159971">
			<ele>198.1</ele>
		</trkpt>
		<trkpt lat="45.822668584" lon="5.420230672">
			<ele>198.1</ele>
		</trkpt>
		<trkpt lat="45.82273701" lon="5.420257086">
			<ele>198.2</ele>
		</trkpt>
		<trkpt lat="45.822935526" lon="5.42012642">
			<ele>202</ele>
		</trkpt>
		<trkpt lat="45.823456726" lon="5.420326739">
			<ele>202.6</ele>
		</trkpt>
		<trkpt lat="45.824079923" lon="5.420876028">
			<ele>202.6</ele>
		</trkpt>
		<trkpt lat="45.824309141" lon="5.421418494">
			<ele>198.2</ele>
		</trkpt>
		<trkpt lat="45.824610559" lon="5.421316878">
			<ele>198.1</ele>
		</trkpt>
		<trkpt lat="45.825446146" lon="5.420810691">
			<ele>201.6</ele>
		</trkpt>
		<trkpt lat="45.825654925" lon="5.420945117">
			<ele>203.3</ele>
		</trkpt>
		<trkpt lat="45.825808452" lon="5.421954051">
			<ele>200.3</ele>
		</trkpt>
		<trkpt lat="45.825554487" lon="5.42222478">
			<ele>198.3</ele>
		</trkpt>
		<trkpt lat="45.825549789" lon="5.422443796">
			<ele>198.3</ele>
		</trkpt>
		<trkpt lat="45.825940184" lon="5.422617528">
			<ele>201.4</ele>
		</trkpt>
		<trkpt lat="45.825978597" lon="5.423548337">
			<ele>199.7</ele>
		</trkpt>
		<trkpt lat="45.825961232" lon="5.424017361">
			<ele>202.6</ele>
		</trkpt>
		<trkpt lat="45.826017674" lon="5.424447863">
			<ele>202.5</ele>
		</trkpt>
		<trkpt lat="45.825970238" lon="5.424957318">
			<ele>201.6</ele>
		</trkpt>
		<trkpt lat="45.825980021" lon="5.42552149">
			<ele>200.9</ele>
		</trkpt>
		<trkpt lat="45.826037319" lon="5.425935382">
			<ele>200.5</ele>
		</trkpt>
		<trkpt lat="45.826025519" lon="5.426990057">
			<ele>199.8</ele>
		</trkpt>
		<trkpt lat="45.82609786" lon="5.428897316">
			<ele>200.3</ele>
		</trkpt>
		<trkpt lat="45.826179718" lon="5.432491727">
			<ele>199.4</ele>
		</trkpt>
		<trkpt lat="45.826291473" lon="5.433003713">
			<ele>199.2</ele>
		</trkpt>
		<trkpt lat="45.826496693" lon="5.433416355">
			<ele>199.2</ele>
		</trkpt>
		<trkpt lat="45.826682032" lon="5.433677505">
			<ele>199</ele>
		</trkpt>
		<trkpt lat="45.827159587" lon="5.433928052">
			<ele>198.7</ele>
		</trkpt>
		<trkpt lat="45.827380037" lon="5.43388481">
			<ele>199.1</ele>
		</trkpt>
		<trkpt lat="45.829630969" lon="5.432741661">
			<ele>199.3</ele>
		</trkpt>
		<trkpt lat="45.830111556" lon="5.432447222">
			<ele>198.9</ele>
		</trkpt>
		<trkpt lat="45.830365175" lon="5.432257241">
			<ele>199</ele>
		</trkpt>
		<trkpt lat="45.83089778" lon="5.431679575">
			<ele>199</ele>
		</trkpt>
		<trkpt lat="45.832660625" lon="5.429646681">
			<ele>197.1</ele>
		</trkpt>
		<trkpt lat="45.834227452" lon="5.427903478">
			<ele>198.5</ele>
		</trkpt>
		<trkpt lat="45.83461957" lon="5.427454105">
			<ele>198.3</ele>
		</trkpt>
		<trkpt lat="45.835201614" lon="5.426647689">
			<ele>198.3</ele>
		</trkpt>
		<trkpt lat="45.835597738" lon="5.42591767">
			<ele>197.9</ele>
		</trkpt>
		<trkpt lat="45.836013557" lon="5.425047633">
			<ele>197.5</ele>
		</trkpt>
		<trkpt lat="45.837411639" lon="5.421031118">
			<ele>198.3</ele>
		</trkpt>
		<trkpt lat="45.837866508" lon="5.419603249">
			<ele>199.9</ele>
		</trkpt>
		<trkpt lat="45.838047714" lon="5.419168155">
			<ele>200</ele>
		</trkpt>
		<trkpt lat="45.839388052" lon="5.417019156">
			<ele>197.3</ele>
		</trkpt>
		<trkpt lat="45.839798364" lon="5.416574562">
			<ele>198.1</ele>
		</trkpt>
		<trkpt lat="45.840172764" lon="5.416351883">
			<ele>198.4</ele>
		</trkpt>
		<trkpt lat="45.840528438" lon="5.41623048">
			<ele>197.9</ele>
		</trkpt>
		<trkpt lat="45.840874169" lon="5.416174212">
			<ele>197.1</ele>
		</trkpt>
		<trkpt lat="45.841681508" lon="5.416152569">
			<ele>197.4</ele>
		</trkpt>
		<trkpt lat="45.841998854" lon="5.416104194">
			<ele>197</ele>
		</trkpt>
		<trkpt lat="45.842896649" lon="5.415774887">
			<ele>200.1</ele>
		</trkpt>
		<trkpt lat="45.843892433" lon="5.415590599">
			<ele>197</ele>
		</trkpt>
		<trkpt lat="45.844777825" lon="5.415242554">
			<ele>199</ele>
		</trkpt>
		<trkpt lat="45.845620323" lon="5.414851936">
			<ele>197</ele>
		</trkpt>
		<trkpt lat="45.846010644" lon="5.414594004">
			<ele>197.1</ele>
		</trkpt>
		<trkpt lat="45.846447411" lon="5.4142149">
			<ele>197.5</ele>
		</trkpt>
		<trkpt lat="45.846916222" lon="5.413753142">
			<ele>197.2</ele>
		</trkpt>
		<trkpt lat="45.84734745" lon="5.413213583">
			<ele>197</ele>
		</trkpt>
		<trkpt lat="45.848518119" lon="5.411168965">
			<ele>197.9</ele>
		</trkpt>
		<trkpt lat="45.849687663" lon="5.408982583">
			<ele>197.4</ele>
		</trkpt>
		<trkpt lat="45.850725716" lon="5.407312259">
			<ele>197.2</ele>
		</trkpt>
		<trkpt lat="45.851260385" lon="5.406627886">
			<ele>198.6</ele>
		</trkpt>
		<trkpt lat="45.851739615" lon="5.406280254">
			<ele>197.7</ele>
		</trkpt>
		<trkpt lat="45.852475358" lon="5.405564261">
			<ele>203.6</ele>
		</trkpt>
		<trkpt lat="45.852845806" lon="5.40525105">
			<ele>203</ele>
		</trkpt>
		<trkpt lat="45.853548949" lon="5.406861719">
			<ele>198.1</ele>
		</trkpt>
		<trkpt lat="45.851886062" lon="5.408601689">
			<ele>201.5</ele>
		</trkpt>
		<trkpt lat="45.850610715" lon="5.410041189">
			<ele>199</ele>
		</trkpt>
		<trkpt lat="45.850465963" lon="5.410137176">
			<ele>197.5</ele>
		</trkpt>
		<trkpt lat="45.85019412" lon="5.410513438">
			<ele>198.5</ele>
		</trkpt>
		<trkpt lat="45.848467217" lon="5.413554086">
			<ele>197.6</ele>
		</trkpt>
		<trkpt lat="45.848123779" lon="5.414096709">
			<ele>198</ele>
		</trkpt>
		<trkpt lat="45.847702387" lon="5.414672396">
			<ele>197.5</ele>
		</trkpt>
		<trkpt lat="45.847244832" lon="5.415215939">
			<ele>197.2</ele>
		</trkpt>
		<trkpt lat="45.846958867" lon="5.415501065">
			<ele>197.3</ele>
		</trkpt>
		<trkpt lat="45.845648155" lon="5.416539279">
			<ele>197</ele>
		</trkpt>
		<trkpt lat="45.84554481" lon="5.41669179">
			<ele>197</ele>
		</trkpt>
		<trkpt lat="45.845580161" lon="5.417285446">
			<ele>197</ele>
		</trkpt>
		<trkpt lat="45.845714204" lon="5.41839377">
			<ele>197.3</ele>
		</trkpt>
		<trkpt lat="45.845735202" lon="5.419096476">
			<ele>204.1</ele>
		</trkpt>
		<trkpt lat="45.846158922" lon="5.41847669">
			<ele>197.2</ele>
		</trkpt>
		<trkpt lat="45.847444977" lon="5.41758826">
			<ele>197</ele>
		</trkpt>
		<trkpt lat="45.848969335" lon="5.41640378">
			<ele>197.3</ele>
		</trkpt>
		<trkpt lat="45.850694542" lon="5.415840934">
			<ele>198.6</ele>
		</trkpt>
		<trkpt lat="45.852496126" lon="5.414208801">
			<ele>197.5</ele>
		</trkpt>
		<trkpt lat="45.852852867" lon="5.413381661">
			<ele>197.3</ele>
		</trkpt>
		<trkpt lat="45.853180471" lon="5.41224679">
			<ele>197.8</ele>
		</trkpt>
		<trkpt lat="45.853496786" lon="5.410804938">
			<ele>197.2</ele>
		</trkpt>
		<trkpt lat="45.85419455" lon="5.409047739">
			<ele>197.2</ele>
		</trkpt>
		<trkpt lat="45.854543085" lon="5.408603261">
			<ele>197.7</ele>
		</trkpt>
		<trkpt lat="45.857610161" lon="5.405054611">
			<ele>199</ele>
		</trkpt>
		<trkpt lat="45.859759508" lon="5.40185294">
			<ele>199.7</ele>
		</trkpt>
		<trkpt lat="45.860752072" lon="5.399497416">
			<ele>200.4</ele>
		</trkpt>
		<trkpt lat="45.862158044" lon="5.395707652">
			<ele>197.6</ele>
		</trkpt>
		<trkpt lat="45.865451099" lon="5.388516044">
			<ele>196.5</ele>
		</trkpt>
		<trkpt lat="45.866529467" lon="5.38515341">
			<ele>197.6</ele>
		</trkpt>
		<trkpt lat="45.868878784" lon="5.38315317">
			<ele>197.6</ele>
		</trkpt>
		<trkpt lat="45.869471097" lon="5.381888112">
			<ele>197.5</ele>
		</trkpt>
		<trkpt lat="45.870762257" lon="5.378430589">
			<ele>195.4</ele>
		</trkpt>
		<trkpt lat="45.872054502" lon="5.376455548">
			<ele>195</ele>
		</trkpt>
		<trkpt lat="45.873494588" lon="5.374733727">
			<ele>195.2</ele>
		</trkpt>
		<trkpt lat="45.876432801" lon="5.370742179">
			<ele>199.2</ele>
		</trkpt>
		<trkpt lat="45.877427111" lon="5.36760725">
			<ele>196.1</ele>
		</trkpt>
		<trkpt lat="45.877786958" lon="5.366616988">
			<ele>195.2</ele>
		</trkpt>
		<trkpt lat="45.879862244" lon="5.36409239">
			<ele>195.1</ele>
		</trkpt>
		<trkpt lat="45.880577975" lon="5.363024213">
			<ele>195</ele>
		</trkpt>
		<trkpt lat="45.881336358" lon="5.360446003">
			<ele>195.1</ele>
		</trkpt>
		<trkpt lat="45.882747673" lon="5.357020468">
			<ele>195</ele>
		</trkpt>
		<trkpt lat="45.885209371" lon="5.353964154">
			<ele>196</ele>
		</trkpt>
		<trkpt lat="45.885594378" lon="5.352877567">
			<ele>197.2</ele>
		</trkpt>
		<trkpt lat="45.885483111" lon="5.351711666">
			<ele>196.8</ele>
		</trkpt>
		<trkpt lat="45.885117862" lon="5.349839471">
			<ele>200.7</ele>
		</trkpt>
		<trkpt lat="45.884986254" lon="5.347585266">
			<ele>201.6</ele>
		</trkpt>
		<trkpt lat="45.884743532" lon="5.347242762">
			<ele>201.4</ele>
		</trkpt>
		<trkpt lat="45.884275203" lon="5.347452784">
			<ele>202.3</ele>
		</trkpt>
		<trkpt lat="45.882721006" lon="5.347568539">
			<ele>194</ele>
		</trkpt>
		<trkpt lat="45.878733486" lon="5.347550713">
			<ele>197.2</ele>
		</trkpt>
		<trkpt lat="45.877971976" lon="5.347403057">
			<ele>198.9</ele>
		</trkpt>
		<trkpt lat="45.877612511" lon="5.347272522">
			<ele>199.5</ele>
		</trkpt>
		<trkpt lat="45.877146191" lon="5.346991498">
			<ele>200.6</ele>
		</trkpt>
		<trkpt lat="45.876278816" lon="5.346386134">
			<ele>202.5</ele>
		</trkpt>
		<trkpt lat="45.872067413" lon="5.343387989">
			<ele>206.4</ele>
		</trkpt>
		<trkpt lat="45.871675656" lon="5.343133242">
			<ele>207.3</ele>
		</trkpt>
		<trkpt lat="45.871247058" lon="5.342972923">
			<ele>208.4</ele>
		</trkpt>
		<trkpt lat="45.870387159" lon="5.341876446">
			<ele>206.2</ele>
		</trkpt>
		<trkpt lat="45.868056733" lon="5.338336641">
			<ele>205.1</ele>
		</trkpt>
		<trkpt lat="45.867464113" lon="5.337935165">
			<ele>204.4</ele>
		</trkpt>
		<trkpt lat="45.866183295" lon="5.337212692">
			<ele>203.6</ele>
		</trkpt>
		<trkpt lat="45.865664601" lon="5.336868147">
			<ele>202.5</ele>
		</trkpt>
		<trkpt lat="45.865053114" lon="5.336600311">
			<ele>202</ele>
		</trkpt>
		<trkpt lat="45.863387692" lon="5.33618416">
			<ele>206.2</ele>
		</trkpt>
		<trkpt lat="45.862532127" lon="5.33591369">
			<ele>209.3</ele>
		</trkpt>
		<trkpt lat="45.862336002" lon="5.335797869">
			<ele>210.3</ele>
		</trkpt>
		<trkpt lat="45.860881914" lon="5.335540464">
			<ele>212.5</ele>
		</trkpt>
		<trkpt lat="45.860541512" lon="5.335404626">
			<ele>211.3</ele>
		</trkpt>
		<trkpt lat="45.860037214" lon="5.335167067">
			<ele>209.4</ele>
		</trkpt>
		<trkpt lat="45.859481207" lon="5.334838317">
			<ele>208.2</ele>
		</trkpt>
		<trkpt lat="45.858168851" lon="5.333863831">
			<ele>206.8</ele>
		</trkpt>
		<trkpt lat="45.85597616" lon="5.332707422">
			<ele>208.4</ele>
		</trkpt>
		<trkpt lat="45.855739272" lon="5.332697404">
			<ele>208.4</ele>
		</trkpt>
		<trkpt lat="45.85569051" lon="5.332630078">
			<ele>208.4</ele>
		</trkpt>
		<trkpt lat="45.854626064" lon="5.3323991">
			<ele>208.1</ele>
		</trkpt>
		<trkpt lat="45.854536436" lon="5.332323537">
			<ele>208.2</ele>
		</trkpt>
		<trkpt lat="45.85438222" lon="5.332284385">
			<ele>208.5</ele>
		</trkpt>
		<trkpt lat="45.853841207" lon="5.331987455">
			<ele>208.6</ele>
		</trkpt>
		<trkpt lat="45.853350415" lon="5.331907982">
			<ele>208.5</ele>
		</trkpt>
		<trkpt lat="45.853228875" lon="5.331950816">
			<ele>208.5</ele>
		</trkpt>
	</trkseg>
</trk>
<trk>
	<name>14: La Balme-les-Grottes – Jons (Developed + Signed)</name>
	<desc>Developed + Signed</desc>
	<trkseg>
		<trkpt lat="45.853228875" lon="5.331950816">
			<ele>208.5</ele>
		</trkpt>
		<trkpt lat="45.853042566" lon="5.331839801">
			<ele>208.5</ele>
		</trkpt>
		<trkpt lat="45.852556203" lon="5.331702013">
			<ele>208.3</ele>
		</trkpt>
		<trkpt lat="45.851859516" lon="5.331403753">
			<ele>207.8</ele>
		</trkpt>
		<trkpt lat="45.851596513" lon="5.33114702">
			<ele>207.6</ele>
		</trkpt>
		<trkpt lat="45.851493576" lon="5.330935355">
			<ele>207.4</ele>
		</trkpt>
		<trkpt lat="45.851491219" lon="5.330789371">
			<ele>207.4</ele>
		</trkpt>
		<trkpt lat="45.851778798" lon="5.328812883">
			<ele>206.1</ele>
		</trkpt>
		<trkpt lat="45.851828046" lon="5.327724661">
			<ele>205.9</ele>
		</trkpt>
		<trkpt lat="45.85072147" lon="5.324921565">
			<ele>207.7</ele>
		</trkpt>
		<trkpt lat="45.850347034" lon="5.323823198">
			<ele>207.5</ele>
		</trkpt>
		<trkpt lat="45.850010105" lon="5.322987466">
			<ele>206.1</ele>
		</trkpt>
		<trkpt lat="45.850055832" lon="5.32259014">
			<ele>206.1</ele>
		</trkpt>
		<trkpt lat="45.850406274" lon="5.321018414">
			<ele>206</ele>
		</trkpt>
		<trkpt lat="45.850662044" lon="5.316331828">
			<ele>201.1</ele>
		</trkpt>
		<trkpt lat="45.850662243" lon="5.315951262">
			<ele>200.5</ele>
		</trkpt>
		<trkpt lat="45.850517309" lon="5.3156081">
			<ele>200.2</ele>
		</trkpt>
		<trkpt lat="45.849630559" lon="5.314570543">
			<ele>199</ele>
		</trkpt>
		<trkpt lat="45.848969462" lon="5.314015451">
			<ele>198.8</ele>
		</trkpt>
		<trkpt lat="45.848342633" lon="5.313271549">
			<ele>198.6</ele>
		</trkpt>
		<trkpt lat="45.84794269" lon="5.312950332">
			<ele>199.2</ele>
		</trkpt>
		<trkpt lat="45.847102582" lon="5.311952863">
			<ele>198.7</ele>
		</trkpt>
		<trkpt lat="45.84582871" lon="5.310801363">
			<ele>199.5</ele>
		</trkpt>
		<trkpt lat="45.845245518" lon="5.310151766">
			<ele>199.4</ele>
		</trkpt>
		<trkpt lat="45.844167735" lon="5.309071071">
			<ele>199.9</ele>
		</trkpt>
		<trkpt lat="45.843857434" lon="5.308731915">
			<ele>199.8</ele>
		</trkpt>
		<trkpt lat="45.843497195" lon="5.308140621">
			<ele>199.6</ele>
		</trkpt>
		<trkpt lat="45.843133582" lon="5.307807403">
			<ele>199.9</ele>
		</trkpt>
		<trkpt lat="45.842699353" lon="5.307490262">
			<ele>199.2</ele>
		</trkpt>
		<trkpt lat="45.842097211" lon="5.307209594">
			<ele>199.1</ele>
		</trkpt>
		<trkpt lat="45.841880475" lon="5.307032025">
			<ele>199.1</ele>
		</trkpt>
		<trkpt lat="45.841388481" lon="5.306380901">
			<ele>199.4</ele>
		</trkpt>
		<trkpt lat="45.840887071" lon="5.305911483">
			<ele>199.6</ele>
		</trkpt>
		<trkpt lat="45.840039101" lon="5.305389557">
			<ele>199.7</ele>
		</trkpt>
		<trkpt lat="45.838912108" lon="5.304763578">
			<ele>199.9</ele>
		</trkpt>
		<trkpt lat="45.837756689" lon="5.30404132">
			<ele>201.1</ele>
		</trkpt>
		<trkpt lat="45.832623377" lon="5.301087776">
			<ele>198.8</ele>
		</trkpt>
		<trkpt lat="45.831983474" lon="5.300794791">
			<ele>198.1</ele>
		</trkpt>
		<trkpt lat="45.830287231" lon="5.300137114">
			<ele>198.6</ele>
		</trkpt>
		<trkpt lat="45.828362237" lon="5.2990515">
			<ele>197</ele>
		</trkpt>
		<trkpt lat="45.827952664" lon="5.300080879">
			<ele>201.2</ele>
		</trkpt>
		<trkpt lat="45.827837399" lon="5.300723313">
			<ele>200.4</ele>
		</trkpt>
		<trkpt lat="45.826224811" lon="5.299633052">
			<ele>199.5</ele>
		</trkpt>
		<trkpt lat="45.824361131" lon="5.302269495">
			<ele>199.6</ele>
		</trkpt>
		<trkpt lat="45.8234215" lon="5.303253283">
			<ele>212.8</ele>
		</trkpt>
		<trkpt lat="45.822089305" lon="5.301297898">
			<ele>203.8</ele>
		</trkpt>
		<trkpt lat="45.821655615" lon="5.301091929">
			<ele>204.1</ele>
		</trkpt>
		<trkpt lat="45.821416616" lon="5.300643561">
			<ele>202.5</ele>
		</trkpt>
		<trkpt lat="45.819607494" lon="5.29916947">
			<ele>208.1</ele>
		</trkpt>
		<trkpt lat="45.818665481" lon="5.298837968">
			<ele>206.4</ele>
		</trkpt>
		<trkpt lat="45.817748274" lon="5.297881328">
			<ele>209.2</ele>
		</trkpt>
		<trkpt lat="45.817013942" lon="5.297187878">
			<ele>209.2</ele>
		</trkpt>
		<trkpt lat="45.816672704" lon="5.296967217">
			<ele>208.5</ele>
		</trkpt>
		<trkpt lat="45.816168164" lon="5.296929924">
			<ele>209.1</ele>
		</trkpt>
		<trkpt lat="45.81586242" lon="5.296645528">
			<ele>209</ele>
		</trkpt>
		<trkpt lat="45.81563281" lon="5.296353455">
			<ele>208.7</ele>
		</trkpt>
		<trkpt lat="45.815493307" lon="5.296114013">
			<ele>208.6</ele>
		</trkpt>
		<trkpt lat="45.815290783" lon="5.295924372">
			<ele>209.1</ele>
		</trkpt>
		<trkpt lat="45.815232383" lon="5.295934388">
			<ele>209.1</ele>
		</trkpt>
		<trkpt lat="45.815077519" lon="5.295834015">
			<ele>208.1</ele>
		</trkpt>
		<trkpt lat="45.814495985" lon="5.295361045">
			<ele>206.1</ele>
		</trkpt>
		<trkpt lat="45.814284831" lon="5.295336612">
			<ele>207.1</ele>
		</trkpt>
		<trkpt lat="45.814107849" lon="5.295605825">
			<ele>209</ele>
		</trkpt>
		<trkpt lat="45.813690853" lon="5.296731315">
			<ele>212.2</ele>
		</trkpt>
		<trkpt lat="45.813568375" lon="5.29665316">
			<ele>212</ele>
		</trkpt>
		<trkpt lat="45.813389229" lon="5.296849218">
			<ele>211.9</ele>
		</trkpt>
		<trkpt lat="45.813302375" lon="5.297351783">
			<ele>211.8</ele>
		</trkpt>
		<trkpt lat="45.813065746" lon="5.2980412">
			<ele>211.7</ele>
		</trkpt>
		<trkpt lat="45.812737896" lon="5.298371958">
			<ele>211.7</ele>
		</trkpt>
		<trkpt lat="45.812513153" lon="5.298477398">
			<ele>211.7</ele>
		</trkpt>
		<trkpt lat="45.812380555" lon="5.298717137">
			<ele>211.9</ele>
		</trkpt>
		<trkpt lat="45.811723024" lon="5.297854843">
			<ele>211.9</ele>
		</trkpt>
		<trkpt lat="45.811524869" lon="5.297909216">
			<ele>212</ele>
		</trkpt>
		<trkpt lat="45.81142736" lon="5.298020249">
			<ele>212.1</ele>
		</trkpt>
		<trkpt lat="45.810466649" lon="5.299675268">
			<ele>212.9</ele>
		</trkpt>
		<trkpt lat="45.809788581" lon="5.301255099">
			<ele>213.2</ele>
		</trkpt>
		<trkpt lat="45.809548139" lon="5.301494974">
			<ele>214.1</ele>
		</trkpt>
		<trkpt lat="45.809174558" lon="5.301770105">
			<ele>214.6</ele>
		</trkpt>
		<trkpt lat="45.809028919" lon="5.301996949">
			<ele>214.5</ele>
		</trkpt>
		<trkpt lat="45.808816709" lon="5.302576001">
			<ele>214.5</ele>
		</trkpt>
		<trkpt lat="45.808691872" lon="5.302695387">
			<ele>214.6</ele>
		</trkpt>
		<trkpt lat="45.808425561" lon="5.302653607">
			<ele>214.2</ele>
		</trkpt>
		<trkpt lat="45.806898398" lon="5.302229761">
			<ele>213.3</ele>
		</trkpt>
		<trkpt lat="45.804622141" lon="5.301477597">
			<ele>214.9</ele>
		</trkpt>
		<trkpt lat="45.803801534" lon="5.301250593">
			<ele>214.4</ele>
		</trkpt>
		<trkpt lat="45.804243785" lon="5.299658328">
			<ele>213.6</ele>
		</trkpt>
		<trkpt lat="45.804731644" lon="5.296754093">
			<ele>212.5</ele>
		</trkpt>
		<trkpt lat="45.804174713" lon="5.295857175">
			<ele>210.4</ele>
		</trkpt>
		<trkpt lat="45.804054266" lon="5.295270282">
			<ele>210.5</ele>
		</trkpt>
		<trkpt lat="45.804008376" lon="5.294585725">
			<ele>211.5</ele>
		</trkpt>
		<trkpt lat="45.803459241" lon="5.292501195">
			<ele>211.2</ele>
		</trkpt>
		<trkpt lat="45.803143173" lon="5.291789139">
			<ele>210.2</ele>
		</trkpt>
		<trkpt lat="45.802572365" lon="5.291079557">
			<ele>209.5</ele>
		</trkpt>
		<trkpt lat="45.802326891" lon="5.291159275">
			<ele>209.3</ele>
		</trkpt>
		<trkpt lat="45.801672622" lon="5.292180745">
			<ele>210</ele>
		</trkpt>
		<trkpt lat="45.800830573" lon="5.292425913">
			<ele>212.8</ele>
		</trkpt>
		<trkpt lat="45.800716162" lon="5.293006849">
			<ele>214.2</ele>
		</trkpt>
		<trkpt lat="45.800508956" lon="5.293803826">
			<ele>214</ele>
		</trkpt>
		<trkpt lat="45.800321512" lon="5.294167698">
			<ele>213.6</ele>
		</trkpt>
		<trkpt lat="45.799842461" lon="5.294631864">
			<ele>214.2</ele>
		</trkpt>
		<trkpt lat="45.799054203" lon="5.295074694">
			<ele>215.2</ele>
		</trkpt>
		<trkpt lat="45.798358611" lon="5.295010196">
			<ele>217.3</ele>
		</trkpt>
		<trkpt lat="45.797918038" lon="5.295176379">
			<ele>217.1</ele>
		</trkpt>
		<trkpt lat="45.797689723" lon="5.295159484">
			<ele>217.2</ele>
		</trkpt>
		<trkpt lat="45.797508667" lon="5.294994227">
			<ele>218.5</ele>
		</trkpt>
		<trkpt lat="45.797305657" lon="5.294569267">
			<ele>220.3</ele>
		</trkpt>
		<trkpt lat="45.797217866" lon="5.293656382">
			<ele>228.8</ele>
		</trkpt>
		<trkpt lat="45.797014861" lon="5.29291664">
			<ele>232</ele>
		</trkpt>
		<trkpt lat="45.797332541" lon="5.292300804">
			<ele>232.4</ele>
		</trkpt>
		<trkpt lat="45.796990616" lon="5.292067512">
			<ele>232.5</ele>
		</trkpt>
		<trkpt lat="45.796208937" lon="5.290308324">
			<ele>232.6</ele>
		</trkpt>
		<trkpt lat="45.795923708" lon="5.289978273">
			<ele>232.9</ele>
		</trkpt>
		<trkpt lat="45.795658244" lon="5.289753387">
			<ele>233.9</ele>
		</trkpt>
		<trkpt lat="45.795134649" lon="5.289481278">
			<ele>234.8</ele>
		</trkpt>
		<trkpt lat="45.794659776" lon="5.288966013">
			<ele>233.1</ele>
		</trkpt>
		<trkpt lat="45.794378817" lon="5.287884972">
			<ele>229.5</ele>
		</trkpt>
		<trkpt lat="45.794902226" lon="5.285465295">
			<ele>220.8</ele>
		</trkpt>
		<trkpt lat="45.795878714" lon="5.282292228">
			<ele>217.8</ele>
		</trkpt>
		<trkpt lat="45.796245764" lon="5.280742395">
			<ele>215.1</ele>
		</trkpt>
		<trkpt lat="45.796991707" lon="5.278498693">
			<ele>214</ele>
		</trkpt>
		<trkpt lat="45.796015559" lon="5.277686335">
			<ele>214.8</ele>
		</trkpt>
		<trkpt lat="45.796185243" lon="5.277234271">
			<ele>213.9</ele>
		</trkpt>
		<trkpt lat="45.796533712" lon="5.276601764">
			<ele>208.1</ele>
		</trkpt>
		<trkpt lat="45.796104183" lon="5.276187584">
			<ele>205.1</ele>
		</trkpt>
		<trkpt lat="45.795168381" lon="5.276268998">
			<ele>207.5</ele>
		</trkpt>
		<trkpt lat="45.795148354" lon="5.275814322">
			<ele>205.6</ele>
		</trkpt>
		<trkpt lat="45.794249187" lon="5.275526871">
			<ele>200.6</ele>
		</trkpt>
		<trkpt lat="45.792069461" lon="5.275588328">
			<ele>202.5</ele>
		</trkpt>
		<trkpt lat="45.791594039" lon="5.2754592">
			<ele>203.3</ele>
		</trkpt>
		<trkpt lat="45.791314482" lon="5.275207733">
			<ele>203.6</ele>
		</trkpt>
		<trkpt lat="45.787860283" lon="5.269880822">
			<ele>202.1</ele>
		</trkpt>
		<trkpt lat="45.787583229" lon="5.269504329">
			<ele>201.9</ele>
		</trkpt>
		<trkpt lat="45.786384789" lon="5.265950094">
			<ele>201.6</ele>
		</trkpt>
		<trkpt lat="45.78593971" lon="5.264127194">
			<ele>202.4</ele>
		</trkpt>
		<trkpt lat="45.785451309" lon="5.261551507">
			<ele>204.7</ele>
		</trkpt>
		<trkpt lat="45.785480512" lon="5.260822508">
			<ele>202.3</ele>
		</trkpt>
		<trkpt lat="45.784228461" lon="5.257746249">
			<ele>193.3</ele>
		</trkpt>
		<trkpt lat="45.783912204" lon="5.256773675">
			<ele>193.5</ele>
		</trkpt>
		<trkpt lat="45.783623855" lon="5.256594998">
			<ele>201.3</ele>
		</trkpt>
		<trkpt lat="45.783509272" lon="5.255755842">
			<ele>195.4</ele>
		</trkpt>
		<trkpt lat="45.783145912" lon="5.254948251">
			<ele>197.8</ele>
		</trkpt>
		<trkpt lat="45.781363617" lon="5.250640712">
			<ele>197.8</ele>
		</trkpt>
		<trkpt lat="45.781244833" lon="5.250010037">
			<ele>190.5</ele>
		</trkpt>
		<trkpt lat="45.780592198" lon="5.248335454">
			<ele>196</ele>
		</trkpt>
		<trkpt lat="45.779586138" lon="5.246083318">
			<ele>197.7</ele>
		</trkpt>
		<trkpt lat="45.778156677" lon="5.243834922">
			<ele>199.8</ele>
		</trkpt>
		<trkpt lat="45.777288477" lon="5.241741523">
			<ele>194.2</ele>
		</trkpt>
		<trkpt lat="45.776693789" lon="5.241575105">
			<ele>201.9</ele>
		</trkpt>
		<trkpt lat="45.775653066" lon="5.24017622">
			<ele>203.7</ele>
		</trkpt>
		<trkpt lat="45.775063467" lon="5.23925651">
			<ele>204.2</ele>
		</trkpt>
		<trkpt lat="45.77363248" lon="5.236511136">
			<ele>198.1</ele>
		</trkpt>
		<trkpt lat="45.772543994" lon="5.234691824">
			<ele>196.9</ele>
		</trkpt>
		<trkpt lat="45.771941881" lon="5.233826005">
			<ele>196.4</ele>
		</trkpt>
		<trkpt lat="45.769399536" lon="5.230791773">
			<ele>198.1</ele>
		</trkpt>
		<trkpt lat="45.76902536" lon="5.230309802">
			<ele>198.2</ele>
		</trkpt>
		<trkpt lat="45.767881488" lon="5.228597109">
			<ele>197.8</ele>
		</trkpt>
		<trkpt lat="45.767472383" lon="5.228151755">
			<ele>197.7</ele>
		</trkpt>
		<trkpt lat="45.766525923" lon="5.226872801">
			<ele>197.1</ele>
		</trkpt>
		<trkpt lat="45.76603971" lon="5.226285893">
			<ele>197.7</ele>
		</trkpt>
		<trkpt lat="45.765625313" lon="5.225811552">
			<ele>198</ele>
		</trkpt>
		<trkpt lat="45.765150125" lon="5.225339031">
			<ele>198.2</ele>
		</trkpt>
		<trkpt lat="45.763918628" lon="5.224474736">
			<ele>199.6</ele>
		</trkpt>
		<trkpt lat="45.764072659" lon="5.223691944">
			<ele>199.1</ele>
		</trkpt>
		<trkpt lat="45.764744592" lon="5.22301281">
			<ele>196.2</ele>
		</trkpt>
		<trkpt lat="45.765371467" lon="5.222481902">
			<ele>195.3</ele>
		</trkpt>
		<trkpt lat="45.765845754" lon="5.222150839">
			<ele>195</ele>
		</trkpt>
		<trkpt lat="45.765881041" lon="5.221579145">
			<ele>195.6</ele>
		</trkpt>
		<trkpt lat="45.76582051" lon="5.221180452">
			<ele>196.1</ele>
		</trkpt>
		<trkpt lat="45.765871706" lon="5.221079732">
			<ele>196.1</ele>
		</trkpt>
		<trkpt lat="45.766844447" lon="5.220967673">
			<ele>194.8</ele>
		</trkpt>
		<trkpt lat="45.766862273" lon="5.219046781">
			<ele>194.2</ele>
		</trkpt>
		<trkpt lat="45.766977623" lon="5.216578393">
			<ele>193.9</ele>
		</trkpt>
		<trkpt lat="45.767110881" lon="5.215444183">
			<ele>194.9</ele>
		</trkpt>
		<trkpt lat="45.767452347" lon="5.213438412">
			<ele>194.1</ele>
		</trkpt>
		<trkpt lat="45.767585602" lon="5.213008594">
			<ele>194.4</ele>
		</trkpt>
		<trkpt lat="45.767685541" lon="5.21296084">
			<ele>194.5</ele>
		</trkpt>
		<trkpt lat="45.769184633" lon="5.21085955">
			<ele>193.7</ele>
		</trkpt>
		<trkpt lat="45.769792581" lon="5.21027453">
			<ele>193.1</ele>
		</trkpt>
		<trkpt lat="45.770075739" lon="5.210513314">
			<ele>190.2</ele>
		</trkpt>
		<trkpt lat="45.770217316" lon="5.210537193">
			<ele>188.4</ele>
		</trkpt>
		<trkpt lat="45.770880478" lon="5.208860575">
			<ele>189.1</ele>
		</trkpt>
		<trkpt lat="45.769815895" lon="5.208124195">
			<ele>193.6</ele>
		</trkpt>
		<trkpt lat="45.76830016" lon="5.207697446">
			<ele>195.6</ele>
		</trkpt>
		<trkpt lat="45.768447925" lon="5.206574557">
			<ele>195.3</ele>
		</trkpt>
		<trkpt lat="45.768769364" lon="5.206239709">
			<ele>195.1</ele>
		</trkpt>
		<trkpt lat="45.768788863" lon="5.205974616">
			<ele>194.9</ele>
		</trkpt>
		<trkpt lat="45.769028818" lon="5.205592345">
			<ele>194.6</ele>
		</trkpt>
		<trkpt lat="45.768910749" lon="5.205164526">
			<ele>194.8</ele>
		</trkpt>
		<trkpt lat="45.768895079" lon="5.204808542">
			<ele>193.9</ele>
		</trkpt>
		<trkpt lat="45.769211063" lon="5.201198024">
			<ele>193.5</ele>
		</trkpt>
		<trkpt lat="45.769220725" lon="5.199848446">
			<ele>194.9</ele>
		</trkpt>
		<trkpt lat="45.769175724" lon="5.199632437">
			<ele>195.2</ele>
		</trkpt>
		<trkpt lat="45.768748544" lon="5.198827689">
			<ele>197.6</ele>
		</trkpt>
		<trkpt lat="45.767713218" lon="5.197530252">
			<ele>197.8</ele>
		</trkpt>
		<trkpt lat="45.767878786" lon="5.197106019">
			<ele>198.2</ele>
		</trkpt>
		<trkpt lat="45.767999618" lon="5.196286655">
			<ele>199.6</ele>
		</trkpt>
		<trkpt lat="45.767895208" lon="5.195589462">
			<ele>200.3</ele>
		</trkpt>
		<trkpt lat="45.768637499" lon="5.194495086">
			<ele>199.6</ele>
		</trkpt>
		<trkpt lat="45.767898512" lon="5.193398058">
			<ele>197.9</ele>
		</trkpt>
		<trkpt lat="45.767714407" lon="5.193428206">
			<ele>198.3</ele>
		</trkpt>
		<trkpt lat="45.767153703" lon="5.192600531">
			<ele>198.1</ele>
		</trkpt>
		<trkpt lat="45.766800756" lon="5.192549055">
			<ele>198.9</ele>
		</trkpt>
		<trkpt lat="45.766837857" lon="5.191314308">
			<ele>197.5</ele>
		</trkpt>
		<trkpt lat="45.766384442" lon="5.1890112">
			<ele>196.9</ele>
		</trkpt>
		<trkpt lat="45.76630364" lon="5.188446086">
			<ele>196.7</ele>
		</trkpt>
		<trkpt lat="45.766204529" lon="5.185196431">
			<ele>198.6</ele>
		</trkpt>
		<trkpt lat="45.766337238" lon="5.18388203">
			<ele>196.5</ele>
		</trkpt>
		<trkpt lat="45.766213804" lon="5.18317901">
			<ele>196.6</ele>
		</trkpt>
		<trkpt lat="45.766236932" lon="5.182907489">
			<ele>196.9</ele>
		</trkpt>
		<trkpt lat="45.767063564" lon="5.182991224">
			<ele>194.9</ele>
		</trkpt>
		<trkpt lat="45.768626778" lon="5.182269685">
			<ele>203</ele>
		</trkpt>
		<trkpt lat="45.769488418" lon="5.180234725">
			<ele>204.1</ele>
		</trkpt>
		<trkpt lat="45.770979221" lon="5.176163984">
			<ele>204.2</ele>
		</trkpt>
		<trkpt lat="45.771021676" lon="5.175816569">
			<ele>204.3</ele>
		</trkpt>
		<trkpt lat="45.771007159" lon="5.175024138">
			<ele>207.2</ele>
		</trkpt>
		<trkpt lat="45.7715602" lon="5.173845342">
			<ele>208.7</ele>
		</trkpt>
		<trkpt lat="45.772511062" lon="5.172120195">
			<ele>211.8</ele>
		</trkpt>
		<trkpt lat="45.772969473" lon="5.171831678">
			<ele>210.3</ele>
		</trkpt>
		<trkpt lat="45.775725286" lon="5.170441332">
			<ele>225.8</ele>
		</trkpt>
		<trkpt lat="45.775909697" lon="5.1704571">
			<ele>226.9</ele>
		</trkpt>
		<trkpt lat="45.776366098" lon="5.17089228">
			<ele>228.6</ele>
		</trkpt>
		<trkpt lat="45.776602622" lon="5.170986735">
			<ele>229.2</ele>
		</trkpt>
		<trkpt lat="45.776882306" lon="5.171006236">
			<ele>229.9</ele>
		</trkpt>
		<trkpt lat="45.776953899" lon="5.170335546">
			<ele>230.7</ele>
		</trkpt>
		<trkpt lat="45.777057086" lon="5.169974216">
			<ele>231.5</ele>
		</trkpt>
		<trkpt lat="45.777169003" lon="5.169731666">
			<ele>231.7</ele>
		</trkpt>
		<trkpt lat="45.778687755" lon="5.170387423">
			<ele>225.3</ele>
		</trkpt>
		<trkpt lat="45.779877654" lon="5.170791856">
			<ele>215.2</ele>
		</trkpt>
		<trkpt lat="45.780002258" lon="5.170881673">
			<ele>215.1</ele>
		</trkpt>
		<trkpt lat="45.779599088" lon="5.172015473">
			<ele>216.4</ele>
		</trkpt>
		<trkpt lat="45.779821409" lon="5.172228597">
			<ele>216.2</ele>
		</trkpt>
		<trkpt lat="45.780180246" lon="5.172779216">
			<ele>217.8</ele>
		</trkpt>
		<trkpt lat="45.78065171" lon="5.173359818">
			<ele>221.3</ele>
		</trkpt>
		<trkpt lat="45.781702247" lon="5.174193167">
			<ele>223.5</ele>
		</trkpt>
		<trkpt lat="45.783065292" lon="5.175060278">
			<ele>226.6</ele>
		</trkpt>
		<trkpt lat="45.783736103" lon="5.175376262">
			<ele>226.7</ele>
		</trkpt>
		<trkpt lat="45.785055268" lon="5.175874491">
			<ele>222.1</ele>
		</trkpt>
		<trkpt lat="45.788231033" lon="5.17557546">
			<ele>214.7</ele>
		</trkpt>
		<trkpt lat="45.789433014" lon="5.175043629">
			<ele>214</ele>
		</trkpt>
		<trkpt lat="45.789563511" lon="5.175074316">
			<ele>213.6</ele>
		</trkpt>
		<trkpt lat="45.789977397" lon="5.175550564">
			<ele>213.3</ele>
		</trkpt>
		<trkpt lat="45.790229807" lon="5.175747892">
			<ele>213.1</ele>
		</trkpt>
		<trkpt lat="45.790425972" lon="5.175772657">
			<ele>212.9</ele>
		</trkpt>
		<trkpt lat="45.79067156" lon="5.175705676">
			<ele>213.1</ele>
		</trkpt>
		<trkpt lat="45.791104203" lon="5.175518297">
			<ele>213.6</ele>
		</trkpt>
		<trkpt lat="45.791340343" lon="5.175323174">
			<ele>214.7</ele>
		</trkpt>
		<trkpt lat="45.791373402" lon="5.175154112">
			<ele>214.2</ele>
		</trkpt>
		<trkpt lat="45.791313266" lon="5.17456403">
			<ele>210.9</ele>
		</trkpt>
		<trkpt lat="45.791332391" lon="5.174189994">
			<ele>209.4</ele>
		</trkpt>
		<trkpt lat="45.791400673" lon="5.174047892">
			<ele>207.8</ele>
		</trkpt>
		<trkpt lat="45.791803701" lon="5.173850807">
			<ele>207.7</ele>
		</trkpt>
		<trkpt lat="45.791919619" lon="5.173710565">
			<ele>205.4</ele>
		</trkpt>
		<trkpt lat="45.792057985" lon="5.173332718">
			<ele>204.1</ele>
		</trkpt>
		<trkpt lat="45.79090041" lon="5.170975348">
			<ele>203.9</ele>
		</trkpt>
		<trkpt lat="45.790679265" lon="5.170460706">
			<ele>205</ele>
		</trkpt>
		<trkpt lat="45.790469743" lon="5.169725182">
			<ele>205.9</ele>
		</trkpt>
		<trkpt lat="45.79052886" lon="5.169590482">
			<ele>205.9</ele>
		</trkpt>
		<trkpt lat="45.791165039" lon="5.169228982">
			<ele>208.3</ele>
		</trkpt>
		<trkpt lat="45.791615768" lon="5.168157495">
			<ele>210.3</ele>
		</trkpt>
		<trkpt lat="45.791314676" lon="5.166557553">
			<ele>209.6</ele>
		</trkpt>
		<trkpt lat="45.791717401" lon="5.165680912">
			<ele>209.4</ele>
		</trkpt>
		<trkpt lat="45.792052847" lon="5.16536379">
			<ele>208.8</ele>
		</trkpt>
		<trkpt lat="45.792194737" lon="5.165014481">
			<ele>208.1</ele>
		</trkpt>
		<trkpt lat="45.791888617" lon="5.163161371">
			<ele>206.1</ele>
		</trkpt>
		<trkpt lat="45.79292316" lon="5.162404303">
			<ele>204</ele>
		</trkpt>
		<trkpt lat="45.7935969" lon="5.162005531">
			<ele>202.3</ele>
		</trkpt>
		<trkpt lat="45.793616587" lon="5.161939493">
			<ele>202.1</ele>
		</trkpt>
		<trkpt lat="45.793935874" lon="5.160188251">
			<ele>201.4</ele>
		</trkpt>
		<trkpt lat="45.793965883" lon="5.159865731">
			<ele>197.2</ele>
		</trkpt>
		<trkpt lat="45.793975005" lon="5.159389072">
			<ele>188</ele>
		</trkpt>
		<trkpt lat="45.793857367" lon="5.158686001">
			<ele>195</ele>
		</trkpt>
		<trkpt lat="45.793803301" lon="5.157150636">
			<ele>201.4</ele>
		</trkpt>
		<trkpt lat="45.793825621" lon="5.156606345">
			<ele>208.2</ele>
		</trkpt>
		<trkpt lat="45.793979255" lon="5.156050157">
			<ele>207.3</ele>
		</trkpt>
		<trkpt lat="45.794111353" lon="5.155373865">
			<ele>209.3</ele>
		</trkpt>
		<trkpt lat="45.794225677" lon="5.155003533">
			<ele>207.5</ele>
		</trkpt>
		<trkpt lat="45.794281756" lon="5.154562779">
			<ele>208.5</ele>
		</trkpt>
		<trkpt lat="45.794263649" lon="5.154253715">
			<ele>209</ele>
		</trkpt>
		<trkpt lat="45.79468445" lon="5.153435351">
			<ele>206.7</ele>
		</trkpt>
		<trkpt lat="45.79469658" lon="5.153112139">
			<ele>207.6</ele>
		</trkpt>
		<trkpt lat="45.794547453" lon="5.151871189">
			<ele>213.7</ele>
		</trkpt>
		<trkpt lat="45.794497631" lon="5.150421167">
			<ele>218.9</ele>
		</trkpt>
		<trkpt lat="45.794410305" lon="5.150000386">
			<ele>218.8</ele>
		</trkpt>
		<trkpt lat="45.794178343" lon="5.149352492">
			<ele>219</ele>
		</trkpt>
		<trkpt lat="45.794067327" lon="5.149237436">
			<ele>219.7</ele>
		</trkpt>
		<trkpt lat="45.793875819" lon="5.149281094">
			<ele>220.2</ele>
		</trkpt>
		<trkpt lat="45.793661627" lon="5.149264233">
			<ele>220.7</ele>
		</trkpt>
		<trkpt lat="45.793585519" lon="5.149193135">
			<ele>221.3</ele>
		</trkpt>
		<trkpt lat="45.793500104" lon="5.14898538">
			<ele>221.4</ele>
		</trkpt>
		<trkpt lat="45.793199805" lon="5.147857849">
			<ele>223.7</ele>
		</trkpt>
		<trkpt lat="45.792871092" lon="5.146030757">
			<ele>230.9</ele>
		</trkpt>
		<trkpt lat="45.792853909" lon="5.145680855">
			<ele>231.3</ele>
		</trkpt>
		<trkpt lat="45.793012828" lon="5.144843753">
			<ele>230.7</ele>
		</trkpt>
		<trkpt lat="45.793273933" lon="5.143959515">
			<ele>228.8</ele>
		</trkpt>
		<trkpt lat="45.793375395" lon="5.143009452">
			<ele>228.1</ele>
		</trkpt>
		<trkpt lat="45.793578879" lon="5.142020743">
			<ele>227.1</ele>
		</trkpt>
		<trkpt lat="45.793579272" lon="5.141058228">
			<ele>226.6</ele>
		</trkpt>
		<trkpt lat="45.793614046" lon="5.140795523">
			<ele>226.1</ele>
		</trkpt>
		<trkpt lat="45.793906825" lon="5.139810263">
			<ele>224.6</ele>
		</trkpt>
		<trkpt lat="45.79457769" lon="5.136795295">
			<ele>221.2</ele>
		</trkpt>
		<trkpt lat="45.794568362" lon="5.130630254">
			<ele>214.1</ele>
		</trkpt>
		<trkpt lat="45.794606131" lon="5.130270543">
			<ele>213.7</ele>
		</trkpt>
		<trkpt lat="45.794597565" lon="5.129966969">
			<ele>213.6</ele>
		</trkpt>
		<trkpt lat="45.794435207" lon="5.127960663">
			<ele>210.8</ele>
		</trkpt>
		<trkpt lat="45.794153685" lon="5.126331397">
			<ele>208.8</ele>
		</trkpt>
		<trkpt lat="45.794131146" lon="5.126136323">
			<ele>209.4</ele>
		</trkpt>
		<trkpt lat="45.794150896" lon="5.125973538">
			<ele>209.4</ele>
		</trkpt>
		<trkpt lat="45.794030454" lon="5.125914377">
			<ele>209.4</ele>
		</trkpt>
		<trkpt lat="45.793976816" lon="5.126041783">
			<ele>209.4</ele>
		</trkpt>
		<trkpt lat="45.793792389" lon="5.126026171">
			<ele>209.8</ele>
		</trkpt>
		<trkpt lat="45.792729168" lon="5.126164117">
			<ele>211.8</ele>
		</trkpt>
		<trkpt lat="45.791263655" lon="5.126465429">
			<ele>215.4</ele>
		</trkpt>
		<trkpt lat="45.790019584" lon="5.127030776">
			<ele>212.3</ele>
		</trkpt>
		<trkpt lat="45.789002569" lon="5.127562263">
			<ele>215.2</ele>
		</trkpt>
		<trkpt lat="45.788804637" lon="5.127631291">
			<ele>215.4</ele>
		</trkpt>
		<trkpt lat="45.788363223" lon="5.127656868">
			<ele>215.2</ele>
		</trkpt>
		<trkpt lat="45.787434223" lon="5.127944731">
			<ele>215</ele>
		</trkpt>
		<trkpt lat="45.787219065" lon="5.127979022">
			<ele>215.1</ele>
		</trkpt>
		<trkpt lat="45.784040482" lon="5.127805457">
			<ele>218.2</ele>
		</trkpt>
		<trkpt lat="45.783804745" lon="5.126013524">
			<ele>219.5</ele>
		</trkpt>
		<trkpt lat="45.783363168" lon="5.12532674">
			<ele>220.7</ele>
		</trkpt>
		<trkpt lat="45.782999517" lon="5.122982157">
			<ele>228.6</ele>
		</trkpt>
		<trkpt lat="45.783092451" lon="5.120236313">
			<ele>229.3</ele>
		</trkpt>
		<trkpt lat="45.779681401" lon="5.120652793">
			<ele>230.1</ele>
		</trkpt>
		<trkpt lat="45.778907598" lon="5.120339085">
			<ele>231.6</ele>
		</trkpt>
		<trkpt lat="45.778713791" lon="5.120319724">
			<ele>232.1</ele>
		</trkpt>
		<trkpt lat="45.778460707" lon="5.12014525">
			<ele>232.7</ele>
		</trkpt>
		<trkpt lat="45.777753238" lon="5.119853605">
			<ele>234.1</ele>
		</trkpt>
		<trkpt lat="45.777585615" lon="5.119732275">
			<ele>234.2</ele>
		</trkpt>
		<trkpt lat="45.777449011" lon="5.119575291">
			<ele>234.4</ele>
		</trkpt>
		<trkpt lat="45.777686846" lon="5.118704253">
			<ele>235.1</ele>
		</trkpt>
		<trkpt lat="45.777623536" lon="5.118602105">
			<ele>235.1</ele>
		</trkpt>
		<trkpt lat="45.7777418" lon="5.118201247">
			<ele>235.4</ele>
		</trkpt>
		<trkpt lat="45.777880156" lon="5.11713346">
			<ele>232.8</ele>
		</trkpt>
		<trkpt lat="45.778011721" lon="5.116913044">
			<ele>231.7</ele>
		</trkpt>
		<trkpt lat="45.778246688" lon="5.116759452">
			<ele>231.2</ele>
		</trkpt>
		<trkpt lat="45.778414205" lon="5.115608175">
			<ele>228.3</ele>
		</trkpt>
		<trkpt lat="45.778594908" lon="5.113821335">
			<ele>227</ele>
		</trkpt>
		<trkpt lat="45.778952211" lon="5.11191484">
			<ele>227.8</ele>
		</trkpt>
		<trkpt lat="45.779500038" lon="5.110168724">
			<ele>228.4</ele>
		</trkpt>
		<trkpt lat="45.779746902" lon="5.1089823">
			<ele>227.6</ele>
		</trkpt>
		<trkpt lat="45.780576923" lon="5.106854744">
			<ele>227</ele>
		</trkpt>
		<trkpt lat="45.780285605" lon="5.106688614">
			<ele>225</ele>
		</trkpt>
		<trkpt lat="45.781025051" lon="5.104845465">
			<ele>221</ele>
		</trkpt>
		<trkpt lat="45.781560274" lon="5.103149514">
			<ele>216.8</ele>
		</trkpt>
		<trkpt lat="45.782315208" lon="5.099702819">
			<ele>221.1</ele>
		</trkpt>
		<trkpt lat="45.782754193" lon="5.097431202">
			<ele>220.4</ele>
		</trkpt>
		<trkpt lat="45.784273091" lon="5.090985696">
			<ele>217.7</ele>
		</trkpt>
		<trkpt lat="45.78424979" lon="5.089460103">
			<ele>217.2</ele>
		</trkpt>
		<trkpt lat="45.784330948" lon="5.089340215">
			<ele>217.2</ele>
		</trkpt>
		<trkpt lat="45.784564233" lon="5.089198413">
			<ele>216.9</ele>
		</trkpt>
		<trkpt lat="45.787129089" lon="5.088775896">
			<ele>211.6</ele>
		</trkpt>
		<trkpt lat="45.787323441" lon="5.088853098">
			<ele>210.9</ele>
		</trkpt>
		<trkpt lat="45.787947789" lon="5.090025996">
			<ele>209.6</ele>
		</trkpt>
		<trkpt lat="45.788866193" lon="5.090899005">
			<ele>206.4</ele>
		</trkpt>
		<trkpt lat="45.789126599" lon="5.091098274">
			<ele>206.3</ele>
		</trkpt>
		<trkpt lat="45.790310795" lon="5.090628295">
			<ele>206.9</ele>
		</trkpt>
		<trkpt lat="45.79117436" lon="5.090174155">
			<ele>208.8</ele>
		</trkpt>
		<trkpt lat="45.791339696" lon="5.089925504">
			<ele>210</ele>
		</trkpt>
		<trkpt lat="45.79216549" lon="5.087903098">
			<ele>213.7</ele>
		</trkpt>
		<trkpt lat="45.792603853" lon="5.08749921">
			<ele>214.8</ele>
		</trkpt>
		<trkpt lat="45.792707789" lon="5.087174296">
			<ele>215</ele>
		</trkpt>
		<trkpt lat="45.793230299" lon="5.086102122">
			<ele>215</ele>
		</trkpt>
		<trkpt lat="45.794157588" lon="5.084914093">
			<ele>213.8</ele>
		</trkpt>
		<trkpt lat="45.794986032" lon="5.084242499">
			<ele>212.2</ele>
		</trkpt>
		<trkpt lat="45.795821696" lon="5.084645499">
			<ele>211.4</ele>
		</trkpt>
		<trkpt lat="45.796357344" lon="5.084809644">
			<ele>211</ele>
		</trkpt>
		<trkpt lat="45.797022034" lon="5.084824514">
			<ele>209.9</ele>
		</trkpt>
		<trkpt lat="45.797860637" lon="5.085101507">
			<ele>207.6</ele>
		</trkpt>
		<trkpt lat="45.798347074" lon="5.085089211">
			<ele>205.6</ele>
		</trkpt>
		<trkpt lat="45.800886673" lon="5.084244612">
			<ele>205</ele>
		</trkpt>
		<trkpt lat="45.801104993" lon="5.084038185">
			<ele>205.9</ele>
		</trkpt>
		<trkpt lat="45.801690731" lon="5.083682045">
			<ele>206.9</ele>
		</trkpt>
		<trkpt lat="45.801947221" lon="5.083344139">
			<ele>207.3</ele>
		</trkpt>
		<trkpt lat="45.802553111" lon="5.08228337">
			<ele>207.4</ele>
		</trkpt>
		<trkpt lat="45.803651068" lon="5.080903744">
			<ele>211.3</ele>
		</trkpt>
		<trkpt lat="45.803852207" lon="5.080789947">
			<ele>212</ele>
		</trkpt>
		<trkpt lat="45.804342662" lon="5.080623116">
			<ele>211.1</ele>
		</trkpt>
		<trkpt lat="45.805415396" lon="5.0798648">
			<ele>211.3</ele>
		</trkpt>
		<trkpt lat="45.805888305" lon="5.079393183">
			<ele>211.5</ele>
		</trkpt>
		<trkpt lat="45.806257034" lon="5.07917193">
			<ele>212.6</ele>
		</trkpt>
		<trkpt lat="45.806416489" lon="5.079227498">
			<ele>212.9</ele>
		</trkpt>
		<trkpt lat="45.80686145" lon="5.078617046">
			<ele>213.2</ele>
		</trkpt>
		<trkpt lat="45.809738097" lon="5.077933198">
			<ele>183.6</ele>
		</trkpt>
	</trkseg>
</trk>
<trk>
	<name>15: Jons – Lyon (Developed + Signed)</name>
	<desc>Developed + Signed</desc>
	<trkseg>
		<trkpt lat="45.809738106" lon="5.077933213">
			<ele>183.6</ele>
		</trkpt>
		<trkpt lat="45.809486649" lon="5.075640595">
			<ele>182.3</ele>
		</trkpt>
		<trkpt lat="45.809401656" lon="5.074514067">
			<ele>182</ele>
		</trkpt>
		<trkpt lat="45.808136408" lon="5.07111663">
			<ele>187.4</ele>
		</trkpt>
		<trkpt lat="45.807823093" lon="5.068010045">
			<ele>182.5</ele>
		</trkpt>
		<trkpt lat="45.805356466" lon="5.059230588">
			<ele>181.1</ele>
		</trkpt>
		<trkpt lat="45.804379723" lon="5.054124836">
			<ele>181.3</ele>
		</trkpt>
		<trkpt lat="45.80433379" lon="5.053211208">
			<ele>181</ele>
		</trkpt>
		<trkpt lat="45.803516303" lon="5.050849775">
			<ele>181</ele>
		</trkpt>
		<trkpt lat="45.803033506" lon="5.049957437">
			<ele>181.3</ele>
		</trkpt>
		<trkpt lat="45.801902954" lon="5.046159178">
			<ele>181</ele>
		</trkpt>
		<trkpt lat="45.801275318" lon="5.044516576">
			<ele>181</ele>
		</trkpt>
		<trkpt lat="45.80006824" lon="5.042781103">
			<ele>181.6</ele>
		</trkpt>
		<trkpt lat="45.799778561" lon="5.042130835">
			<ele>180.6</ele>
		</trkpt>
		<trkpt lat="45.799056125" lon="5.041039595">
			<ele>180.4</ele>
		</trkpt>
		<trkpt lat="45.798201255" lon="5.040054219">
			<ele>182.6</ele>
		</trkpt>
		<trkpt lat="45.796928211" lon="5.038853679">
			<ele>185.2</ele>
		</trkpt>
		<trkpt lat="45.795983235" lon="5.036854427">
			<ele>181.5</ele>
		</trkpt>
		<trkpt lat="45.79550312" lon="5.034770602">
			<ele>180.2</ele>
		</trkpt>
		<trkpt lat="45.795305139" lon="5.033187512">
			<ele>180</ele>
		</trkpt>
		<trkpt lat="45.795017975" lon="5.031869374">
			<ele>180.1</ele>
		</trkpt>
		<trkpt lat="45.794278356" lon="5.030756844">
			<ele>181.1</ele>
		</trkpt>
		<trkpt lat="45.791250226" lon="5.027748328">
			<ele>180</ele>
		</trkpt>
		<trkpt lat="45.789992689" lon="5.026570754">
			<ele>179.2</ele>
		</trkpt>
		<trkpt lat="45.789296907" lon="5.026235562">
			<ele>186.2</ele>
		</trkpt>
		<trkpt lat="45.789257261" lon="5.025929455">
			<ele>185.4</ele>
		</trkpt>
		<trkpt lat="45.789127677" lon="5.025616139">
			<ele>183.1</ele>
		</trkpt>
		<trkpt lat="45.787745082" lon="5.023124786">
			<ele>179.8</ele>
		</trkpt>
		<trkpt lat="45.786088985" lon="5.021344218">
			<ele>185.3</ele>
		</trkpt>
		<trkpt lat="45.78544777" lon="5.019181687">
			<ele>182.8</ele>
		</trkpt>
		<trkpt lat="45.785293878" lon="5.018364787">
			<ele>189.2</ele>
		</trkpt>
		<trkpt lat="45.7852746" lon="5.016784966">
			<ele>187.4</ele>
		</trkpt>
		<trkpt lat="45.785369148" lon="5.015555676">
			<ele>187.3</ele>
		</trkpt>
		<trkpt lat="45.78635159" lon="5.012544729">
			<ele>183.5</ele>
		</trkpt>
		<trkpt lat="45.786488299" lon="5.011492465">
			<ele>178.8</ele>
		</trkpt>
		<trkpt lat="45.786480253" lon="5.011056438">
			<ele>178.1</ele>
		</trkpt>
		<trkpt lat="45.786134834" lon="5.010527875">
			<ele>181.2</ele>
		</trkpt>
		<trkpt lat="45.785994354" lon="5.010067876">
			<ele>185.6</ele>
		</trkpt>
		<trkpt lat="45.785856136" lon="5.00914461">
			<ele>187.9</ele>
		</trkpt>
		<trkpt lat="45.785840294" lon="5.006853417">
			<ele>188.6</ele>
		</trkpt>
		<trkpt lat="45.786360224" lon="5.003765272">
			<ele>184</ele>
		</trkpt>
		<trkpt lat="45.787072518" lon="5.001649093">
			<ele>178.5</ele>
		</trkpt>
		<trkpt lat="45.788043142" lon="5.000095423">
			<ele>182.9</ele>
		</trkpt>
		<trkpt lat="45.78872677" lon="4.999292018">
			<ele>183.6</ele>
		</trkpt>
		<trkpt lat="45.789702005" lon="4.998576036">
			<ele>180.9</ele>
		</trkpt>
		<trkpt lat="45.790463165" lon="4.997617314">
			<ele>177.8</ele>
		</trkpt>
		<trkpt lat="45.79130781" lon="4.996158024">
			<ele>185.8</ele>
		</trkpt>
		<trkpt lat="45.79178122" lon="4.995949902">
			<ele>183.3</ele>
		</trkpt>
		<trkpt lat="45.792659308" lon="4.995090505">
			<ele>181.7</ele>
		</trkpt>
		<trkpt lat="45.793659269" lon="4.994434705">
			<ele>180.3</ele>
		</trkpt>
		<trkpt lat="45.794140558" lon="4.99393506">
			<ele>177.5</ele>
		</trkpt>
		<trkpt lat="45.794398804" lon="4.993394846">
			<ele>176.7</ele>
		</trkpt>
		<trkpt lat="45.794470805" lon="4.993032748">
			<ele>176.7</ele>
		</trkpt>
		<trkpt lat="45.79461841" lon="4.991805805">
			<ele>177.4</ele>
		</trkpt>
		<trkpt lat="45.794677586" lon="4.990982534">
			<ele>176.4</ele>
		</trkpt>
		<trkpt lat="45.795666232" lon="4.990844568">
			<ele>180.1</ele>
		</trkpt>
		<trkpt lat="45.79564117" lon="4.990260266">
			<ele>177.5</ele>
		</trkpt>
		<trkpt lat="45.79551628" lon="4.989731619">
			<ele>177.5</ele>
		</trkpt>
		<trkpt lat="45.795167509" lon="4.988626381">
			<ele>177.1</ele>
		</trkpt>
		<trkpt lat="45.794711449" lon="4.987662379">
			<ele>176.6</ele>
		</trkpt>
		<trkpt lat="45.792696859" lon="4.984542718">
			<ele>177.6</ele>
		</trkpt>
		<trkpt lat="45.792665427" lon="4.984288411">
			<ele>177.6</ele>
		</trkpt>
		<trkpt lat="45.792158824" lon="4.983288534">
			<ele>178.8</ele>
		</trkpt>
		<trkpt lat="45.792115238" lon="4.983123578">
			<ele>178.8</ele>
		</trkpt>
		<trkpt lat="45.792186401" lon="4.98299391">
			<ele>179.3</ele>
		</trkpt>
		<trkpt lat="45.79359498" lon="4.982780674">
			<ele>175.6</ele>
		</trkpt>
		<trkpt lat="45.793638146" lon="4.981805189">
			<ele>175.1</ele>
		</trkpt>
		<trkpt lat="45.793710063" lon="4.980960125">
			<ele>176.1</ele>
		</trkpt>
		<trkpt lat="45.793624149" lon="4.980666004">
			<ele>176.4</ele>
		</trkpt>
		<trkpt lat="45.793640577" lon="4.980060831">
			<ele>176.7</ele>
		</trkpt>
		<trkpt lat="45.793697993" lon="4.979735864">
			<ele>177.2</ele>
		</trkpt>
		<trkpt lat="45.793800755" lon="4.979511397">
			<ele>177.6</ele>
		</trkpt>
		<trkpt lat="45.794000748" lon="4.97923932">
			<ele>178.3</ele>
		</trkpt>
		<trkpt lat="45.7946138" lon="4.978798432">
			<ele>178.4</ele>
		</trkpt>
		<trkpt lat="45.795351491" lon="4.97852644">
			<ele>175.8</ele>
		</trkpt>
		<trkpt lat="45.795458025" lon="4.978426443">
			<ele>175.9</ele>
		</trkpt>
		<trkpt lat="45.795611666" lon="4.977945071">
			<ele>175.5</ele>
		</trkpt>
		<trkpt lat="45.795824817" lon="4.977834262">
			<ele>175.2</ele>
		</trkpt>
		<trkpt lat="45.796024307" lon="4.977455232">
			<ele>174.5</ele>
		</trkpt>
		<trkpt lat="45.796301412" lon="4.977114676">
			<ele>172.1</ele>
		</trkpt>
		<trkpt lat="45.796536776" lon="4.976447811">
			<ele>177.1</ele>
		</trkpt>
		<trkpt lat="45.796631492" lon="4.976279838">
			<ele>176.7</ele>
		</trkpt>
		<trkpt lat="45.79709828" lon="4.976075236">
			<ele>175.2</ele>
		</trkpt>
		<trkpt lat="45.79719727" lon="4.97594431">
			<ele>172.9</ele>
		</trkpt>
		<trkpt lat="45.797238258" lon="4.975738367">
			<ele>173.2</ele>
		</trkpt>
		<trkpt lat="45.797123845" lon="4.971869951">
			<ele>176.9</ele>
		</trkpt>
		<trkpt lat="45.796813966" lon="4.971185736">
			<ele>177.5</ele>
		</trkpt>
		<trkpt lat="45.796816983" lon="4.970829254">
			<ele>177.3</ele>
		</trkpt>
		<trkpt lat="45.796956039" lon="4.970398843">
			<ele>177.4</ele>
		</trkpt>
		<trkpt lat="45.797135663" lon="4.970161887">
			<ele>176.9</ele>
		</trkpt>
		<trkpt lat="45.797270277" lon="4.970141938">
			<ele>176.4</ele>
		</trkpt>
		<trkpt lat="45.797614689" lon="4.9702188">
			<ele>176</ele>
		</trkpt>
		<trkpt lat="45.797739328" lon="4.97016239">
			<ele>176.1</ele>
		</trkpt>
		<trkpt lat="45.797803869" lon="4.970041104">
			<ele>176.2</ele>
		</trkpt>
		<trkpt lat="45.797904451" lon="4.969126973">
			<ele>175.3</ele>
		</trkpt>
		<trkpt lat="45.797888526" lon="4.968938464">
			<ele>174.5</ele>
		</trkpt>
		<trkpt lat="45.797818621" lon="4.968840312">
			<ele>174.5</ele>
		</trkpt>
		<trkpt lat="45.797539168" lon="4.96869036">
			<ele>174</ele>
		</trkpt>
		<trkpt lat="45.797374464" lon="4.968068255">
			<ele>174</ele>
		</trkpt>
		<trkpt lat="45.797375553" lon="4.967114814">
			<ele>174</ele>
		</trkpt>
		<trkpt lat="45.797703789" lon="4.964727312">
			<ele>176.6</ele>
		</trkpt>
		<trkpt lat="45.798133026" lon="4.964784896">
			<ele>174.6</ele>
		</trkpt>
		<trkpt lat="45.798252971" lon="4.964714991">
			<ele>174.6</ele>
		</trkpt>
		<trkpt lat="45.798348189" lon="4.964568224">
			<ele>173.8</ele>
		</trkpt>
		<trkpt lat="45.798645579" lon="4.962428492">
			<ele>174.6</ele>
		</trkpt>
		<trkpt lat="45.798512726" lon="4.961516624">
			<ele>175.8</ele>
		</trkpt>
		<trkpt lat="45.798531669" lon="4.960392946">
			<ele>174.6</ele>
		</trkpt>
		<trkpt lat="45.798364283" lon="4.956373321">
			<ele>171.8</ele>
		</trkpt>
		<trkpt lat="45.798278284" lon="4.95607635">
			<ele>174.1</ele>
		</trkpt>
		<trkpt lat="45.79798827" lon="4.955696482">
			<ele>174.7</ele>
		</trkpt>
		<trkpt lat="45.797865559" lon="4.955452653">
			<ele>174.6</ele>
		</trkpt>
		<trkpt lat="45.797025274" lon="4.954709178">
			<ele>174.1</ele>
		</trkpt>
		<trkpt lat="45.796918153" lon="4.954501474">
			<ele>174.6</ele>
		</trkpt>
		<trkpt lat="45.796859815" lon="4.951434284">
			<ele>171.9</ele>
		</trkpt>
		<trkpt lat="45.797067183" lon="4.950765911">
			<ele>172.7</ele>
		</trkpt>
		<trkpt lat="45.798241404" lon="4.94865845">
			<ele>175.8</ele>
		</trkpt>
		<trkpt lat="45.798056583" lon="4.94304182">
			<ele>176</ele>
		</trkpt>
		<trkpt lat="45.798120704" lon="4.94211344">
			<ele>176.1</ele>
		</trkpt>
		<trkpt lat="45.798175019" lon="4.942030879">
			<ele>175.9</ele>
		</trkpt>
		<trkpt lat="45.798321786" lon="4.941964662">
			<ele>176.2</ele>
		</trkpt>
		<trkpt lat="45.798461596" lon="4.941841867">
			<ele>176.2</ele>
		</trkpt>
		<trkpt lat="45.798534603" lon="4.941571215">
			<ele>176.4</ele>
		</trkpt>
		<trkpt lat="45.798610375" lon="4.941023206">
			<ele>176.7</ele>
		</trkpt>
		<trkpt lat="45.798605514" lon="4.940920696">
			<ele>176.7</ele>
		</trkpt>
		<trkpt lat="45.798509876" lon="4.940683069">
			<ele>176.8</ele>
		</trkpt>
		<trkpt lat="45.798342909" lon="4.940489614">
			<ele>176.3</ele>
		</trkpt>
		<trkpt lat="45.798003945" lon="4.940316863">
			<ele>175.7</ele>
		</trkpt>
		<trkpt lat="45.797948792" lon="4.939047592">
			<ele>177.3</ele>
		</trkpt>
		<trkpt lat="45.798147275" lon="4.938394725">
			<ele>177.4</ele>
		</trkpt>
		<trkpt lat="45.79828038" lon="4.938200181">
			<ele>177</ele>
		</trkpt>
		<trkpt lat="45.79902595" lon="4.937682096">
			<ele>177.5</ele>
		</trkpt>
		<trkpt lat="45.799620898" lon="4.93744472">
			<ele>179.6</ele>
		</trkpt>
		<trkpt lat="45.799894315" lon="4.937157976">
			<ele>179.4</ele>
		</trkpt>
		<trkpt lat="45.800329504" lon="4.936877182">
			<ele>178.8</ele>
		</trkpt>
		<trkpt lat="45.800528155" lon="4.93688833">
			<ele>178</ele>
		</trkpt>
		<trkpt lat="45.80148168" lon="4.936275948">
			<ele>175.5</ele>
		</trkpt>
		<trkpt lat="45.801974284" lon="4.935704386">
			<ele>176.7</ele>
		</trkpt>
		<trkpt lat="45.802299502" lon="4.935216643">
			<ele>175.4</ele>
		</trkpt>
		<trkpt lat="45.802419364" lon="4.935183199">
			<ele>174</ele>
		</trkpt>
		<trkpt lat="45.802777438" lon="4.934941297">
			<ele>172.7</ele>
		</trkpt>
		<trkpt lat="45.802926636" lon="4.93441198">
			<ele>172.1</ele>
		</trkpt>
		<trkpt lat="45.803088658" lon="4.934305614">
			<ele>171.4</ele>
		</trkpt>
		<trkpt lat="45.803154037" lon="4.93420478">
			<ele>171.4</ele>
		</trkpt>
		<trkpt lat="45.803134256" lon="4.934030185">
			<ele>171.4</ele>
		</trkpt>
		<trkpt lat="45.803185721" lon="4.933916861">
			<ele>170.8</ele>
		</trkpt>
		<trkpt lat="45.803054879" lon="4.933188725">
			<ele>171.1</ele>
		</trkpt>
		<trkpt lat="45.803016155" lon="4.932642309">
			<ele>171.4</ele>
		</trkpt>
		<trkpt lat="45.80222901" lon="4.928141814">
			<ele>170.6</ele>
		</trkpt>
		<trkpt lat="45.802195818" lon="4.927255511">
			<ele>170.5</ele>
		</trkpt>
		<trkpt lat="45.801874288" lon="4.926214144">
			<ele>170.2</ele>
		</trkpt>
		<trkpt lat="45.801663148" lon="4.925980037">
			<ele>171.5</ele>
		</trkpt>
		<trkpt lat="45.80146676" lon="4.926043069">
			<ele>173.5</ele>
		</trkpt>
		<trkpt lat="45.801325022" lon="4.926689565">
			<ele>175.4</ele>
		</trkpt>
		<trkpt lat="45.800667797" lon="4.927016962">
			<ele>178.2</ele>
		</trkpt>
		<trkpt lat="45.799458289" lon="4.927229779">
			<ele>175.6</ele>
		</trkpt>
		<trkpt lat="45.798276692" lon="4.926815797">
			<ele>174.2</ele>
		</trkpt>
		<trkpt lat="45.797151756" lon="4.925869312">
			<ele>171.5</ele>
		</trkpt>
		<trkpt lat="45.795512927" lon="4.925156683">
			<ele>171.7</ele>
		</trkpt>
		<trkpt lat="45.794607094" lon="4.923919933">
			<ele>171.8</ele>
		</trkpt>
		<trkpt lat="45.794397547" lon="4.922362072">
			<ele>172.1</ele>
		</trkpt>
		<trkpt lat="45.7912975" lon="4.909560224">
			<ele>171.3</ele>
		</trkpt>
		<trkpt lat="45.791162719" lon="4.908238985">
			<ele>169.6</ele>
		</trkpt>
		<trkpt lat="45.791375284" lon="4.904357074">
			<ele>171.5</ele>
		</trkpt>
		<trkpt lat="45.791020646" lon="4.903133148">
			<ele>173.4</ele>
		</trkpt>
		<trkpt lat="45.790602556" lon="4.902444743">
			<ele>174.6</ele>
		</trkpt>
		<trkpt lat="45.790251438" lon="4.902122542">
			<ele>175</ele>
		</trkpt>
		<trkpt lat="45.789772161" lon="4.901441345">
			<ele>172.9</ele>
		</trkpt>
		<trkpt lat="45.789295063" lon="4.900163272">
			<ele>169.7</ele>
		</trkpt>
		<trkpt lat="45.788692153" lon="4.897254752">
			<ele>170.7</ele>
		</trkpt>
		<trkpt lat="45.788994572" lon="4.895750452">
			<ele>168.5</ele>
		</trkpt>
		<trkpt lat="45.78839074" lon="4.894821653">
			<ele>168.5</ele>
		</trkpt>
		<trkpt lat="45.787921605" lon="4.89364123">
			<ele>168.5</ele>
		</trkpt>
		<trkpt lat="45.787643074" lon="4.892376987">
			<ele>168.5</ele>
		</trkpt>
		<trkpt lat="45.787628238" lon="4.892138019">
			<ele>168.5</ele>
		</trkpt>
		<trkpt lat="45.787581886" lon="4.89197759">
			<ele>168.5</ele>
		</trkpt>
		<trkpt lat="45.787490188" lon="4.891916653">
			<ele>168.5</ele>
		</trkpt>
		<trkpt lat="45.786884596" lon="4.892502967">
			<ele>168.8</ele>
		</trkpt>
		<trkpt lat="45.786553427" lon="4.892745037">
			<ele>169.1</ele>
		</trkpt>
		<trkpt lat="45.78625084" lon="4.893120462">
			<ele>170.1</ele>
		</trkpt>
		<trkpt lat="45.784132146" lon="4.894230897">
			<ele>170.8</ele>
		</trkpt>
		<trkpt lat="45.784362146" lon="4.89505752">
			<ele>173.9</ele>
		</trkpt>
		<trkpt lat="45.784399948" lon="4.895297829">
			<ele>173.6</ele>
		</trkpt>
		<trkpt lat="45.784437667" lon="4.895357005">
			<ele>173.6</ele>
		</trkpt>
		<trkpt lat="45.784448144" lon="4.895420456">
			<ele>173.6</ele>
		</trkpt>
		<trkpt lat="45.784400032" lon="4.895442082">
			<ele>173.6</ele>
		</trkpt>
		<trkpt lat="45.784086465" lon="4.894774295">
			<ele>173.5</ele>
		</trkpt>
		<trkpt lat="45.783561506" lon="4.89255066">
			<ele>171.3</ele>
		</trkpt>
		<trkpt lat="45.783565949" lon="4.892377071">
			<ele>171.9</ele>
		</trkpt>
		<trkpt lat="45.783650103" lon="4.892134247">
			<ele>172.6</ele>
		</trkpt>
		<trkpt lat="45.7842277" lon="4.891607864">
			<ele>173.5</ele>
		</trkpt>
		<trkpt lat="45.784287547" lon="4.891646421">
			<ele>173.5</ele>
		</trkpt>
		<trkpt lat="45.784270867" lon="4.891751194">
			<ele>173.2</ele>
		</trkpt>
		<trkpt lat="45.784072383" lon="4.8919247">
			<ele>173.1</ele>
		</trkpt>
		<trkpt lat="45.783996192" lon="4.892066773">
			<ele>172.4</ele>
		</trkpt>
		<trkpt lat="45.784183527" lon="4.892254611">
			<ele>171.7</ele>
		</trkpt>
		<trkpt lat="45.784366169" lon="4.892122848">
			<ele>172.6</ele>
		</trkpt>
		<trkpt lat="45.784472452" lon="4.892187053">
			<ele>172.8</ele>
		</trkpt>
		<trkpt lat="45.78445837" lon="4.892504308">
			<ele>170</ele>
		</trkpt>
		<trkpt lat="45.785982703" lon="4.891652036">
			<ele>174.1</ele>
		</trkpt>
		<trkpt lat="45.786983418" lon="4.890822899">
			<ele>171.6</ele>
		</trkpt>
		<trkpt lat="45.787690599" lon="4.890017146">
			<ele>169.2</ele>
		</trkpt>
		<trkpt lat="45.788526946" lon="4.888561126">
			<ele>168.2</ele>
		</trkpt>
		<trkpt lat="45.789226918" lon="4.887132179">
			<ele>169.2</ele>
		</trkpt>
		<trkpt lat="45.79171165" lon="4.884907287">
			<ele>168.2</ele>
		</trkpt>
		<trkpt lat="45.792428722" lon="4.883783692">
			<ele>169</ele>
		</trkpt>
		<trkpt lat="45.792868101" lon="4.883221015">
			<ele>167.7</ele>
		</trkpt>
		<trkpt lat="45.792977736" lon="4.882930331">
			<ele>167.7</ele>
		</trkpt>
		<trkpt lat="45.793042696" lon="4.882300431">
			<ele>167.1</ele>
		</trkpt>
		<trkpt lat="45.793045462" lon="4.881588472">
			<ele>167</ele>
		</trkpt>
		<trkpt lat="45.792879165" lon="4.881053036">
			<ele>167</ele>
		</trkpt>
		<trkpt lat="45.788680502" lon="4.877285371">
			<ele>167.9</ele>
		</trkpt>
		<trkpt lat="45.787244598" lon="4.876041915">
			<ele>173.4</ele>
		</trkpt>
		<trkpt lat="45.787113589" lon="4.875842258">
			<ele>173.6</ele>
		</trkpt>
		<trkpt lat="45.787054413" lon="4.875594908">
			<ele>173.5</ele>
		</trkpt>
		<trkpt lat="45.786831287" lon="4.873629687">
			<ele>171.2</ele>
		</trkpt>
		<trkpt lat="45.786752245" lon="4.873309331">
			<ele>172.3</ele>
		</trkpt>
		<trkpt lat="45.786599192" lon="4.87300314">
			<ele>173</ele>
		</trkpt>
		<trkpt lat="45.785285161" lon="4.865218112">
			<ele>172.1</ele>
		</trkpt>
		<trkpt lat="45.785269487" lon="4.864922483">
			<ele>171.9</ele>
		</trkpt>
		<trkpt lat="45.785340062" lon="4.864681168">
			<ele>171.2</ele>
		</trkpt>
		<trkpt lat="45.785611468" lon="4.864232484">
			<ele>170.1</ele>
		</trkpt>
		<trkpt lat="45.785741555" lon="4.863749687">
			<ele>167.6</ele>
		</trkpt>
		<trkpt lat="45.786102396" lon="4.86026994">
			<ele>164.5</ele>
		</trkpt>
		<trkpt lat="45.786239357" lon="4.859401742">
			<ele>164.5</ele>
		</trkpt>
		<trkpt lat="45.786330049" lon="4.857656211">
			<ele>164.5</ele>
		</trkpt>
		<trkpt lat="45.786301299" lon="4.856087957">
			<ele>164</ele>
		</trkpt>
		<trkpt lat="45.786120753" lon="4.854813656">
			<ele>164</ele>
		</trkpt>
		<trkpt lat="45.785912546" lon="4.853648068">
			<ele>164</ele>
		</trkpt>
		<trkpt lat="45.785610798" lon="4.852581052">
			<ele>164</ele>
		</trkpt>
		<trkpt lat="45.785013671" lon="4.850961417">
			<ele>163.5</ele>
		</trkpt>
		<trkpt lat="45.784490808" lon="4.849808402">
			<ele>163.6</ele>
		</trkpt>
		<trkpt lat="45.783207119" lon="4.847908812">
			<ele>164.4</ele>
		</trkpt>
		<trkpt lat="45.782522066" lon="4.847184783">
			<ele>163.6</ele>
		</trkpt>
		<trkpt lat="45.781530655" lon="4.846464526">
			<ele>167.2</ele>
		</trkpt>
		<trkpt lat="45.779722259" lon="4.84483039">
			<ele>164.7</ele>
		</trkpt>
		<trkpt lat="45.777916043" lon="4.843650805">
			<ele>163.9</ele>
		</trkpt>
		<trkpt lat="45.777747315" lon="4.843615433">
			<ele>164.3</ele>
		</trkpt>
		<trkpt lat="45.777138873" lon="4.84368802">
			<ele>167.1</ele>
		</trkpt>
		<trkpt lat="45.776752048" lon="4.843540499">
			<ele>169.5</ele>
		</trkpt>
		<trkpt lat="45.772690094" lon="4.84080012">
			<ele>163.1</ele>
		</trkpt>
		<trkpt lat="45.772132278" lon="4.840714708">
			<ele>162.3</ele>
		</trkpt>
		<trkpt lat="45.768380706" lon="4.840656957">
			<ele>165.2</ele>
		</trkpt>
		<trkpt lat="45.765669831" lon="4.841015283">
			<ele>169.5</ele>
		</trkpt>
		<trkpt lat="45.76388633" lon="4.840958035">
			<ele>164.8</ele>
		</trkpt>
		<trkpt lat="45.761431438" lon="4.84075469">
			<ele>168.4</ele>
		</trkpt>
		<trkpt lat="45.759254239" lon="4.84053785">
			<ele>169</ele>
		</trkpt>
		<trkpt lat="45.758114719" lon="4.840208273">
			<ele>164.1</ele>
		</trkpt>
		<trkpt lat="45.757290526" lon="4.839865202">
			<ele>160.6</ele>
		</trkpt>
		<trkpt lat="45.756458287" lon="4.83942884">
			<ele>160.7</ele>
		</trkpt>
	</trkseg>
</trk>
<trk>
	<name>16: Givors – Vienne (Developed + Signed)</name>
	<desc>Developed + Signed</desc>
	<trkseg>
		<trkpt lat="45.580577292" lon="4.778942009">
			<ele>160</ele>
		</trkpt>
		<trkpt lat="45.58016507" lon="4.779818589">
			<ele>160.4</ele>
		</trkpt>
		<trkpt lat="45.578514255" lon="4.784802552">
			<ele>152.7</ele>
		</trkpt>
		<trkpt lat="45.578038917" lon="4.786348678">
			<ele>150.6</ele>
		</trkpt>
		<trkpt lat="45.577526447" lon="4.787458191">
			<ele>154.5</ele>
		</trkpt>
		<trkpt lat="45.57621996" lon="4.789390974">
			<ele>157.9</ele>
		</trkpt>
		<trkpt lat="45.574315675" lon="4.791742433">
			<ele>160.5</ele>
		</trkpt>
		<trkpt lat="45.572258673" lon="4.794192631">
			<ele>162</ele>
		</trkpt>
		<trkpt lat="45.572135375" lon="4.794214675">
			<ele>162.8</ele>
		</trkpt>
		<trkpt lat="45.57190856" lon="4.793663649">
			<ele>165</ele>
		</trkpt>
		<trkpt lat="45.571778892" lon="4.793503555">
			<ele>167</ele>
		</trkpt>
		<trkpt lat="45.571646542" lon="4.79342334">
			<ele>167</ele>
		</trkpt>
		<trkpt lat="45.571217389" lon="4.793555774">
			<ele>169.1</ele>
		</trkpt>
		<trkpt lat="45.571001219" lon="4.793741601">
			<ele>168.2</ele>
		</trkpt>
		<trkpt lat="45.570194964" lon="4.79468029">
			<ele>167.7</ele>
		</trkpt>
		<trkpt lat="45.569394828" lon="4.795299461">
			<ele>169</ele>
		</trkpt>
		<trkpt lat="45.568670967" lon="4.795724172">
			<ele>168.7</ele>
		</trkpt>
		<trkpt lat="45.567825484" lon="4.796327753">
			<ele>169.3</ele>
		</trkpt>
		<trkpt lat="45.567003974" lon="4.79680527">
			<ele>170</ele>
		</trkpt>
		<trkpt lat="45.566089173" lon="4.797589397">
			<ele>170.8</ele>
		</trkpt>
		<trkpt lat="45.565787089" lon="4.799470715">
			<ele>164.2</ele>
		</trkpt>
		<trkpt lat="45.565415016" lon="4.800070273">
			<ele>162.8</ele>
		</trkpt>
		<trkpt lat="45.56501696" lon="4.800576372">
			<ele>162.8</ele>
		</trkpt>
		<trkpt lat="45.563736792" lon="4.80196693">
			<ele>159.8</ele>
		</trkpt>
		<trkpt lat="45.563407718" lon="4.802308241">
			<ele>159.5</ele>
		</trkpt>
		<trkpt lat="45.563205714" lon="4.802446375">
			<ele>159.6</ele>
		</trkpt>
		<trkpt lat="45.562924166" lon="4.802766647">
			<ele>160</ele>
		</trkpt>
		<trkpt lat="45.56277589" lon="4.803094883">
			<ele>160.1</ele>
		</trkpt>
		<trkpt lat="45.562613617" lon="4.803928882">
			<ele>160.4</ele>
		</trkpt>
		<trkpt lat="45.562486295" lon="4.804201294">
			<ele>160.5</ele>
		</trkpt>
		<trkpt lat="45.56240474" lon="4.804301457">
			<ele>160.5</ele>
		</trkpt>
		<trkpt lat="45.562190582" lon="4.804359293">
			<ele>160.5</ele>
		</trkpt>
		<trkpt lat="45.561950776" lon="4.804321993">
			<ele>161.3</ele>
		</trkpt>
		<trkpt lat="45.561764027" lon="4.804423163">
			<ele>161.1</ele>
		</trkpt>
		<trkpt lat="45.561035137" lon="4.805008639">
			<ele>160.3</ele>
		</trkpt>
		<trkpt lat="45.560318232" lon="4.805484898">
			<ele>161.1</ele>
		</trkpt>
		<trkpt lat="45.559872399" lon="4.805532591">
			<ele>167.8</ele>
		</trkpt>
		<trkpt lat="45.559766536" lon="4.805595707">
			<ele>167.8</ele>
		</trkpt>
		<trkpt lat="45.559767458" lon="4.805684472">
			<ele>167.8</ele>
		</trkpt>
		<trkpt lat="45.55991347" lon="4.805900306">
			<ele>163.9</ele>
		</trkpt>
		<trkpt lat="45.560025955" lon="4.80628537">
			<ele>161.9</ele>
		</trkpt>
		<trkpt lat="45.560093178" lon="4.8066328">
			<ele>160.9</ele>
		</trkpt>
		<trkpt lat="45.560025117" lon="4.806727264">
			<ele>160.9</ele>
		</trkpt>
		<trkpt lat="45.560031404" lon="4.806768252">
			<ele>160.9</ele>
		</trkpt>
		<trkpt lat="45.560538928" lon="4.808522752">
			<ele>156.9</ele>
		</trkpt>
		<trkpt lat="45.560665243" lon="4.808818046">
			<ele>156.8</ele>
		</trkpt>
		<trkpt lat="45.561066904" lon="4.80944694">
			<ele>157.2</ele>
		</trkpt>
		<trkpt lat="45.561056762" lon="4.810540024">
			<ele>155.5</ele>
		</trkpt>
		<trkpt lat="45.561281984" lon="4.811425908">
			<ele>153.3</ele>
		</trkpt>
		<trkpt lat="45.561372257" lon="4.811682813">
			<ele>154.3</ele>
		</trkpt>
		<trkpt lat="45.561410311" lon="4.811931085">
			<ele>155.1</ele>
		</trkpt>
		<trkpt lat="45.561395726" lon="4.812050778">
			<ele>155.1</ele>
		</trkpt>
		<trkpt lat="45.560799521" lon="4.812535504">
			<ele>155.5</ele>
		</trkpt>
		<trkpt lat="45.559505104" lon="4.813438235">
			<ele>155.5</ele>
		</trkpt>
		<trkpt lat="45.557121291" lon="4.815010428">
			<ele>155.3</ele>
		</trkpt>
		<trkpt lat="45.556007336" lon="4.815803356">
			<ele>154.8</ele>
		</trkpt>
		<trkpt lat="45.555617242" lon="4.816141734">
			<ele>156</ele>
		</trkpt>
		<trkpt lat="45.555208038" lon="4.81659486">
			<ele>155.5</ele>
		</trkpt>
		<trkpt lat="45.554665477" lon="4.817319475">
			<ele>157</ele>
		</trkpt>
		<trkpt lat="45.553692506" lon="4.819227867">
			<ele>155.7</ele>
		</trkpt>
		<trkpt lat="45.55330719" lon="4.819785682">
			<ele>156.5</ele>
		</trkpt>
		<trkpt lat="45.552241263" lon="4.820837025">
			<ele>157.2</ele>
		</trkpt>
		<trkpt lat="45.551952087" lon="4.821247151">
			<ele>159</ele>
		</trkpt>
		<trkpt lat="45.551897018" lon="4.821397774">
			<ele>157.9</ele>
		</trkpt>
		<trkpt lat="45.551887798" lon="4.821587121">
			<ele>157.9</ele>
		</trkpt>
		<trkpt lat="45.551565933" lon="4.82222666">
			<ele>156.6</ele>
		</trkpt>
		<trkpt lat="45.551340292" lon="4.82261952">
			<ele>156.3</ele>
		</trkpt>
		<trkpt lat="45.550809215" lon="4.823388057">
			<ele>155.3</ele>
		</trkpt>
		<trkpt lat="45.55045642" lon="4.823803129">
			<ele>155.2</ele>
		</trkpt>
		<trkpt lat="45.550056855" lon="4.824194564">
			<ele>155.4</ele>
		</trkpt>
		<trkpt lat="45.548070428" lon="4.825940765">
			<ele>154.5</ele>
		</trkpt>
		<trkpt lat="45.547078346" lon="4.826916838">
			<ele>156.1</ele>
		</trkpt>
		<trkpt lat="45.546920012" lon="4.827211211">
			<ele>155.1</ele>
		</trkpt>
		<trkpt lat="45.546819932" lon="4.827561574">
			<ele>154.8</ele>
		</trkpt>
		<trkpt lat="45.54673343" lon="4.828911815">
			<ele>154.5</ele>
		</trkpt>
		<trkpt lat="45.546639805" lon="4.829296377">
			<ele>154.1</ele>
		</trkpt>
		<trkpt lat="45.545557366" lon="4.830788858">
			<ele>150.2</ele>
		</trkpt>
		<trkpt lat="45.544165551" lon="4.8329705">
			<ele>149.4</ele>
		</trkpt>
		<trkpt lat="45.54379792" lon="4.833623115">
			<ele>148.6</ele>
		</trkpt>
		<trkpt lat="45.54336248" lon="4.834457869">
			<ele>148.7</ele>
		</trkpt>
		<trkpt lat="45.542780106" lon="4.835743485">
			<ele>148.2</ele>
		</trkpt>
		<trkpt lat="45.542252884" lon="4.837138988">
			<ele>148.2</ele>
		</trkpt>
		<trkpt lat="45.541792047" lon="4.838549495">
			<ele>150</ele>
		</trkpt>
		<trkpt lat="45.541514941" lon="4.839586755">
			<ele>148.9</ele>
		</trkpt>
		<trkpt lat="45.541371862" lon="4.84033484">
			<ele>148.4</ele>
		</trkpt>
		<trkpt lat="45.541070365" lon="4.84162691">
			<ele>148.1</ele>
		</trkpt>
		<trkpt lat="45.540685133" lon="4.843138838">
			<ele>148.8</ele>
		</trkpt>
		<trkpt lat="45.540479357" lon="4.844226222">
			<ele>150.8</ele>
		</trkpt>
		<trkpt lat="45.540225469" lon="4.846040653">
			<ele>148.5</ele>
		</trkpt>
		<trkpt lat="45.539644184" lon="4.851377914">
			<ele>148.3</ele>
		</trkpt>
		<trkpt lat="45.539474283" lon="4.85321464">
			<ele>147.6</ele>
		</trkpt>
		<trkpt lat="45.539257527" lon="4.854537304">
			<ele>147.5</ele>
		</trkpt>
		<trkpt lat="45.539174714" lon="4.854827737">
			<ele>147.5</ele>
		</trkpt>
		<trkpt lat="45.539060301" lon="4.854832515">
			<ele>147.5</ele>
		</trkpt>
		<trkpt lat="45.538355132" lon="4.854663955">
			<ele>149.8</ele>
		</trkpt>
		<trkpt lat="45.53830484" lon="4.854689017">
			<ele>149.8</ele>
		</trkpt>
		<trkpt lat="45.538105351" lon="4.856197676">
			<ele>147.9</ele>
		</trkpt>
		<trkpt lat="45.537924553" lon="4.857167378">
			<ele>148.2</ele>
		</trkpt>
		<trkpt lat="45.537404121" lon="4.860824738">
			<ele>147</ele>
		</trkpt>
		<trkpt lat="45.537113269" lon="4.861824112">
			<ele>147.1</ele>
		</trkpt>
		<trkpt lat="45.536559309" lon="4.863271164">
			<ele>147.2</ele>
		</trkpt>
		<trkpt lat="45.536245658" lon="4.864378581">
			<ele>147.1</ele>
		</trkpt>
		<trkpt lat="45.535877525" lon="4.865460098">
			<ele>147.1</ele>
		</trkpt>
		<trkpt lat="45.535324487" lon="4.866816038">
			<ele>147.1</ele>
		</trkpt>
		<trkpt lat="45.534788632" lon="4.867892442">
			<ele>147.1</ele>
		</trkpt>
		<trkpt lat="45.534254621" lon="4.868722251">
			<ele>146.8</ele>
		</trkpt>
		<trkpt lat="45.533411234" lon="4.869894208">
			<ele>146.6</ele>
		</trkpt>
		<trkpt lat="45.533064474" lon="4.870283715">
			<ele>146.8</ele>
		</trkpt>
		<trkpt lat="45.531655057" lon="4.871456763">
			<ele>146.5</ele>
		</trkpt>
		<trkpt lat="45.531379209" lon="4.871614845">
			<ele>146.8</ele>
		</trkpt>
		<trkpt lat="45.531047453" lon="4.871702688">
			<ele>146.9</ele>
		</trkpt>
		<trkpt lat="45.530512017" lon="4.871710483">
			<ele>147</ele>
		</trkpt>
		<trkpt lat="45.529069072" lon="4.87140907">
			<ele>151.1</ele>
		</trkpt>
		<trkpt lat="45.528485776" lon="4.87120497">
			<ele>149.2</ele>
		</trkpt>
		<trkpt lat="45.526749381" lon="4.870085986">
			<ele>155.6</ele>
		</trkpt>
		<trkpt lat="45.525435182" lon="4.869029699">
			<ele>153.8</ele>
		</trkpt>
	</trkseg>
</trk>
<trk>
	<name>17: Vienne – Sablons (Developed + Signed)</name>
	<desc>Developed + Signed</desc>
	<trkseg>
		<trkpt lat="45.525435201" lon="4.869029733">
			<ele>153.8</ele>
		</trkpt>
		<trkpt lat="45.524006335" lon="4.868033884">
			<ele>150.8</ele>
		</trkpt>
		<trkpt lat="45.522602223" lon="4.865986045">
			<ele>154.9</ele>
		</trkpt>
		<trkpt lat="45.52052155" lon="4.863760896">
			<ele>152.2</ele>
		</trkpt>
		<trkpt lat="45.519023541" lon="4.861994742">
			<ele>154.4</ele>
		</trkpt>
		<trkpt lat="45.5175659" lon="4.860426706">
			<ele>146.4</ele>
		</trkpt>
		<trkpt lat="45.515286881" lon="4.857591023">
			<ele>149.2</ele>
		</trkpt>
		<trkpt lat="45.514423866" lon="4.856457089">
			<ele>154.7</ele>
		</trkpt>
		<trkpt lat="45.514093977" lon="4.855841441">
			<ele>151.9</ele>
		</trkpt>
		<trkpt lat="45.513052197" lon="4.853509662">
			<ele>158.1</ele>
		</trkpt>
		<trkpt lat="45.512799544" lon="4.853223274">
			<ele>156.5</ele>
		</trkpt>
		<trkpt lat="45.512275349" lon="4.853484964">
			<ele>149.5</ele>
		</trkpt>
		<trkpt lat="45.505200498" lon="4.843988074">
			<ele>146.5</ele>
		</trkpt>
		<trkpt lat="45.502180975" lon="4.84031402">
			<ele>148.6</ele>
		</trkpt>
		<trkpt lat="45.501677138" lon="4.839326683">
			<ele>150.1</ele>
		</trkpt>
		<trkpt lat="45.501433539" lon="4.838776376">
			<ele>148.1</ele>
		</trkpt>
		<trkpt lat="45.501909986" lon="4.838299101">
			<ele>150.4</ele>
		</trkpt>
		<trkpt lat="45.501467241" lon="4.837299925">
			<ele>148.7</ele>
		</trkpt>
		<trkpt lat="45.500775612" lon="4.834459464">
			<ele>147.2</ele>
		</trkpt>
		<trkpt lat="45.500041398" lon="4.831768103">
			<ele>148.5</ele>
		</trkpt>
		<trkpt lat="45.496689424" lon="4.825876254">
			<ele>149.2</ele>
		</trkpt>
		<trkpt lat="45.497642276" lon="4.824709425">
			<ele>155.7</ele>
		</trkpt>
		<trkpt lat="45.497138519" lon="4.823784972">
			<ele>154.2</ele>
		</trkpt>
		<trkpt lat="45.496908884" lon="4.823181627">
			<ele>157.5</ele>
		</trkpt>
		<trkpt lat="45.496537816" lon="4.822687131">
			<ele>153.7</ele>
		</trkpt>
		<trkpt lat="45.495901952" lon="4.822301034">
			<ele>148.3</ele>
		</trkpt>
		<trkpt lat="45.494486281" lon="4.821319517">
			<ele>145.6</ele>
		</trkpt>
		<trkpt lat="45.493832877" lon="4.8209245">
			<ele>145.1</ele>
		</trkpt>
		<trkpt lat="45.492805477" lon="4.819524305">
			<ele>149.4</ele>
		</trkpt>
		<trkpt lat="45.492072544" lon="4.818739082">
			<ele>149.6</ele>
		</trkpt>
		<trkpt lat="45.49110503" lon="4.818111653">
			<ele>148.1</ele>
		</trkpt>
		<trkpt lat="45.487333019" lon="4.815136811">
			<ele>147.6</ele>
		</trkpt>
		<trkpt lat="45.485932254" lon="4.812491676">
			<ele>149.7</ele>
		</trkpt>
		<trkpt lat="45.486922867" lon="4.811450443">
			<ele>150.7</ele>
		</trkpt>
		<trkpt lat="45.486495569" lon="4.810727339">
			<ele>150.9</ele>
		</trkpt>
		<trkpt lat="45.486366954" lon="4.81004237">
			<ele>150.8</ele>
		</trkpt>
		<trkpt lat="45.486602927" lon="4.807780759">
			<ele>149.7</ele>
		</trkpt>
		<trkpt lat="45.48645891" lon="4.806811614">
			<ele>148.9</ele>
		</trkpt>
		<trkpt lat="45.485909323" lon="4.80500669">
			<ele>147.4</ele>
		</trkpt>
		<trkpt lat="45.485319363" lon="4.803228842">
			<ele>148.2</ele>
		</trkpt>
		<trkpt lat="45.484971335" lon="4.802536772">
			<ele>148.2</ele>
		</trkpt>
		<trkpt lat="45.484074536" lon="4.799983189">
			<ele>146.9</ele>
		</trkpt>
		<trkpt lat="45.48343553" lon="4.798771172">
			<ele>146.7</ele>
		</trkpt>
		<trkpt lat="45.483302746" lon="4.7983414">
			<ele>146.7</ele>
		</trkpt>
		<trkpt lat="45.483473671" lon="4.796389782">
			<ele>148.1</ele>
		</trkpt>
		<trkpt lat="45.48380092" lon="4.79464176">
			<ele>150.4</ele>
		</trkpt>
		<trkpt lat="45.483592438" lon="4.793954272">
			<ele>150.4</ele>
		</trkpt>
		<trkpt lat="45.483266079" lon="4.791901489">
			<ele>151.9</ele>
		</trkpt>
		<trkpt lat="45.483006301" lon="4.789425411">
			<ele>153.3</ele>
		</trkpt>
		<trkpt lat="45.482837658" lon="4.788739236">
			<ele>152.7</ele>
		</trkpt>
		<trkpt lat="45.48124408" lon="4.788574457">
			<ele>146.7</ele>
		</trkpt>
		<trkpt lat="45.480569647" lon="4.788325834">
			<ele>145.8</ele>
		</trkpt>
		<trkpt lat="45.480826695" lon="4.787071792">
			<ele>149.6</ele>
		</trkpt>
		<trkpt lat="45.48043305" lon="4.785626952">
			<ele>149.2</ele>
		</trkpt>
		<trkpt lat="45.479593107" lon="4.784493819">
			<ele>148.6</ele>
		</trkpt>
		<trkpt lat="45.479279437" lon="4.784143393">
			<ele>149</ele>
		</trkpt>
		<trkpt lat="45.47944934" lon="4.783496512">
			<ele>152.7</ele>
		</trkpt>
		<trkpt lat="45.47923988" lon="4.782865808">
			<ele>157.8</ele>
		</trkpt>
		<trkpt lat="45.478214588" lon="4.782095497">
			<ele>158.3</ele>
		</trkpt>
		<trkpt lat="45.476744693" lon="4.781679644">
			<ele>153.9</ele>
		</trkpt>
		<trkpt lat="45.476697921" lon="4.780855678">
			<ele>163.3</ele>
		</trkpt>
		<trkpt lat="45.476223351" lon="4.780585206">
			<ele>159.6</ele>
		</trkpt>
		<trkpt lat="45.475790908" lon="4.780174302">
			<ele>160.1</ele>
		</trkpt>
		<trkpt lat="45.475317684" lon="4.779818812">
			<ele>162.4</ele>
		</trkpt>
		<trkpt lat="45.472188042" lon="4.778072725">
			<ele>154.6</ele>
		</trkpt>
		<trkpt lat="45.471466989" lon="4.777556829">
			<ele>152.4</ele>
		</trkpt>
		<trkpt lat="45.471242305" lon="4.777524241">
			<ele>150.9</ele>
		</trkpt>
		<trkpt lat="45.471003441" lon="4.777709653">
			<ele>149.4</ele>
		</trkpt>
		<trkpt lat="45.47077747" lon="4.777758312">
			<ele>148.2</ele>
		</trkpt>
		<trkpt lat="45.470591163" lon="4.777559282">
			<ele>148.3</ele>
		</trkpt>
		<trkpt lat="45.469821725" lon="4.778510456">
			<ele>143.6</ele>
		</trkpt>
		<trkpt lat="45.467393598" lon="4.778911392">
			<ele>144.5</ele>
		</trkpt>
		<trkpt lat="45.466033243" lon="4.7771532">
			<ele>146.3</ele>
		</trkpt>
		<trkpt lat="45.465064406" lon="4.778412824">
			<ele>146.9</ele>
		</trkpt>
		<trkpt lat="45.464920314" lon="4.778691767">
			<ele>147.3</ele>
		</trkpt>
		<trkpt lat="45.46490908" lon="4.779400278">
			<ele>145.2</ele>
		</trkpt>
		<trkpt lat="45.464173909" lon="4.779206597">
			<ele>147.7</ele>
		</trkpt>
		<trkpt lat="45.46365585" lon="4.779161655">
			<ele>147.9</ele>
		</trkpt>
		<trkpt lat="45.460841813" lon="4.776689898">
			<ele>147.1</ele>
		</trkpt>
		<trkpt lat="45.460505926" lon="4.776480698">
			<ele>147.3</ele>
		</trkpt>
		<trkpt lat="45.460352022" lon="4.774859668">
			<ele>146</ele>
		</trkpt>
		<trkpt lat="45.459833293" lon="4.773595607">
			<ele>146.6</ele>
		</trkpt>
		<trkpt lat="45.459604286" lon="4.772936193">
			<ele>146.3</ele>
		</trkpt>
		<trkpt lat="45.459438238" lon="4.772080324">
			<ele>146.2</ele>
		</trkpt>
		<trkpt lat="45.45890695" lon="4.77160975">
			<ele>146.8</ele>
		</trkpt>
		<trkpt lat="45.457861195" lon="4.770867728">
			<ele>143.8</ele>
		</trkpt>
		<trkpt lat="45.457803327" lon="4.769476573">
			<ele>144.4</ele>
		</trkpt>
		<trkpt lat="45.457932904" lon="4.767657243">
			<ele>143.5</ele>
		</trkpt>
		<trkpt lat="45.458269587" lon="4.765210358">
			<ele>142.6</ele>
		</trkpt>
		<trkpt lat="45.457950193" lon="4.761482478">
			<ele>142.1</ele>
		</trkpt>
		<trkpt lat="45.458696284" lon="4.760846323">
			<ele>146</ele>
		</trkpt>
		<trkpt lat="45.458303875" lon="4.759949064">
			<ele>145.9</ele>
		</trkpt>
		<trkpt lat="45.457833735" lon="4.759934146">
			<ele>145.2</ele>
		</trkpt>
		<trkpt lat="45.457476262" lon="4.759826811">
			<ele>144.7</ele>
		</trkpt>
		<trkpt lat="45.457281606" lon="4.759454698">
			<ele>143.6</ele>
		</trkpt>
		<trkpt lat="45.456787467" lon="4.757573852">
			<ele>141.5</ele>
		</trkpt>
		<trkpt lat="45.456051122" lon="4.7556596">
			<ele>144.2</ele>
		</trkpt>
		<trkpt lat="45.455756406" lon="4.755000165">
			<ele>147.4</ele>
		</trkpt>
		<trkpt lat="45.454983002" lon="4.754343514">
			<ele>145.9</ele>
		</trkpt>
		<trkpt lat="45.454320039" lon="4.75416991">
			<ele>145.1</ele>
		</trkpt>
		<trkpt lat="45.450647076" lon="4.753977171">
			<ele>142.1</ele>
		</trkpt>
		<trkpt lat="45.449770988" lon="4.753814338">
			<ele>144.9</ele>
		</trkpt>
		<trkpt lat="45.448010823" lon="4.753861961">
			<ele>141.3</ele>
		</trkpt>
		<trkpt lat="45.444811681" lon="4.754934612">
			<ele>142.2</ele>
		</trkpt>
		<trkpt lat="45.444177975" lon="4.754946371">
			<ele>144</ele>
		</trkpt>
		<trkpt lat="45.443856733" lon="4.754994457">
			<ele>145</ele>
		</trkpt>
		<trkpt lat="45.443127745" lon="4.755617292">
			<ele>143.2</ele>
		</trkpt>
		<trkpt lat="45.44261935" lon="4.755717702">
			<ele>143.6</ele>
		</trkpt>
		<trkpt lat="45.442271788" lon="4.755542606">
			<ele>145.7</ele>
		</trkpt>
		<trkpt lat="45.442007335" lon="4.755296031">
			<ele>146.2</ele>
		</trkpt>
		<trkpt lat="45.441489342" lon="4.755295562">
			<ele>146.4</ele>
		</trkpt>
		<trkpt lat="45.441289154" lon="4.75546657">
			<ele>147.1</ele>
		</trkpt>
		<trkpt lat="45.440901098" lon="4.756330427">
			<ele>146.3</ele>
		</trkpt>
		<trkpt lat="45.44062484" lon="4.756599613">
			<ele>144.8</ele>
		</trkpt>
		<trkpt lat="45.440160115" lon="4.756767561">
			<ele>143.9</ele>
		</trkpt>
		<trkpt lat="45.439405719" lon="4.756632549">
			<ele>145.4</ele>
		</trkpt>
		<trkpt lat="45.43890975" lon="4.756415717">
			<ele>146.1</ele>
		</trkpt>
		<trkpt lat="45.438190369" lon="4.75642475">
			<ele>146.6</ele>
		</trkpt>
		<trkpt lat="45.437837754" lon="4.756572401">
			<ele>146.4</ele>
		</trkpt>
		<trkpt lat="45.437495151" lon="4.756794492">
			<ele>146.9</ele>
		</trkpt>
		<trkpt lat="45.437177877" lon="4.757303212">
			<ele>146.9</ele>
		</trkpt>
		<trkpt lat="45.436765084" lon="4.757486014">
			<ele>143.8</ele>
		</trkpt>
		<trkpt lat="45.436089405" lon="4.75755992">
			<ele>143.4</ele>
		</trkpt>
		<trkpt lat="45.434990351" lon="4.757302853">
			<ele>142.4</ele>
		</trkpt>
		<trkpt lat="45.434502326" lon="4.757054531">
			<ele>143</ele>
		</trkpt>
		<trkpt lat="45.433878983" lon="4.756166768">
			<ele>144.3</ele>
		</trkpt>
		<trkpt lat="45.432623575" lon="4.755423154">
			<ele>144.9</ele>
		</trkpt>
		<trkpt lat="45.432005099" lon="4.754937844">
			<ele>144.3</ele>
		</trkpt>
		<trkpt lat="45.431258987" lon="4.754035693">
			<ele>141.8</ele>
		</trkpt>
		<trkpt lat="45.430748999" lon="4.753068443">
			<ele>143.5</ele>
		</trkpt>
		<trkpt lat="45.430197988" lon="4.752178857">
			<ele>142.7</ele>
		</trkpt>
		<trkpt lat="45.42957959" lon="4.751308349">
			<ele>141.2</ele>
		</trkpt>
		<trkpt lat="45.42827609" lon="4.749596682">
			<ele>143.8</ele>
		</trkpt>
		<trkpt lat="45.425338383" lon="4.746159059">
			<ele>139.9</ele>
		</trkpt>
		<trkpt lat="45.422317646" lon="4.742501695">
			<ele>140.6</ele>
		</trkpt>
		<trkpt lat="45.421083474" lon="4.741635331">
			<ele>140.8</ele>
		</trkpt>
		<trkpt lat="45.419343792" lon="4.740779384">
			<ele>140.1</ele>
		</trkpt>
		<trkpt lat="45.41785878" lon="4.740309258">
			<ele>140.9</ele>
		</trkpt>
		<trkpt lat="45.415268186" lon="4.740135295">
			<ele>140.7</ele>
		</trkpt>
		<trkpt lat="45.414804287" lon="4.740270284">
			<ele>139.5</ele>
		</trkpt>
		<trkpt lat="45.414704877" lon="4.739766822">
			<ele>141.4</ele>
		</trkpt>
		<trkpt lat="45.414723678" lon="4.738893542">
			<ele>144.4</ele>
		</trkpt>
		<trkpt lat="45.414421453" lon="4.737600866">
			<ele>146.8</ele>
		</trkpt>
		<trkpt lat="45.414048554" lon="4.737584699">
			<ele>145.9</ele>
		</trkpt>
		<trkpt lat="45.414220673" lon="4.738503108">
			<ele>145.8</ele>
		</trkpt>
		<trkpt lat="45.414271443" lon="4.739314233">
			<ele>140.3</ele>
		</trkpt>
		<trkpt lat="45.414183209" lon="4.739956989">
			<ele>139.6</ele>
		</trkpt>
		<trkpt lat="45.413957531" lon="4.740330896">
			<ele>139.8</ele>
		</trkpt>
		<trkpt lat="45.412310389" lon="4.74057034">
			<ele>142.8</ele>
		</trkpt>
		<trkpt lat="45.412236884" lon="4.740384179">
			<ele>142.7</ele>
		</trkpt>
		<trkpt lat="45.412174261" lon="4.739977466">
			<ele>142.4</ele>
		</trkpt>
		<trkpt lat="45.412087707" lon="4.739911267">
			<ele>141.7</ele>
		</trkpt>
		<trkpt lat="45.410381987" lon="4.740323492">
			<ele>139.4</ele>
		</trkpt>
		<trkpt lat="45.409639387" lon="4.740628265">
			<ele>140.6</ele>
		</trkpt>
		<trkpt lat="45.408778692" lon="4.741098643">
			<ele>141.4</ele>
		</trkpt>
		<trkpt lat="45.407969736" lon="4.741597083">
			<ele>140.8</ele>
		</trkpt>
		<trkpt lat="45.406793878" lon="4.74244376">
			<ele>140</ele>
		</trkpt>
		<trkpt lat="45.405102954" lon="4.743581094">
			<ele>141.1</ele>
		</trkpt>
		<trkpt lat="45.403142076" lon="4.74554044">
			<ele>144.9</ele>
		</trkpt>
		<trkpt lat="45.401145241" lon="4.74741387">
			<ele>142.6</ele>
		</trkpt>
		<trkpt lat="45.400977891" lon="4.747630791">
			<ele>142.3</ele>
		</trkpt>
		<trkpt lat="45.400974427" lon="4.747852861">
			<ele>142.1</ele>
		</trkpt>
		<trkpt lat="45.401078653" lon="4.748099475">
			<ele>141.4</ele>
		</trkpt>
		<trkpt lat="45.401072039" lon="4.748284408">
			<ele>141.4</ele>
		</trkpt>
		<trkpt lat="45.40072344" lon="4.748892373">
			<ele>139.5</ele>
		</trkpt>
		<trkpt lat="45.400474304" lon="4.74909613">
			<ele>139.8</ele>
		</trkpt>
		<trkpt lat="45.39910856" lon="4.750478617">
			<ele>139.2</ele>
		</trkpt>
		<trkpt lat="45.397582372" lon="4.751909333">
			<ele>139.6</ele>
		</trkpt>
		<trkpt lat="45.39470821" lon="4.753688009">
			<ele>140.2</ele>
		</trkpt>
		<trkpt lat="45.39104663" lon="4.755306283">
			<ele>138.9</ele>
		</trkpt>
		<trkpt lat="45.388352295" lon="4.755874899">
			<ele>141.1</ele>
		</trkpt>
		<trkpt lat="45.387029335" lon="4.756065927">
			<ele>141.3</ele>
		</trkpt>
		<trkpt lat="45.386128989" lon="4.756026592">
			<ele>141.7</ele>
		</trkpt>
		<trkpt lat="45.385036903" lon="4.755697892">
			<ele>139</ele>
		</trkpt>
		<trkpt lat="45.383732846" lon="4.755017657">
			<ele>139</ele>
		</trkpt>
		<trkpt lat="45.382738397" lon="4.754225044">
			<ele>139.3</ele>
		</trkpt>
		<trkpt lat="45.381439455" lon="4.755354946">
			<ele>139.3</ele>
		</trkpt>
		<trkpt lat="45.38103988" lon="4.755523324">
			<ele>140.5</ele>
		</trkpt>
		<trkpt lat="45.380871425" lon="4.756202161">
			<ele>140.8</ele>
		</trkpt>
		<trkpt lat="45.38066689" lon="4.757532295">
			<ele>138</ele>
		</trkpt>
		<trkpt lat="45.380398393" lon="4.758973109">
			<ele>140.2</ele>
		</trkpt>
		<trkpt lat="45.380423093" lon="4.759120864">
			<ele>141.2</ele>
		</trkpt>
		<trkpt lat="45.380394898" lon="4.7593104">
			<ele>141.2</ele>
		</trkpt>
		<trkpt lat="45.380244138" lon="4.759791286">
			<ele>144.8</ele>
		</trkpt>
		<trkpt lat="45.380033969" lon="4.760097756">
			<ele>144.9</ele>
		</trkpt>
		<trkpt lat="45.376921794" lon="4.761895801">
			<ele>141.4</ele>
		</trkpt>
		<trkpt lat="45.37432267" lon="4.763598729">
			<ele>142.5</ele>
		</trkpt>
		<trkpt lat="45.370498571" lon="4.766845851">
			<ele>138.5</ele>
		</trkpt>
		<trkpt lat="45.365369549" lon="4.771614926">
			<ele>139</ele>
		</trkpt>
		<trkpt lat="45.363738604" lon="4.773083425">
			<ele>138.8</ele>
		</trkpt>
		<trkpt lat="45.362157587" lon="4.774582816">
			<ele>138.9</ele>
		</trkpt>
		<trkpt lat="45.361392203" lon="4.775195938">
			<ele>139.3</ele>
		</trkpt>
		<trkpt lat="45.356887993" lon="4.779289004">
			<ele>137.1</ele>
		</trkpt>
		<trkpt lat="45.356204528" lon="4.779835128">
			<ele>138.1</ele>
		</trkpt>
		<trkpt lat="45.354985962" lon="4.780625237">
			<ele>137.7</ele>
		</trkpt>
		<trkpt lat="45.354356547" lon="4.780955124">
			<ele>137.5</ele>
		</trkpt>
		<trkpt lat="45.353708118" lon="4.781234574">
			<ele>137</ele>
		</trkpt>
		<trkpt lat="45.353313836" lon="4.781334371">
			<ele>136.2</ele>
		</trkpt>
		<trkpt lat="45.353153515" lon="4.781504247">
			<ele>136.4</ele>
		</trkpt>
		<trkpt lat="45.35296898" lon="4.781950547">
			<ele>137.2</ele>
		</trkpt>
		<trkpt lat="45.352828356" lon="4.782071232">
			<ele>139.6</ele>
		</trkpt>
		<trkpt lat="45.352634986" lon="4.781997339">
			<ele>140.1</ele>
		</trkpt>
		<trkpt lat="45.352296859" lon="4.781681215">
			<ele>137</ele>
		</trkpt>
		<trkpt lat="45.352199324" lon="4.781641049">
			<ele>137</ele>
		</trkpt>
		<trkpt lat="45.351948962" lon="4.781639423">
			<ele>137.5</ele>
		</trkpt>
		<trkpt lat="45.350454023" lon="4.781910917">
			<ele>137.4</ele>
		</trkpt>
		<trkpt lat="45.347756564" lon="4.782189883">
			<ele>137.5</ele>
		</trkpt>
		<trkpt lat="45.342317616" lon="4.783137139">
			<ele>137.4</ele>
		</trkpt>
		<trkpt lat="45.341684018" lon="4.783220297">
			<ele>138.5</ele>
		</trkpt>
		<trkpt lat="45.341546956" lon="4.783173761">
			<ele>139.2</ele>
		</trkpt>
		<trkpt lat="45.341529766" lon="4.78334818">
			<ele>139.6</ele>
		</trkpt>
		<trkpt lat="45.340922071" lon="4.783444935">
			<ele>142.2</ele>
		</trkpt>
		<trkpt lat="45.340663985" lon="4.783532454">
			<ele>142.4</ele>
		</trkpt>
		<trkpt lat="45.340594638" lon="4.783645174">
			<ele>143.3</ele>
		</trkpt>
		<trkpt lat="45.340439029" lon="4.784366876">
			<ele>144.5</ele>
		</trkpt>
		<trkpt lat="45.340295803" lon="4.784481059">
			<ele>142.9</ele>
		</trkpt>
		<trkpt lat="45.340129634" lon="4.784508938">
			<ele>142</ele>
		</trkpt>
		<trkpt lat="45.339916909" lon="4.784406337">
			<ele>142.9</ele>
		</trkpt>
		<trkpt lat="45.339867245" lon="4.784301298">
			<ele>142.9</ele>
		</trkpt>
		<trkpt lat="45.339776928" lon="4.783751799">
			<ele>141.7</ele>
		</trkpt>
		<trkpt lat="45.339742898" lon="4.783683022">
			<ele>141.7</ele>
		</trkpt>
		<trkpt lat="45.339625559" lon="4.783642226">
			<ele>140.5</ele>
		</trkpt>
		<trkpt lat="45.330600071" lon="4.785157409">
			<ele>137.3</ele>
		</trkpt>
		<trkpt lat="45.329625683" lon="4.785261524">
			<ele>138.5</ele>
		</trkpt>
		<trkpt lat="45.329547356" lon="4.785146647">
			<ele>137.8</ele>
		</trkpt>
		<trkpt lat="45.329365948" lon="4.784718186">
			<ele>137.8</ele>
		</trkpt>
		<trkpt lat="45.328813649" lon="4.783599829">
			<ele>137.4</ele>
		</trkpt>
		<trkpt lat="45.328324646" lon="4.781956182">
			<ele>137.3</ele>
		</trkpt>
		<trkpt lat="45.328205165" lon="4.781427574">
			<ele>137.1</ele>
		</trkpt>
		<trkpt lat="45.328093973" lon="4.780434461">
			<ele>136.9</ele>
		</trkpt>
		<trkpt lat="45.328056279" lon="4.778669934">
			<ele>138.2</ele>
		</trkpt>
		<trkpt lat="45.328154485" lon="4.777137025">
			<ele>137.3</ele>
		</trkpt>
		<trkpt lat="45.32862024" lon="4.77417809">
			<ele>137.8</ele>
		</trkpt>
		<trkpt lat="45.328619426" lon="4.773092737">
			<ele>136.2</ele>
		</trkpt>
		<trkpt lat="45.328284966" lon="4.771576686">
			<ele>136.6</ele>
		</trkpt>
		<trkpt lat="45.329590828" lon="4.771697394">
			<ele>136.6</ele>
		</trkpt>
		<trkpt lat="45.329673694" lon="4.771526375">
			<ele>136.5</ele>
		</trkpt>
		<trkpt lat="45.329903874" lon="4.770697339">
			<ele>137.2</ele>
		</trkpt>
		<trkpt lat="45.330030374" lon="4.769931399">
			<ele>137.4</ele>
		</trkpt>
		<trkpt lat="45.33008693" lon="4.769772308">
			<ele>137.3</ele>
		</trkpt>
		<trkpt lat="45.329735294" lon="4.769397223">
			<ele>137.1</ele>
		</trkpt>
		<trkpt lat="45.32948548" lon="4.769190093">
			<ele>137</ele>
		</trkpt>
		<trkpt lat="45.328621676" lon="4.768510179">
			<ele>137.3</ele>
		</trkpt>
		<trkpt lat="45.327933786" lon="4.768040164">
			<ele>137.4</ele>
		</trkpt>
		<trkpt lat="45.327588191" lon="4.767624437">
			<ele>138.4</ele>
		</trkpt>
		<trkpt lat="45.327288534" lon="4.767176401">
			<ele>138.8</ele>
		</trkpt>
		<trkpt lat="45.326927559" lon="4.767367258">
			<ele>138.5</ele>
		</trkpt>
		<trkpt lat="45.326077372" lon="4.767706718">
			<ele>137.4</ele>
		</trkpt>
		<trkpt lat="45.325286893" lon="4.767915278">
			<ele>136.8</ele>
		</trkpt>
		<trkpt lat="45.324556421" lon="4.768031257">
			<ele>136.7</ele>
		</trkpt>
		<trkpt lat="45.323847151" lon="4.768002357">
			<ele>137</ele>
		</trkpt>
		<trkpt lat="45.322472978" lon="4.767815743">
			<ele>137.3</ele>
		</trkpt>
		<trkpt lat="45.322336662" lon="4.767835674">
			<ele>137.4</ele>
		</trkpt>
		<trkpt lat="45.322058691" lon="4.767700457">
			<ele>137.6</ele>
		</trkpt>
		<trkpt lat="45.321759786" lon="4.767636073">
			<ele>138.6</ele>
		</trkpt>
		<trkpt lat="45.320471624" lon="4.767535188">
			<ele>137.6</ele>
		</trkpt>
		<trkpt lat="45.320180605" lon="4.767598722">
			<ele>136.7</ele>
		</trkpt>
		<trkpt lat="45.319994328" lon="4.767702603">
			<ele>136.8</ele>
		</trkpt>
		<trkpt lat="45.319579121" lon="4.768250384">
			<ele>136.9</ele>
		</trkpt>
		<trkpt lat="45.31939706" lon="4.768344463">
			<ele>136.7</ele>
		</trkpt>
	</trkseg>
</trk>
<trk>
	<name>18: Sablons – Tournon-sur-Rhône (Developed + Signed)</name>
	<desc>Developed + Signed</desc>
	<trkseg>
		<trkpt lat="45.31939706" lon="4.768344463">
			<ele>136.7</ele>
		</trkpt>
		<trkpt lat="45.31933743" lon="4.768178368">
			<ele>135.4</ele>
		</trkpt>
		<trkpt lat="45.319124153" lon="4.768223939">
			<ele>134.6</ele>
		</trkpt>
		<trkpt lat="45.319001368" lon="4.768185572">
			<ele>134.1</ele>
		</trkpt>
		<trkpt lat="45.318887834" lon="4.768074731">
			<ele>134.1</ele>
		</trkpt>
		<trkpt lat="45.318771991" lon="4.768174997">
			<ele>134</ele>
		</trkpt>
		<trkpt lat="45.318643239" lon="4.768677194">
			<ele>136.1</ele>
		</trkpt>
		<trkpt lat="45.318368959" lon="4.768935298">
			<ele>135.7</ele>
		</trkpt>
		<trkpt lat="45.317233271" lon="4.7710388">
			<ele>135.6</ele>
		</trkpt>
		<trkpt lat="45.316859918" lon="4.771580967">
			<ele>134.6</ele>
		</trkpt>
		<trkpt lat="45.316704393" lon="4.772017718">
			<ele>135.1</ele>
		</trkpt>
		<trkpt lat="45.314194474" lon="4.77637635">
			<ele>135.5</ele>
		</trkpt>
		<trkpt lat="45.313663112" lon="4.778018873">
			<ele>136.1</ele>
		</trkpt>
		<trkpt lat="45.313369983" lon="4.77838481">
			<ele>136.5</ele>
		</trkpt>
		<trkpt lat="45.313000923" lon="4.7787113">
			<ele>136</ele>
		</trkpt>
		<trkpt lat="45.312962067" lon="4.778832603">
			<ele>136.9</ele>
		</trkpt>
		<trkpt lat="45.313008645" lon="4.779075349">
			<ele>137</ele>
		</trkpt>
		<trkpt lat="45.313003138" lon="4.779195164">
			<ele>137</ele>
		</trkpt>
		<trkpt lat="45.312937384" lon="4.779365391">
			<ele>137</ele>
		</trkpt>
		<trkpt lat="45.312056546" lon="4.780609904">
			<ele>137.2</ele>
		</trkpt>
		<trkpt lat="45.311036547" lon="4.78380418">
			<ele>135</ele>
		</trkpt>
		<trkpt lat="45.310980933" lon="4.784185335">
			<ele>135.2</ele>
		</trkpt>
		<trkpt lat="45.310984732" lon="4.784342461">
			<ele>135.2</ele>
		</trkpt>
		<trkpt lat="45.311002588" lon="4.784521737">
			<ele>135.3</ele>
		</trkpt>
		<trkpt lat="45.311078637" lon="4.784779464">
			<ele>135.1</ele>
		</trkpt>
		<trkpt lat="45.310427528" lon="4.785621479">
			<ele>135.3</ele>
		</trkpt>
		<trkpt lat="45.310381626" lon="4.785732335">
			<ele>135.3</ele>
		</trkpt>
		<trkpt lat="45.310333142" lon="4.786061378">
			<ele>135.8</ele>
		</trkpt>
		<trkpt lat="45.310197104" lon="4.786007236">
			<ele>136.4</ele>
		</trkpt>
		<trkpt lat="45.310134452" lon="4.785926088">
			<ele>136.4</ele>
		</trkpt>
		<trkpt lat="45.308865077" lon="4.787751502">
			<ele>133.2</ele>
		</trkpt>
		<trkpt lat="45.308645513" lon="4.78818992">
			<ele>133.9</ele>
		</trkpt>
		<trkpt lat="45.308550557" lon="4.788495761">
			<ele>134.2</ele>
		</trkpt>
		<trkpt lat="45.308412289" lon="4.788806593">
			<ele>134.9</ele>
		</trkpt>
		<trkpt lat="45.308198772" lon="4.789148192">
			<ele>135.6</ele>
		</trkpt>
		<trkpt lat="45.307782879" lon="4.78969772">
			<ele>136.8</ele>
		</trkpt>
		<trkpt lat="45.307700128" lon="4.789859715">
			<ele>137.3</ele>
		</trkpt>
		<trkpt lat="45.30762673" lon="4.790112633">
			<ele>137.6</ele>
		</trkpt>
		<trkpt lat="45.30737081" lon="4.791583728">
			<ele>138.5</ele>
		</trkpt>
		<trkpt lat="45.307329409" lon="4.79197552">
			<ele>138</ele>
		</trkpt>
		<trkpt lat="45.3073623" lon="4.792677307">
			<ele>137.5</ele>
		</trkpt>
		<trkpt lat="45.307299497" lon="4.793336448">
			<ele>137.3</ele>
		</trkpt>
		<trkpt lat="45.307332009" lon="4.793611915">
			<ele>137.5</ele>
		</trkpt>
		<trkpt lat="45.307513996" lon="4.794226607">
			<ele>138</ele>
		</trkpt>
		<trkpt lat="45.306534937" lon="4.794958337">
			<ele>142.2</ele>
		</trkpt>
		<trkpt lat="45.30633601" lon="4.795231449">
			<ele>142.1</ele>
		</trkpt>
		<trkpt lat="45.306264013" lon="4.795396331">
			<ele>141.4</ele>
		</trkpt>
		<trkpt lat="45.3062093" lon="4.795831079">
			<ele>140.1</ele>
		</trkpt>
		<trkpt lat="45.306294055" lon="4.796274153">
			<ele>137.3</ele>
		</trkpt>
		<trkpt lat="45.307677462" lon="4.800030484">
			<ele>139.5</ele>
		</trkpt>
		<trkpt lat="45.307871675" lon="4.800890664">
			<ele>136.1</ele>
		</trkpt>
		<trkpt lat="45.307949943" lon="4.801679452">
			<ele>135.6</ele>
		</trkpt>
		<trkpt lat="45.307692005" lon="4.801812789">
			<ele>135.7</ele>
		</trkpt>
		<trkpt lat="45.307669666" lon="4.801466166">
			<ele>135.7</ele>
		</trkpt>
		<trkpt lat="45.307620462" lon="4.801445429">
			<ele>135.9</ele>
		</trkpt>
		<trkpt lat="45.307138013" lon="4.801761685">
			<ele>136.9</ele>
		</trkpt>
		<trkpt lat="45.30461719" lon="4.80365207">
			<ele>138</ele>
		</trkpt>
		<trkpt lat="45.304157568" lon="4.803948608">
			<ele>138.4</ele>
		</trkpt>
		<trkpt lat="45.303819478" lon="4.803969569">
			<ele>137.9</ele>
		</trkpt>
		<trkpt lat="45.303661762" lon="4.803919792">
			<ele>137.9</ele>
		</trkpt>
		<trkpt lat="45.302934917" lon="4.803305341">
			<ele>136.1</ele>
		</trkpt>
		<trkpt lat="45.302513352" lon="4.803084941">
			<ele>135.3</ele>
		</trkpt>
		<trkpt lat="45.302122832" lon="4.803005938">
			<ele>134.9</ele>
		</trkpt>
		<trkpt lat="45.301779907" lon="4.803103322">
			<ele>134.5</ele>
		</trkpt>
		<trkpt lat="45.300593649" lon="4.80422502">
			<ele>133.2</ele>
		</trkpt>
		<trkpt lat="45.29744387" lon="4.807568514">
			<ele>132.5</ele>
		</trkpt>
		<trkpt lat="45.297020179" lon="4.807986259">
			<ele>133.2</ele>
		</trkpt>
		<trkpt lat="45.296344622" lon="4.808559423">
			<ele>133.7</ele>
		</trkpt>
		<trkpt lat="45.295581604" lon="4.809106573">
			<ele>133.5</ele>
		</trkpt>
		<trkpt lat="45.294771653" lon="4.809585584">
			<ele>133.1</ele>
		</trkpt>
		<trkpt lat="45.293577198" lon="4.810143304">
			<ele>132.5</ele>
		</trkpt>
		<trkpt lat="45.293004922" lon="4.810478692">
			<ele>133.1</ele>
		</trkpt>
		<trkpt lat="45.291971555" lon="4.810851253">
			<ele>137.5</ele>
		</trkpt>
		<trkpt lat="45.291061757" lon="4.810995417">
			<ele>132.6</ele>
		</trkpt>
		<trkpt lat="45.289980895" lon="4.811101632">
			<ele>131.4</ele>
		</trkpt>
		<trkpt lat="45.28810619" lon="4.811196155">
			<ele>132</ele>
		</trkpt>
		<trkpt lat="45.287437494" lon="4.811155603">
			<ele>133.8</ele>
		</trkpt>
		<trkpt lat="45.286119993" lon="4.811234379">
			<ele>140.8</ele>
		</trkpt>
		<trkpt lat="45.285737567" lon="4.811122062">
			<ele>142.3</ele>
		</trkpt>
		<trkpt lat="45.284127586" lon="4.811024871">
			<ele>131.5</ele>
		</trkpt>
		<trkpt lat="45.283982996" lon="4.811087486">
			<ele>131.5</ele>
		</trkpt>
		<trkpt lat="45.282776683" lon="4.811209691">
			<ele>132.4</ele>
		</trkpt>
		<trkpt lat="45.280895671" lon="4.81150466">
			<ele>131.9</ele>
		</trkpt>
		<trkpt lat="45.279650508" lon="4.811723283">
			<ele>133</ele>
		</trkpt>
		<trkpt lat="45.279314366" lon="4.811819583">
			<ele>131.7</ele>
		</trkpt>
		<trkpt lat="45.278027476" lon="4.811800804">
			<ele>131.5</ele>
		</trkpt>
		<trkpt lat="45.277414115" lon="4.811750467">
			<ele>131.3</ele>
		</trkpt>
		<trkpt lat="45.277252614" lon="4.811816146">
			<ele>131.2</ele>
		</trkpt>
		<trkpt lat="45.276633476" lon="4.811767153">
			<ele>131.1</ele>
		</trkpt>
		<trkpt lat="45.275352786" lon="4.811758732">
			<ele>131.5</ele>
		</trkpt>
		<trkpt lat="45.274845892" lon="4.811697392">
			<ele>131.5</ele>
		</trkpt>
		<trkpt lat="45.274533365" lon="4.81172706">
			<ele>131.5</ele>
		</trkpt>
		<trkpt lat="45.273952641" lon="4.811703096">
			<ele>131.7</ele>
		</trkpt>
		<trkpt lat="45.271806954" lon="4.81187216">
			<ele>132.3</ele>
		</trkpt>
		<trkpt lat="45.271737841" lon="4.81191188">
			<ele>134.6</ele>
		</trkpt>
		<trkpt lat="45.271149871" lon="4.81189268">
			<ele>131</ele>
		</trkpt>
		<trkpt lat="45.270435689" lon="4.811989687">
			<ele>132.7</ele>
		</trkpt>
		<trkpt lat="45.269799918" lon="4.811935004">
			<ele>131.5</ele>
		</trkpt>
		<trkpt lat="45.269687634" lon="4.811990449">
			<ele>131.5</ele>
		</trkpt>
		<trkpt lat="45.269146963" lon="4.81196035">
			<ele>131.6</ele>
		</trkpt>
		<trkpt lat="45.268814966" lon="4.811987658">
			<ele>131.1</ele>
		</trkpt>
		<trkpt lat="45.267324146" lon="4.812263554">
			<ele>131.9</ele>
		</trkpt>
		<trkpt lat="45.266470371" lon="4.812701594">
			<ele>132.2</ele>
		</trkpt>
		<trkpt lat="45.266222492" lon="4.812736937">
			<ele>132.3</ele>
		</trkpt>
		<trkpt lat="45.265857114" lon="4.81264547">
			<ele>132</ele>
		</trkpt>
		<trkpt lat="45.265562469" lon="4.812461055">
			<ele>131.9</ele>
		</trkpt>
		<trkpt lat="45.265229383" lon="4.812347211">
			<ele>130.7</ele>
		</trkpt>
		<trkpt lat="45.263860691" lon="4.812222115">
			<ele>132.1</ele>
		</trkpt>
		<trkpt lat="45.263335437" lon="4.812242244">
			<ele>131.7</ele>
		</trkpt>
		<trkpt lat="45.262190943" lon="4.812082036">
			<ele>131.7</ele>
		</trkpt>
		<trkpt lat="45.262014284" lon="4.811979343">
			<ele>131.8</ele>
		</trkpt>
		<trkpt lat="45.260515588" lon="4.811573245">
			<ele>130.3</ele>
		</trkpt>
		<trkpt lat="45.260316293" lon="4.811511779">
			<ele>130.6</ele>
		</trkpt>
		<trkpt lat="45.25954007" lon="4.811043793">
			<ele>130.1</ele>
		</trkpt>
		<trkpt lat="45.258614259" lon="4.810599898">
			<ele>130.5</ele>
		</trkpt>
		<trkpt lat="45.257598708" lon="4.8102703">
			<ele>130.3</ele>
		</trkpt>
		<trkpt lat="45.256650256" lon="4.809709947">
			<ele>130.1</ele>
		</trkpt>
		<trkpt lat="45.254889355" lon="4.809024874">
			<ele>130.8</ele>
		</trkpt>
		<trkpt lat="45.25415014" lon="4.808984979">
			<ele>131.7</ele>
		</trkpt>
		<trkpt lat="45.253915392" lon="4.808903583">
			<ele>131.2</ele>
		</trkpt>
		<trkpt lat="45.253740877" lon="4.808889238">
			<ele>131.2</ele>
		</trkpt>
		<trkpt lat="45.253631344" lon="4.809027469">
			<ele>131.7</ele>
		</trkpt>
		<trkpt lat="45.253520163" lon="4.809266931">
			<ele>132.3</ele>
		</trkpt>
		<trkpt lat="45.253300526" lon="4.809452224">
			<ele>132.6</ele>
		</trkpt>
		<trkpt lat="45.252677852" lon="4.809648498">
			<ele>135.8</ele>
		</trkpt>
		<trkpt lat="45.252225787" lon="4.809669812">
			<ele>137.6</ele>
		</trkpt>
		<trkpt lat="45.252160706" lon="4.809728701">
			<ele>137.6</ele>
		</trkpt>
		<trkpt lat="45.252136053" lon="4.809799997">
			<ele>138.1</ele>
		</trkpt>
		<trkpt lat="45.25211926" lon="4.810394804">
			<ele>139.2</ele>
		</trkpt>
		<trkpt lat="45.252087583" lon="4.810505539">
			<ele>139.2</ele>
		</trkpt>
		<trkpt lat="45.251640437" lon="4.81093481">
			<ele>138.2</ele>
		</trkpt>
		<trkpt lat="45.251519104" lon="4.81110737">
			<ele>138</ele>
		</trkpt>
		<trkpt lat="45.250854349" lon="4.8105309">
			<ele>136.6</ele>
		</trkpt>
		<trkpt lat="45.249824085" lon="4.809761867">
			<ele>137.1</ele>
		</trkpt>
		<trkpt lat="45.249566369" lon="4.809499295">
			<ele>137.1</ele>
		</trkpt>
		<trkpt lat="45.248665847" lon="4.80890401">
			<ele>136.5</ele>
		</trkpt>
		<trkpt lat="45.245659096" lon="4.806711816">
			<ele>137.3</ele>
		</trkpt>
		<trkpt lat="45.245515295" lon="4.806630494">
			<ele>137.4</ele>
		</trkpt>
		<trkpt lat="45.244521189" lon="4.806302212">
			<ele>138.5</ele>
		</trkpt>
		<trkpt lat="45.244525151" lon="4.805676955">
			<ele>137.3</ele>
		</trkpt>
		<trkpt lat="45.244704715" lon="4.803290142">
			<ele>131.6</ele>
		</trkpt>
		<trkpt lat="45.244692603" lon="4.8031639">
			<ele>129.3</ele>
		</trkpt>
		<trkpt lat="45.244373978" lon="4.803115147">
			<ele>129.3</ele>
		</trkpt>
		<trkpt lat="45.243048786" lon="4.803064464">
			<ele>131.3</ele>
		</trkpt>
		<trkpt lat="45.242920211" lon="4.802989423">
			<ele>129.3</ele>
		</trkpt>
		<trkpt lat="45.242812934" lon="4.802829728">
			<ele>129.3</ele>
		</trkpt>
		<trkpt lat="45.24216292" lon="4.802613443">
			<ele>129.2</ele>
		</trkpt>
		<trkpt lat="45.240818341" lon="4.802977891">
			<ele>129</ele>
		</trkpt>
		<trkpt lat="45.23949362" lon="4.80310573">
			<ele>129.3</ele>
		</trkpt>
		<trkpt lat="45.239177371" lon="4.803218476">
			<ele>129.3</ele>
		</trkpt>
		<trkpt lat="45.23699717" lon="4.803755104">
			<ele>128.5</ele>
		</trkpt>
		<trkpt lat="45.236960824" lon="4.803854088">
			<ele>128.6</ele>
		</trkpt>
		<trkpt lat="45.236974943" lon="4.803929042">
			<ele>128.6</ele>
		</trkpt>
		<trkpt lat="45.237067773" lon="4.804065831">
			<ele>128.6</ele>
		</trkpt>
		<trkpt lat="45.238719355" lon="4.805826015">
			<ele>132.4</ele>
		</trkpt>
		<trkpt lat="45.239100757" lon="4.806294213">
			<ele>132.7</ele>
		</trkpt>
		<trkpt lat="45.238906258" lon="4.806449764">
			<ele>132.3</ele>
		</trkpt>
		<trkpt lat="45.238705251" lon="4.806545953">
			<ele>131.6</ele>
		</trkpt>
		<trkpt lat="45.238522639" lon="4.806595697">
			<ele>131.1</ele>
		</trkpt>
		<trkpt lat="45.238261286" lon="4.806284161">
			<ele>130.8</ele>
		</trkpt>
		<trkpt lat="45.237438542" lon="4.805469245">
			<ele>130</ele>
		</trkpt>
		<trkpt lat="45.236841016" lon="4.805084008">
			<ele>128.6</ele>
		</trkpt>
		<trkpt lat="45.233243157" lon="4.80421658">
			<ele>128.6</ele>
		</trkpt>
		<trkpt lat="45.232915581" lon="4.804224188">
			<ele>128.6</ele>
		</trkpt>
		<trkpt lat="45.232652319" lon="4.804307742">
			<ele>128.7</ele>
		</trkpt>
		<trkpt lat="45.231268869" lon="4.804288706">
			<ele>128.6</ele>
		</trkpt>
		<trkpt lat="45.230828765" lon="4.804222097">
			<ele>128.6</ele>
		</trkpt>
		<trkpt lat="45.230553422" lon="4.804238404">
			<ele>128.7</ele>
		</trkpt>
		<trkpt lat="45.23013967" lon="4.804089888">
			<ele>128.9</ele>
		</trkpt>
		<trkpt lat="45.229400946" lon="4.804034822">
			<ele>128</ele>
		</trkpt>
		<trkpt lat="45.22833349" lon="4.804134796">
			<ele>128.2</ele>
		</trkpt>
		<trkpt lat="45.226808884" lon="4.804636462">
			<ele>129.1</ele>
		</trkpt>
		<trkpt lat="45.226026921" lon="4.804965459">
			<ele>128.3</ele>
		</trkpt>
		<trkpt lat="45.22562945" lon="4.805215787">
			<ele>129</ele>
		</trkpt>
		<trkpt lat="45.225241451" lon="4.805385435">
			<ele>128.3</ele>
		</trkpt>
		<trkpt lat="45.223945925" lon="4.806128703">
			<ele>128</ele>
		</trkpt>
		<trkpt lat="45.222684819" lon="4.806766061">
			<ele>128</ele>
		</trkpt>
		<trkpt lat="45.221981313" lon="4.807109104">
			<ele>127.9</ele>
		</trkpt>
		<trkpt lat="45.221178988" lon="4.807433045">
			<ele>127.5</ele>
		</trkpt>
		<trkpt lat="45.220333055" lon="4.807862562">
			<ele>127.5</ele>
		</trkpt>
		<trkpt lat="45.219303317" lon="4.808172258">
			<ele>127.8</ele>
		</trkpt>
		<trkpt lat="45.219135033" lon="4.808263299">
			<ele>127.8</ele>
		</trkpt>
		<trkpt lat="45.218948659" lon="4.808445227">
			<ele>128.5</ele>
		</trkpt>
		<trkpt lat="45.218763485" lon="4.808426214">
			<ele>128.2</ele>
		</trkpt>
		<trkpt lat="45.21849398" lon="4.808472417">
			<ele>128.3</ele>
		</trkpt>
		<trkpt lat="45.215782725" lon="4.809113247">
			<ele>128.3</ele>
		</trkpt>
		<trkpt lat="45.215043031" lon="4.809229511">
			<ele>128.5</ele>
		</trkpt>
		<trkpt lat="45.213220629" lon="4.809755959">
			<ele>127.6</ele>
		</trkpt>
		<trkpt lat="45.212636298" lon="4.809870012">
			<ele>127.5</ele>
		</trkpt>
		<trkpt lat="45.211742026" lon="4.810192317">
			<ele>127.4</ele>
		</trkpt>
		<trkpt lat="45.209970381" lon="4.811054305">
			<ele>127.2</ele>
		</trkpt>
		<trkpt lat="45.209501509" lon="4.811358568">
			<ele>127.4</ele>
		</trkpt>
		<trkpt lat="45.209003334" lon="4.811623039">
			<ele>127.3</ele>
		</trkpt>
		<trkpt lat="45.208564727" lon="4.812095796">
			<ele>127.9</ele>
		</trkpt>
		<trkpt lat="45.208308362" lon="4.812276857">
			<ele>128.1</ele>
		</trkpt>
		<trkpt lat="45.207891225" lon="4.812540863">
			<ele>127.8</ele>
		</trkpt>
		<trkpt lat="45.207314309" lon="4.812764994">
			<ele>126.9</ele>
		</trkpt>
		<trkpt lat="45.206502343" lon="4.813178074">
			<ele>127.4</ele>
		</trkpt>
		<trkpt lat="45.206114579" lon="4.813521094">
			<ele>129</ele>
		</trkpt>
		<trkpt lat="45.205846216" lon="4.813560075">
			<ele>127.9</ele>
		</trkpt>
		<trkpt lat="45.205741701" lon="4.813631262">
			<ele>126.9</ele>
		</trkpt>
		<trkpt lat="45.205610001" lon="4.813821276">
			<ele>129.1</ele>
		</trkpt>
		<trkpt lat="45.205547065" lon="4.813858255">
			<ele>128.7</ele>
		</trkpt>
		<trkpt lat="45.204712176" lon="4.813920749">
			<ele>128.1</ele>
		</trkpt>
		<trkpt lat="45.203941099" lon="4.813892797">
			<ele>126.7</ele>
		</trkpt>
		<trkpt lat="45.203584058" lon="4.813917324">
			<ele>126.6</ele>
		</trkpt>
		<trkpt lat="45.203174939" lon="4.813876573">
			<ele>126.9</ele>
		</trkpt>
		<trkpt lat="45.202074234" lon="4.813191788">
			<ele>127.2</ele>
		</trkpt>
		<trkpt lat="45.201668489" lon="4.812741267">
			<ele>128.3</ele>
		</trkpt>
		<trkpt lat="45.201054724" lon="4.81191124">
			<ele>127</ele>
		</trkpt>
		<trkpt lat="45.200055617" lon="4.80993906">
			<ele>126.8</ele>
		</trkpt>
		<trkpt lat="45.199584574" lon="4.809220405">
			<ele>126.3</ele>
		</trkpt>
		<trkpt lat="45.198685713" lon="4.808144293">
			<ele>127.3</ele>
		</trkpt>
		<trkpt lat="45.198455792" lon="4.807954716">
			<ele>126.6</ele>
		</trkpt>
		<trkpt lat="45.198040786" lon="4.807835771">
			<ele>126</ele>
		</trkpt>
		<trkpt lat="45.197609606" lon="4.807831921">
			<ele>126.2</ele>
		</trkpt>
		<trkpt lat="45.19701189" lon="4.807699826">
			<ele>127.6</ele>
		</trkpt>
		<trkpt lat="45.196448597" lon="4.807651228">
			<ele>127.2</ele>
		</trkpt>
		<trkpt lat="45.195956506" lon="4.807622287">
			<ele>127.4</ele>
		</trkpt>
		<trkpt lat="45.195055476" lon="4.807668264">
			<ele>129</ele>
		</trkpt>
		<trkpt lat="45.194749063" lon="4.807532604">
			<ele>127.2</ele>
		</trkpt>
		<trkpt lat="45.194357783" lon="4.807607151">
			<ele>129.1</ele>
		</trkpt>
		<trkpt lat="45.193847961" lon="4.807772246">
			<ele>126.8</ele>
		</trkpt>
		<trkpt lat="45.193164248" lon="4.808107028">
			<ele>126.6</ele>
		</trkpt>
		<trkpt lat="45.189207457" lon="4.810836301">
			<ele>127.5</ele>
		</trkpt>
		<trkpt lat="45.188218602" lon="4.811475852">
			<ele>126.4</ele>
		</trkpt>
		<trkpt lat="45.187083494" lon="4.812092204">
			<ele>126.2</ele>
		</trkpt>
		<trkpt lat="45.186930343" lon="4.812210062">
			<ele>128.5</ele>
		</trkpt>
		<trkpt lat="45.186652237" lon="4.81234554">
			<ele>127.3</ele>
		</trkpt>
		<trkpt lat="45.186460631" lon="4.812502611">
			<ele>128.3</ele>
		</trkpt>
		<trkpt lat="45.184390061" lon="4.81360192">
			<ele>128</ele>
		</trkpt>
		<trkpt lat="45.183783994" lon="4.810514004">
			<ele>129.8</ele>
		</trkpt>
		<trkpt lat="45.183676901" lon="4.809289383">
			<ele>130.3</ele>
		</trkpt>
		<trkpt lat="45.183718168" lon="4.808815353">
			<ele>129.6</ele>
		</trkpt>
		<trkpt lat="45.183752252" lon="4.808637255">
			<ele>129.2</ele>
		</trkpt>
		<trkpt lat="45.183798883" lon="4.808647044">
			<ele>129.2</ele>
		</trkpt>
		<trkpt lat="45.183768799" lon="4.809059619">
			<ele>129.6</ele>
		</trkpt>
		<trkpt lat="45.184025364" lon="4.809109285">
			<ele>129.5</ele>
		</trkpt>
		<trkpt lat="45.184028929" lon="4.809250001">
			<ele>129.8</ele>
		</trkpt>
		<trkpt lat="45.183863008" lon="4.809382475">
			<ele>130</ele>
		</trkpt>
		<trkpt lat="45.183852106" lon="4.80945381">
			<ele>130</ele>
		</trkpt>
		<trkpt lat="45.183963449" lon="4.810041906">
			<ele>130.7</ele>
		</trkpt>
		<trkpt lat="45.183951575" lon="4.81041372">
			<ele>128.9</ele>
		</trkpt>
		<trkpt lat="45.184156476" lon="4.810282513">
			<ele>127.5</ele>
		</trkpt>
		<trkpt lat="45.184164562" lon="4.810384788">
			<ele>127.5</ele>
		</trkpt>
		<trkpt lat="45.183721531" lon="4.810772942">
			<ele>129</ele>
		</trkpt>
		<trkpt lat="45.183187075" lon="4.811147096">
			<ele>126.4</ele>
		</trkpt>
		<trkpt lat="45.182760993" lon="4.811216003">
			<ele>129.1</ele>
		</trkpt>
		<trkpt lat="45.182009988" lon="4.811207993">
			<ele>129.1</ele>
		</trkpt>
		<trkpt lat="45.181635994" lon="4.811163998">
			<ele>128.7</ele>
		</trkpt>
		<trkpt lat="45.180708987" lon="4.810961994">
			<ele>130.3</ele>
		</trkpt>
		<trkpt lat="45.179514989" lon="4.810503002">
			<ele>127.6</ele>
		</trkpt>
		<trkpt lat="45.174291987" lon="4.807656005">
			<ele>128.1</ele>
		</trkpt>
		<trkpt lat="45.172412993" lon="4.806724005">
			<ele>130.1</ele>
		</trkpt>
		<trkpt lat="45.171531988" lon="4.806439">
			<ele>130.6</ele>
		</trkpt>
		<trkpt lat="45.170145993" lon="4.806166002">
			<ele>134.3</ele>
		</trkpt>
		<trkpt lat="45.169899989" lon="4.806160999">
			<ele>134.8</ele>
		</trkpt>
		<trkpt lat="45.169556989" lon="4.806256005">
			<ele>130.9</ele>
		</trkpt>
		<trkpt lat="45.169146608" lon="4.806231527">
			<ele>139.4</ele>
		</trkpt>
		<trkpt lat="45.168935892" lon="4.806379561">
			<ele>136.6</ele>
		</trkpt>
		<trkpt lat="45.168782533" lon="4.806416094">
			<ele>137.8</ele>
		</trkpt>
		<trkpt lat="45.16884464" lon="4.806305984">
			<ele>137.8</ele>
		</trkpt>
		<trkpt lat="45.169056528" lon="4.806113922">
			<ele>139.8</ele>
		</trkpt>
		<trkpt lat="45.169031374" lon="4.806062053">
			<ele>139.8</ele>
		</trkpt>
		<trkpt lat="45.168486658" lon="4.806473558">
			<ele>138.8</ele>
		</trkpt>
		<trkpt lat="45.168086487" lon="4.806636825">
			<ele>138.3</ele>
		</trkpt>
		<trkpt lat="45.167642532" lon="4.806924858">
			<ele>136.5</ele>
		</trkpt>
		<trkpt lat="45.167475923" lon="4.806949782">
			<ele>138.3</ele>
		</trkpt>
		<trkpt lat="45.164295994" lon="4.809228996">
			<ele>133.5</ele>
		</trkpt>
		<trkpt lat="45.162989987" lon="4.810034004">
			<ele>135.3</ele>
		</trkpt>
		<trkpt lat="45.162517994" lon="4.810457001">
			<ele>134.5</ele>
		</trkpt>
		<trkpt lat="45.162251987" lon="4.810854996">
			<ele>131.4</ele>
		</trkpt>
		<trkpt lat="45.162103994" lon="4.811016995">
			<ele>131.4</ele>
		</trkpt>
		<trkpt lat="45.161895989" lon="4.811118002">
			<ele>129.4</ele>
		</trkpt>
		<trkpt lat="45.16156599" lon="4.811380002">
			<ele>131.4</ele>
		</trkpt>
		<trkpt lat="45.161173986" lon="4.811980004">
			<ele>132</ele>
		</trkpt>
		<trkpt lat="45.160650994" lon="4.812878003">
			<ele>133.6</ele>
		</trkpt>
		<trkpt lat="45.16039399" lon="4.813478002">
			<ele>132.5</ele>
		</trkpt>
		<trkpt lat="45.160310991" lon="4.814008004">
			<ele>130.8</ele>
		</trkpt>
		<trkpt lat="45.16022399" lon="4.814276001">
			<ele>128.7</ele>
		</trkpt>
		<trkpt lat="45.159267991" lon="4.816758003">
			<ele>128.3</ele>
		</trkpt>
		<trkpt lat="45.159224995" lon="4.817076001">
			<ele>127.7</ele>
		</trkpt>
		<trkpt lat="45.159316988" lon="4.817498995">
			<ele>126.9</ele>
		</trkpt>
		<trkpt lat="45.15932999" lon="4.817940997">
			<ele>126.1</ele>
		</trkpt>
		<trkpt lat="45.159236988" lon="4.818453993">
			<ele>125.6</ele>
		</trkpt>
		<trkpt lat="45.158958991" lon="4.820552003">
			<ele>127</ele>
		</trkpt>
		<trkpt lat="45.15861199" lon="4.822038999">
			<ele>128.1</ele>
		</trkpt>
		<trkpt lat="45.158498988" lon="4.822414994">
			<ele>129.4</ele>
		</trkpt>
		<trkpt lat="45.158173987" lon="4.823252003">
			<ele>128.3</ele>
		</trkpt>
		<trkpt lat="45.157850991" lon="4.823821005">
			<ele>128.1</ele>
		</trkpt>
		<trkpt lat="45.157370992" lon="4.824406997">
			<ele>127.9</ele>
		</trkpt>
		<trkpt lat="45.156649992" lon="4.824883003">
			<ele>127.4</ele>
		</trkpt>
		<trkpt lat="45.15601199" lon="4.825074">
			<ele>127.6</ele>
		</trkpt>
		<trkpt lat="45.155230986" lon="4.825126004">
			<ele>126.9</ele>
		</trkpt>
		<trkpt lat="45.154479991" lon="4.824991998">
			<ele>127.2</ele>
		</trkpt>
		<trkpt lat="45.153703992" lon="4.824677996">
			<ele>127.8</ele>
		</trkpt>
		<trkpt lat="45.153120987" lon="4.824274">
			<ele>127.8</ele>
		</trkpt>
		<trkpt lat="45.150529994" lon="4.822116999">
			<ele>123.4</ele>
		</trkpt>
		<trkpt lat="45.14907799" lon="4.820854005">
			<ele>124</ele>
		</trkpt>
		<trkpt lat="45.147787993" lon="4.819623998">
			<ele>126.1</ele>
		</trkpt>
		<trkpt lat="45.145550993" lon="4.817364">
			<ele>127.5</ele>
		</trkpt>
		<trkpt lat="45.144711986" lon="4.816455997">
			<ele>127.3</ele>
		</trkpt>
		<trkpt lat="45.143416993" lon="4.815205995">
			<ele>125.8</ele>
		</trkpt>
		<trkpt lat="45.142409994" lon="4.814119999">
			<ele>124.1</ele>
		</trkpt>
		<trkpt lat="45.141927995" lon="4.813507994">
			<ele>123.7</ele>
		</trkpt>
		<trkpt lat="45.141788073" lon="4.813087274">
			<ele>123.5</ele>
		</trkpt>
		<trkpt lat="45.141479931" lon="4.812798297">
			<ele>124.2</ele>
		</trkpt>
		<trkpt lat="45.14137544" lon="4.812551549">
			<ele>124.1</ele>
		</trkpt>
		<trkpt lat="45.141233463" lon="4.812542082">
			<ele>125</ele>
		</trkpt>
		<trkpt lat="45.141075991" lon="4.812452996">
			<ele>126.1</ele>
		</trkpt>
		<trkpt lat="45.140763995" lon="4.812099">
			<ele>128.4</ele>
		</trkpt>
		<trkpt lat="45.139857993" lon="4.810870996">
			<ele>129</ele>
		</trkpt>
		<trkpt lat="45.13908699" lon="4.809710994">
			<ele>130.1</ele>
		</trkpt>
		<trkpt lat="45.138759993" lon="4.809142996">
			<ele>129.2</ele>
		</trkpt>
		<trkpt lat="45.138566107" lon="4.808701235">
			<ele>128.3</ele>
		</trkpt>
		<trkpt lat="45.138353571" lon="4.807999164">
			<ele>127.5</ele>
		</trkpt>
		<trkpt lat="45.138324662" lon="4.807630025">
			<ele>127.6</ele>
		</trkpt>
		<trkpt lat="45.138170135" lon="4.807190055">
			<ele>127</ele>
		</trkpt>
		<trkpt lat="45.137975726" lon="4.806807295">
			<ele>126.5</ele>
		</trkpt>
		<trkpt lat="45.137695474" lon="4.806428532">
			<ele>125.8</ele>
		</trkpt>
		<trkpt lat="45.137528651" lon="4.806293789">
			<ele>125.2</ele>
		</trkpt>
		<trkpt lat="45.136879987" lon="4.805080004">
			<ele>125.1</ele>
		</trkpt>
		<trkpt lat="45.136340994" lon="4.804429003">
			<ele>127.3</ele>
		</trkpt>
		<trkpt lat="45.13527899" lon="4.803618999">
			<ele>127</ele>
		</trkpt>
		<trkpt lat="45.134948987" lon="4.803141005">
			<ele>133.4</ele>
		</trkpt>
		<trkpt lat="45.134833994" lon="4.803054001">
			<ele>132</ele>
		</trkpt>
		<trkpt lat="45.134554987" lon="4.802948001">
			<ele>134.9</ele>
		</trkpt>
		<trkpt lat="45.134240988" lon="4.802958">
			<ele>132.1</ele>
		</trkpt>
		<trkpt lat="45.133931995" lon="4.802743005">
			<ele>130.7</ele>
		</trkpt>
		<trkpt lat="45.133758988" lon="4.802688004">
			<ele>136.1</ele>
		</trkpt>
		<trkpt lat="45.133242987" lon="4.802674997">
			<ele>139</ele>
		</trkpt>
		<trkpt lat="45.131859987" lon="4.802453996">
			<ele>133</ele>
		</trkpt>
		<trkpt lat="45.131393989" lon="4.802498996">
			<ele>126.9</ele>
		</trkpt>
		<trkpt lat="45.12861299" lon="4.801977">
			<ele>129.7</ele>
		</trkpt>
		<trkpt lat="45.128126994" lon="4.801795996">
			<ele>133.3</ele>
		</trkpt>
		<trkpt lat="45.127573987" lon="4.801696004">
			<ele>129</ele>
		</trkpt>
		<trkpt lat="45.126786991" lon="4.801666995">
			<ele>125.3</ele>
		</trkpt>
		<trkpt lat="45.12628299" lon="4.801519999">
			<ele>124</ele>
		</trkpt>
		<trkpt lat="45.125440994" lon="4.801366005">
			<ele>120.4</ele>
		</trkpt>
		<trkpt lat="45.125090991" lon="4.801405994">
			<ele>119.4</ele>
		</trkpt>
		<trkpt lat="45.124985987" lon="4.801372993">
			<ele>121.6</ele>
		</trkpt>
		<trkpt lat="45.124843995" lon="4.801263001">
			<ele>121.6</ele>
		</trkpt>
		<trkpt lat="45.124069987" lon="4.801035994">
			<ele>126.9</ele>
		</trkpt>
		<trkpt lat="45.123848993" lon="4.801058006">
			<ele>126.7</ele>
		</trkpt>
		<trkpt lat="45.123262988" lon="4.800944002">
			<ele>126.9</ele>
		</trkpt>
		<trkpt lat="45.122992991" lon="4.800946993">
			<ele>127</ele>
		</trkpt>
		<trkpt lat="45.122333992" lon="4.801041996">
			<ele>127.4</ele>
		</trkpt>
		<trkpt lat="45.121999993" lon="4.801202999">
			<ele>126.5</ele>
		</trkpt>
		<trkpt lat="45.121642989" lon="4.801266003">
			<ele>126.7</ele>
		</trkpt>
		<trkpt lat="45.121501994" lon="4.801450002">
			<ele>125.9</ele>
		</trkpt>
		<trkpt lat="45.121310994" lon="4.801540999">
			<ele>125.9</ele>
		</trkpt>
		<trkpt lat="45.12112499" lon="4.801558004">
			<ele>125.7</ele>
		</trkpt>
		<trkpt lat="45.120871988" lon="4.801730999">
			<ele>124.5</ele>
		</trkpt>
		<trkpt lat="45.120704992" lon="4.802251001">
			<ele>123</ele>
		</trkpt>
		<trkpt lat="45.120610989" lon="4.802657998">
			<ele>122.7</ele>
		</trkpt>
		<trkpt lat="45.120461994" lon="4.803654001">
			<ele>121.9</ele>
		</trkpt>
		<trkpt lat="45.120198989" lon="4.803991998">
			<ele>122.7</ele>
		</trkpt>
		<trkpt lat="45.119824988" lon="4.804614996">
			<ele>122.8</ele>
		</trkpt>
		<trkpt lat="45.119195989" lon="4.805387999">
			<ele>121.6</ele>
		</trkpt>
		<trkpt lat="45.118564988" lon="4.806013995">
			<ele>121</ele>
		</trkpt>
		<trkpt lat="45.118057987" lon="4.806447999">
			<ele>122.1</ele>
		</trkpt>
		<trkpt lat="45.117752991" lon="4.806630005">
			<ele>122.6</ele>
		</trkpt>
		<trkpt lat="45.116163989" lon="4.807793997">
			<ele>123.2</ele>
		</trkpt>
		<trkpt lat="45.115597986" lon="4.808327004">
			<ele>124</ele>
		</trkpt>
		<trkpt lat="45.113819989" lon="4.809856999">
			<ele>124.7</ele>
		</trkpt>
		<trkpt lat="45.11347499" lon="4.810342999">
			<ele>124.1</ele>
		</trkpt>
		<trkpt lat="45.113307987" lon="4.810460995">
			<ele>123.6</ele>
		</trkpt>
		<trkpt lat="45.112541995" lon="4.810832001">
			<ele>123.3</ele>
		</trkpt>
		<trkpt lat="45.112227994" lon="4.811135996">
			<ele>123.5</ele>
		</trkpt>
		<trkpt lat="45.112011988" lon="4.811418004">
			<ele>123.2</ele>
		</trkpt>
		<trkpt lat="45.111629995" lon="4.812185996">
			<ele>121.9</ele>
		</trkpt>
		<trkpt lat="45.111530995" lon="4.812257003">
			<ele>121.9</ele>
		</trkpt>
		<trkpt lat="45.110408993" lon="4.812490004">
			<ele>121.3</ele>
		</trkpt>
		<trkpt lat="45.110137989" lon="4.812631999">
			<ele>121.4</ele>
		</trkpt>
		<trkpt lat="45.109572987" lon="4.813153995">
			<ele>121.1</ele>
		</trkpt>
		<trkpt lat="45.109320991" lon="4.813557002">
			<ele>121.2</ele>
		</trkpt>
		<trkpt lat="45.109109993" lon="4.814059995">
			<ele>121.5</ele>
		</trkpt>
		<trkpt lat="45.108807989" lon="4.814664995">
			<ele>121.4</ele>
		</trkpt>
		<trkpt lat="45.107715988" lon="4.816723002">
			<ele>121.5</ele>
		</trkpt>
		<trkpt lat="45.107203993" lon="4.817306">
			<ele>122.7</ele>
		</trkpt>
		<trkpt lat="45.106009994" lon="4.818469996">
			<ele>120.8</ele>
		</trkpt>
		<trkpt lat="45.10552799" lon="4.819101005">
			<ele>121.2</ele>
		</trkpt>
		<trkpt lat="45.104109993" lon="4.820356005">
			<ele>123</ele>
		</trkpt>
		<trkpt lat="45.103571991" lon="4.821043996">
			<ele>122.1</ele>
		</trkpt>
		<trkpt lat="45.10309465" lon="4.821562319">
			<ele>122.8</ele>
		</trkpt>
		<trkpt lat="45.102842169" lon="4.821596772">
			<ele>122.8</ele>
		</trkpt>
		<trkpt lat="45.102164704" lon="4.821532022">
			<ele>122.4</ele>
		</trkpt>
		<trkpt lat="45.102039872" lon="4.82156589">
			<ele>122.4</ele>
		</trkpt>
		<trkpt lat="45.101863978" lon="4.821640798">
			<ele>122.7</ele>
		</trkpt>
		<trkpt lat="45.101452977" lon="4.8221254">
			<ele>122.6</ele>
		</trkpt>
		<trkpt lat="45.101269059" lon="4.822280668">
			<ele>122.5</ele>
		</trkpt>
		<trkpt lat="45.100822647" lon="4.822465314">
			<ele>121.8</ele>
		</trkpt>
		<trkpt lat="45.100359276" lon="4.822454954">
			<ele>121.1</ele>
		</trkpt>
		<trkpt lat="45.099513275" lon="4.822221069">
			<ele>120.5</ele>
		</trkpt>
		<trkpt lat="45.098333859" lon="4.82224666">
			<ele>120</ele>
		</trkpt>
		<trkpt lat="45.097202425" lon="4.822418456">
			<ele>121.4</ele>
		</trkpt>
		<trkpt lat="45.096345046" lon="4.822675053">
			<ele>122</ele>
		</trkpt>
		<trkpt lat="45.096054276" lon="4.822791256">
			<ele>122.2</ele>
		</trkpt>
		<trkpt lat="45.095765923" lon="4.82296444">
			<ele>122.1</ele>
		</trkpt>
		<trkpt lat="45.094845255" lon="4.823086172">
			<ele>122</ele>
		</trkpt>
		<trkpt lat="45.094180665" lon="4.823261311">
			<ele>122.3</ele>
		</trkpt>
		<trkpt lat="45.091359433" lon="4.823344779">
			<ele>119.8</ele>
		</trkpt>
		<trkpt lat="45.089452814" lon="4.823574241">
			<ele>120.5</ele>
		</trkpt>
		<trkpt lat="45.08825296" lon="4.823411831">
			<ele>120.4</ele>
		</trkpt>
		<trkpt lat="45.087673263" lon="4.823428504">
			<ele>119.8</ele>
		</trkpt>
		<trkpt lat="45.087116957" lon="4.823504002">
			<ele>119.7</ele>
		</trkpt>
		<trkpt lat="45.085938344" lon="4.823838978">
			<ele>119.6</ele>
		</trkpt>
		<trkpt lat="45.084876095" lon="4.823991628">
			<ele>120</ele>
		</trkpt>
		<trkpt lat="45.084726813" lon="4.82397964">
			<ele>119.9</ele>
		</trkpt>
		<trkpt lat="45.084692655" lon="4.824014085">
			<ele>119.9</ele>
		</trkpt>
		<trkpt lat="45.084671925" lon="4.82466536">
			<ele>119.6</ele>
		</trkpt>
		<trkpt lat="45.08459675" lon="4.828227264">
			<ele>121.2</ele>
		</trkpt>
		<trkpt lat="45.084545195" lon="4.828451986">
			<ele>121.8</ele>
		</trkpt>
		<trkpt lat="45.084361993" lon="4.82872">
			<ele>123</ele>
		</trkpt>
		<trkpt lat="45.083286994" lon="4.828068995">
			<ele>121.3</ele>
		</trkpt>
		<trkpt lat="45.082513993" lon="4.827652996">
			<ele>121.6</ele>
		</trkpt>
		<trkpt lat="45.081337992" lon="4.826836004">
			<ele>120.2</ele>
		</trkpt>
		<trkpt lat="45.08058899" lon="4.826565002">
			<ele>121.2</ele>
		</trkpt>
		<trkpt lat="45.08051199" lon="4.826401005">
			<ele>121</ele>
		</trkpt>
		<trkpt lat="45.080356993" lon="4.826258005">
			<ele>121.4</ele>
		</trkpt>
		<trkpt lat="45.080218995" lon="4.826200999">
			<ele>121.7</ele>
		</trkpt>
		<trkpt lat="45.07993299" lon="4.826279005">
			<ele>121.5</ele>
		</trkpt>
		<trkpt lat="45.077580988" lon="4.826037995">
			<ele>121.6</ele>
		</trkpt>
		<trkpt lat="45.075883278" lon="4.82471841">
			<ele>121.8</ele>
		</trkpt>
		<trkpt lat="45.075815469" lon="4.824554526">
			<ele>121.2</ele>
		</trkpt>
		<trkpt lat="45.075827809" lon="4.824339374">
			<ele>121.2</ele>
		</trkpt>
		<trkpt lat="45.076029037" lon="4.824068187">
			<ele>121.2</ele>
		</trkpt>
		<trkpt lat="45.076213988" lon="4.823603995">
			<ele>120.2</ele>
		</trkpt>
		<trkpt lat="45.076347139" lon="4.823116821">
			<ele>119.9</ele>
		</trkpt>
		<trkpt lat="45.076810994" lon="4.822416993">
			<ele>119.9</ele>
		</trkpt>
		<trkpt lat="45.076797989" lon="4.822226994">
			<ele>119.8</ele>
		</trkpt>
		<trkpt lat="45.075327995" lon="4.816669003">
			<ele>121.5</ele>
		</trkpt>
		<trkpt lat="45.075285491" lon="4.816530001">
			<ele>121.5</ele>
		</trkpt>
		<trkpt lat="45.075228991" lon="4.816522993">
			<ele>121.5</ele>
		</trkpt>
		<trkpt lat="45.074194989" lon="4.817285001">
			<ele>122</ele>
		</trkpt>
		<trkpt lat="45.073852993" lon="4.817634999">
			<ele>122.7</ele>
		</trkpt>
		<trkpt lat="45.073607989" lon="4.818216005">
			<ele>122.4</ele>
		</trkpt>
		<trkpt lat="45.073207988" lon="4.819633004">
			<ele>124.1</ele>
		</trkpt>
		<trkpt lat="45.072713987" lon="4.821184996">
			<ele>124.3</ele>
		</trkpt>
		<trkpt lat="45.07259899" lon="4.821587995">
			<ele>124.8</ele>
		</trkpt>
		<trkpt lat="45.072582995" lon="4.821853996">
			<ele>124.8</ele>
		</trkpt>
		<trkpt lat="45.072829989" lon="4.822437997">
			<ele>123.9</ele>
		</trkpt>
		<trkpt lat="45.072889987" lon="4.822773993">
			<ele>123.5</ele>
		</trkpt>
		<trkpt lat="45.072929987" lon="4.823469004">
			<ele>124.1</ele>
		</trkpt>
		<trkpt lat="45.072917995" lon="4.823805998">
			<ele>123.4</ele>
		</trkpt>
		<trkpt lat="45.072885988" lon="4.824174">
			<ele>120.4</ele>
		</trkpt>
		<trkpt lat="45.072740989" lon="4.824996004">
			<ele>117.7</ele>
		</trkpt>
		<trkpt lat="45.072494995" lon="4.825844996">
			<ele>119.6</ele>
		</trkpt>
		<trkpt lat="45.072326987" lon="4.826313999">
			<ele>117.9</ele>
		</trkpt>
		<trkpt lat="45.072167995" lon="4.826678993">
			<ele>119.7</ele>
		</trkpt>
		<trkpt lat="45.071657988" lon="4.827551997">
			<ele>121.7</ele>
		</trkpt>
		<trkpt lat="45.071142992" lon="4.828199004">
			<ele>123</ele>
		</trkpt>
		<trkpt lat="45.070838987" lon="4.828505">
			<ele>122.9</ele>
		</trkpt>
		<trkpt lat="45.070822988" lon="4.828575996">
			<ele>122.9</ele>
		</trkpt>
		<trkpt lat="45.070846994" lon="4.828640495">
			<ele>122</ele>
		</trkpt>
		<trkpt lat="45.071155493" lon="4.829049495">
			<ele>119.7</ele>
		</trkpt>
		<trkpt lat="45.071139992" lon="4.829139001">
			<ele>119.7</ele>
		</trkpt>
		<trkpt lat="45.070991589" lon="4.829290761">
			<ele>118.1</ele>
		</trkpt>
		<trkpt lat="45.070801002" lon="4.829332115">
			<ele>119.1</ele>
		</trkpt>
		<trkpt lat="45.070444994" lon="4.829712">
			<ele>118.2</ele>
		</trkpt>
		<trkpt lat="45.069949987" lon="4.830353005">
			<ele>118.1</ele>
		</trkpt>
		<trkpt lat="45.069603992" lon="4.830905994">
			<ele>118.6</ele>
		</trkpt>
		<trkpt lat="45.068787992" lon="4.832425003">
			<ele>120.5</ele>
		</trkpt>
		<trkpt lat="45.068623992" lon="4.833005003">
			<ele>119</ele>
		</trkpt>
		<trkpt lat="45.068395992" lon="4.833504993">
			<ele>118.1</ele>
		</trkpt>
		<trkpt lat="45.067785357" lon="4.834598376">
			<ele>118.5</ele>
		</trkpt>
	</trkseg>
</trk>
<trk>
	<name>19: Tournon-sur-Rhône – Valence (Developed + Signed)</name>
	<desc>Developed + Signed</desc>
	<trkseg>
		<trkpt lat="45.067785357" lon="4.834598376">
			<ele>118.5</ele>
		</trkpt>
		<trkpt lat="45.065947987" lon="4.838937002">
			<ele>117.2</ele>
		</trkpt>
		<trkpt lat="45.065656856" lon="4.839742766">
			<ele>117.2</ele>
		</trkpt>
		<trkpt lat="45.065629993" lon="4.839909995">
			<ele>117.9</ele>
		</trkpt>
		<trkpt lat="45.065675995" lon="4.840065004">
			<ele>117.1</ele>
		</trkpt>
		<trkpt lat="45.065619993" lon="4.840196999">
			<ele>117.1</ele>
		</trkpt>
		<trkpt lat="45.065519988" lon="4.840277003">
			<ele>117.1</ele>
		</trkpt>
		<trkpt lat="45.064959025" lon="4.842676142">
			<ele>116.9</ele>
		</trkpt>
		<trkpt lat="45.064736918" lon="4.84374367">
			<ele>116.5</ele>
		</trkpt>
		<trkpt lat="45.064623794" lon="4.844312488">
			<ele>116.7</ele>
		</trkpt>
		<trkpt lat="45.064597612" lon="4.844708489">
			<ele>116.7</ele>
		</trkpt>
		<trkpt lat="45.064338674" lon="4.846294133">
			<ele>116.6</ele>
		</trkpt>
		<trkpt lat="45.063456604" lon="4.849764086">
			<ele>117</ele>
		</trkpt>
		<trkpt lat="45.062957988" lon="4.851243994">
			<ele>116.2</ele>
		</trkpt>
		<trkpt lat="45.062673994" lon="4.851985002">
			<ele>116</ele>
		</trkpt>
		<trkpt lat="45.061995988" lon="4.853435">
			<ele>116.4</ele>
		</trkpt>
		<trkpt lat="45.061159994" lon="4.854860994">
			<ele>116.4</ele>
		</trkpt>
		<trkpt lat="45.060351991" lon="4.855979994">
			<ele>116.1</ele>
		</trkpt>
		<trkpt lat="45.059894993" lon="4.856469998">
			<ele>116.2</ele>
		</trkpt>
		<trkpt lat="45.059368991" lon="4.856829995">
			<ele>117.1</ele>
		</trkpt>
		<trkpt lat="45.058872987" lon="4.857088001">
			<ele>117.1</ele>
		</trkpt>
		<trkpt lat="45.058428987" lon="4.857259998">
			<ele>116.6</ele>
		</trkpt>
		<trkpt lat="45.057995988" lon="4.857354996">
			<ele>116.6</ele>
		</trkpt>
		<trkpt lat="45.05746099" lon="4.857401002">
			<ele>116.4</ele>
		</trkpt>
		<trkpt lat="45.056586994" lon="4.857293996">
			<ele>117.1</ele>
		</trkpt>
		<trkpt lat="45.055908993" lon="4.857131999">
			<ele>121.2</ele>
		</trkpt>
		<trkpt lat="45.054851987" lon="4.856809005">
			<ele>120.4</ele>
		</trkpt>
		<trkpt lat="45.054108993" lon="4.856471003">
			<ele>118</ele>
		</trkpt>
		<trkpt lat="45.053309987" lon="4.856011004">
			<ele>120</ele>
		</trkpt>
		<trkpt lat="45.052414987" lon="4.855390003">
			<ele>119.8</ele>
		</trkpt>
		<trkpt lat="45.051470992" lon="4.854566001">
			<ele>120.7</ele>
		</trkpt>
		<trkpt lat="45.047270987" lon="4.850036002">
			<ele>117.5</ele>
		</trkpt>
		<trkpt lat="45.046351989" lon="4.849015998">
			<ele>116.6</ele>
		</trkpt>
		<trkpt lat="45.045524995" lon="4.847974001">
			<ele>116.5</ele>
		</trkpt>
		<trkpt lat="45.044392991" lon="4.846313003">
			<ele>117</ele>
		</trkpt>
		<trkpt lat="45.043901994" lon="4.845647993">
			<ele>119.1</ele>
		</trkpt>
		<trkpt lat="45.042790994" lon="4.844364497">
			<ele>117.3</ele>
		</trkpt>
		<trkpt lat="45.042776987" lon="4.844250999">
			<ele>117.3</ele>
		</trkpt>
		<trkpt lat="45.042973995" lon="4.843856995">
			<ele>116.8</ele>
		</trkpt>
		<trkpt lat="45.043000987" lon="4.843746003">
			<ele>116.5</ele>
		</trkpt>
		<trkpt lat="45.042886994" lon="4.843590998">
			<ele>116.5</ele>
		</trkpt>
		<trkpt lat="45.037291989" lon="4.838165998">
			<ele>118.5</ele>
		</trkpt>
		<trkpt lat="45.037006989" lon="4.837922993">
			<ele>116.8</ele>
		</trkpt>
		<trkpt lat="45.035747992" lon="4.837052">
			<ele>116.1</ele>
		</trkpt>
		<trkpt lat="45.035036995" lon="4.836684994">
			<ele>114.5</ele>
		</trkpt>
		<trkpt lat="45.032706991" lon="4.835813002">
			<ele>114.5</ele>
		</trkpt>
		<trkpt lat="45.032302994" lon="4.835739994">
			<ele>114.5</ele>
		</trkpt>
		<trkpt lat="45.031724991" lon="4.835699004">
			<ele>114.5</ele>
		</trkpt>
		<trkpt lat="45.03058899" lon="4.835789994">
			<ele>114.5</ele>
		</trkpt>
		<trkpt lat="45.029208988" lon="4.836090996">
			<ele>116.1</ele>
		</trkpt>
		<trkpt lat="45.028177987" lon="4.836476001">
			<ele>118.1</ele>
		</trkpt>
		<trkpt lat="45.027686991" lon="4.836718">
			<ele>117.2</ele>
		</trkpt>
		<trkpt lat="45.027186988" lon="4.837072997">
			<ele>116.8</ele>
		</trkpt>
		<trkpt lat="45.027037991" lon="4.837260005">
			<ele>117.1</ele>
		</trkpt>
		<trkpt lat="45.026530993" lon="4.837630004">
			<ele>116.3</ele>
		</trkpt>
		<trkpt lat="45.025610995" lon="4.838493003">
			<ele>114.7</ele>
		</trkpt>
		<trkpt lat="45.024458989" lon="4.839841002">
			<ele>114.9</ele>
		</trkpt>
		<trkpt lat="45.023519987" lon="4.841087994">
			<ele>115</ele>
		</trkpt>
		<trkpt lat="45.022860994" lon="4.841813005">
			<ele>114.6</ele>
		</trkpt>
		<trkpt lat="45.022414992" lon="4.842166999">
			<ele>114.1</ele>
		</trkpt>
		<trkpt lat="45.021915991" lon="4.842487">
			<ele>114.1</ele>
		</trkpt>
		<trkpt lat="45.021421987" lon="4.842719995">
			<ele>115.1</ele>
		</trkpt>
		<trkpt lat="45.02092799" lon="4.842927006">
			<ele>116.3</ele>
		</trkpt>
		<trkpt lat="45.020604993" lon="4.842996998">
			<ele>117</ele>
		</trkpt>
		<trkpt lat="45.020118988" lon="4.843034004">
			<ele>116.9</ele>
		</trkpt>
		<trkpt lat="45.019411989" lon="4.842984994">
			<ele>115.8</ele>
		</trkpt>
		<trkpt lat="45.018804988" lon="4.842874998">
			<ele>114.1</ele>
		</trkpt>
		<trkpt lat="45.018080988" lon="4.842561998">
			<ele>113.2</ele>
		</trkpt>
		<trkpt lat="45.017618995" lon="4.842321002">
			<ele>113.9</ele>
		</trkpt>
		<trkpt lat="45.017164993" lon="4.841959999">
			<ele>114.3</ele>
		</trkpt>
		<trkpt lat="45.016710992" lon="4.841526003">
			<ele>114.7</ele>
		</trkpt>
		<trkpt lat="45.016259987" lon="4.840975003">
			<ele>115.3</ele>
		</trkpt>
		<trkpt lat="45.015749989" lon="4.840789995">
			<ele>115.9</ele>
		</trkpt>
		<trkpt lat="45.015206992" lon="4.840147994">
			<ele>117</ele>
		</trkpt>
		<trkpt lat="45.014387992" lon="4.839080003">
			<ele>116.1</ele>
		</trkpt>
		<trkpt lat="45.013951988" lon="4.838220999">
			<ele>114.7</ele>
		</trkpt>
		<trkpt lat="45.013679989" lon="4.837547002">
			<ele>115.2</ele>
		</trkpt>
		<trkpt lat="45.013549358" lon="4.837105915">
			<ele>116.6</ele>
		</trkpt>
		<trkpt lat="45.0136009" lon="4.836661193">
			<ele>115.9</ele>
		</trkpt>
		<trkpt lat="45.013561841" lon="4.836544344">
			<ele>115.9</ele>
		</trkpt>
		<trkpt lat="45.013499538" lon="4.836520767">
			<ele>115.9</ele>
		</trkpt>
		<trkpt lat="45.013388487" lon="4.836578311">
			<ele>115.7</ele>
		</trkpt>
		<trkpt lat="45.013308551" lon="4.83674678">
			<ele>116.3</ele>
		</trkpt>
		<trkpt lat="45.013278921" lon="4.836935018">
			<ele>115.7</ele>
		</trkpt>
		<trkpt lat="45.013194307" lon="4.836949243">
			<ele>115.7</ele>
		</trkpt>
		<trkpt lat="45.012681118" lon="4.836341045">
			<ele>113.7</ele>
		</trkpt>
		<trkpt lat="45.012231005" lon="4.835890193">
			<ele>113.5</ele>
		</trkpt>
		<trkpt lat="45.012057491" lon="4.835829059">
			<ele>114</ele>
		</trkpt>
		<trkpt lat="45.011933782" lon="4.835832862">
			<ele>114</ele>
		</trkpt>
		<trkpt lat="45.011644867" lon="4.83597561">
			<ele>113.1</ele>
		</trkpt>
		<trkpt lat="45.011510465" lon="4.836142289">
			<ele>113.1</ele>
		</trkpt>
		<trkpt lat="45.010822173" lon="4.837411181">
			<ele>110.8</ele>
		</trkpt>
		<trkpt lat="45.010733774" lon="4.837630619">
			<ele>110.7</ele>
		</trkpt>
		<trkpt lat="45.010145187" lon="4.840953529">
			<ele>117.2</ele>
		</trkpt>
		<trkpt lat="45.010121248" lon="4.841407584">
			<ele>118.2</ele>
		</trkpt>
		<trkpt lat="45.010228358" lon="4.841558915">
			<ele>118.1</ele>
		</trkpt>
		<trkpt lat="45.010463404" lon="4.841754765">
			<ele>117.4</ele>
		</trkpt>
		<trkpt lat="45.010503405" lon="4.841641864">
			<ele>117.4</ele>
		</trkpt>
		<trkpt lat="45.010538983" lon="4.841219765">
			<ele>116.8</ele>
		</trkpt>
		<trkpt lat="45.010588609" lon="4.841100465">
			<ele>116.8</ele>
		</trkpt>
		<trkpt lat="45.010708696" lon="4.841043953">
			<ele>114.9</ele>
		</trkpt>
		<trkpt lat="45.012322506" lon="4.841728566">
			<ele>111</ele>
		</trkpt>
		<trkpt lat="45.012893407" lon="4.842076558">
			<ele>111.4</ele>
		</trkpt>
		<trkpt lat="45.014100765" lon="4.843130824">
			<ele>111.6</ele>
		</trkpt>
		<trkpt lat="45.014507828" lon="4.843587672">
			<ele>112.4</ele>
		</trkpt>
		<trkpt lat="45.015693086" lon="4.845111613">
			<ele>112.1</ele>
		</trkpt>
		<trkpt lat="45.016166823" lon="4.845570685">
			<ele>112</ele>
		</trkpt>
		<trkpt lat="45.016934435" lon="4.846126815">
			<ele>112.6</ele>
		</trkpt>
		<trkpt lat="45.017397215" lon="4.846383967">
			<ele>112.8</ele>
		</trkpt>
		<trkpt lat="45.018527601" lon="4.846905039">
			<ele>113</ele>
		</trkpt>
		<trkpt lat="45.018644116" lon="4.847063432">
			<ele>113</ele>
		</trkpt>
		<trkpt lat="45.018698488" lon="4.847233209">
			<ele>113.3</ele>
		</trkpt>
		<trkpt lat="45.018699795" lon="4.847441553">
			<ele>113.3</ele>
		</trkpt>
		<trkpt lat="45.018658683" lon="4.847621628">
			<ele>113.3</ele>
		</trkpt>
		<trkpt lat="45.018520293" lon="4.847919429">
			<ele>113.4</ele>
		</trkpt>
		<trkpt lat="45.018323304" lon="4.848302658">
			<ele>113.2</ele>
		</trkpt>
		<trkpt lat="45.0177351" lon="4.849284426">
			<ele>114</ele>
		</trkpt>
		<trkpt lat="45.017101931" lon="4.850103425">
			<ele>113.6</ele>
		</trkpt>
		<trkpt lat="45.016427121" lon="4.850847116">
			<ele>112.7</ele>
		</trkpt>
		<trkpt lat="45.015874727" lon="4.851393263">
			<ele>112.8</ele>
		</trkpt>
		<trkpt lat="45.015163258" lon="4.852048365">
			<ele>114.1</ele>
		</trkpt>
		<trkpt lat="45.014443259" lon="4.852642692">
			<ele>112.7</ele>
		</trkpt>
		<trkpt lat="45.01436273" lon="4.85261316">
			<ele>113.8</ele>
		</trkpt>
		<trkpt lat="45.01398247" lon="4.851693523">
			<ele>119.6</ele>
		</trkpt>
		<trkpt lat="45.013673056" lon="4.851098746">
			<ele>119</ele>
		</trkpt>
		<trkpt lat="45.013599674" lon="4.851069453">
			<ele>119.2</ele>
		</trkpt>
		<trkpt lat="45.013599146" lon="4.851244121">
			<ele>119.6</ele>
		</trkpt>
		<trkpt lat="45.014892149" lon="4.854533903">
			<ele>113.6</ele>
		</trkpt>
		<trkpt lat="45.013612261" lon="4.855454093">
			<ele>113.6</ele>
		</trkpt>
		<trkpt lat="45.012327327" lon="4.856216798">
			<ele>112</ele>
		</trkpt>
		<trkpt lat="44.992858695" lon="4.867218461">
			<ele>110.4</ele>
		</trkpt>
		<trkpt lat="44.992828347" lon="4.867321857">
			<ele>110.4</ele>
		</trkpt>
		<trkpt lat="44.992885691" lon="4.867436096">
			<ele>109.8</ele>
		</trkpt>
		<trkpt lat="44.99397442" lon="4.868018199">
			<ele>115.4</ele>
		</trkpt>
		<trkpt lat="44.995212401" lon="4.868917651">
			<ele>116.9</ele>
		</trkpt>
		<trkpt lat="44.994133306" lon="4.871115245">
			<ele>108.6</ele>
		</trkpt>
		<trkpt lat="44.993950086" lon="4.87117613">
			<ele>109.1</ele>
		</trkpt>
		<trkpt lat="44.993925402" lon="4.871057099">
			<ele>109.1</ele>
		</trkpt>
		<trkpt lat="44.993855789" lon="4.870950212">
			<ele>109.1</ele>
		</trkpt>
		<trkpt lat="44.993738125" lon="4.870857408">
			<ele>108.8</ele>
		</trkpt>
		<trkpt lat="44.992132316" lon="4.870330944">
			<ele>109.1</ele>
		</trkpt>
		<trkpt lat="44.990772587" lon="4.869681096">
			<ele>109.5</ele>
		</trkpt>
		<trkpt lat="44.990345934" lon="4.869375033">
			<ele>112.7</ele>
		</trkpt>
		<trkpt lat="44.989616512" lon="4.868536384">
			<ele>110.6</ele>
		</trkpt>
		<trkpt lat="44.988560653" lon="4.867896778">
			<ele>108.5</ele>
		</trkpt>
		<trkpt lat="44.987682267" lon="4.86742085">
			<ele>108.7</ele>
		</trkpt>
		<trkpt lat="44.98706286" lon="4.867030412">
			<ele>109.3</ele>
		</trkpt>
		<trkpt lat="44.986632804" lon="4.866684757">
			<ele>109.1</ele>
		</trkpt>
		<trkpt lat="44.986145225" lon="4.866203798">
			<ele>111.4</ele>
		</trkpt>
		<trkpt lat="44.985673042" lon="4.865660147">
			<ele>109.5</ele>
		</trkpt>
		<trkpt lat="44.985210503" lon="4.864990732">
			<ele>109.6</ele>
		</trkpt>
		<trkpt lat="44.984454791" lon="4.863724677">
			<ele>109.3</ele>
		</trkpt>
		<trkpt lat="44.983827476" lon="4.862436504">
			<ele>108.8</ele>
		</trkpt>
		<trkpt lat="44.983422452" lon="4.861458088">
			<ele>109</ele>
		</trkpt>
		<trkpt lat="44.98308347" lon="4.860753817">
			<ele>109.7</ele>
		</trkpt>
		<trkpt lat="44.982598186" lon="4.860020523">
			<ele>109.9</ele>
		</trkpt>
		<trkpt lat="44.982288973" lon="4.859643633">
			<ele>109.3</ele>
		</trkpt>
		<trkpt lat="44.981813342" lon="4.859188663">
			<ele>109.6</ele>
		</trkpt>
		<trkpt lat="44.981129002" lon="4.858730814">
			<ele>108.6</ele>
		</trkpt>
		<trkpt lat="44.98063125" lon="4.858522093">
			<ele>109.9</ele>
		</trkpt>
		<trkpt lat="44.980134474" lon="4.858396701">
			<ele>108.9</ele>
		</trkpt>
		<trkpt lat="44.979438759" lon="4.858339328">
			<ele>111.3</ele>
		</trkpt>
		<trkpt lat="44.978455177" lon="4.858378046">
			<ele>108.9</ele>
		</trkpt>
		<trkpt lat="44.97759189" lon="4.858525677">
			<ele>113.7</ele>
		</trkpt>
		<trkpt lat="44.97673904" lon="4.858761772">
			<ele>112.4</ele>
		</trkpt>
		<trkpt lat="44.975766859" lon="4.859186932">
			<ele>113.7</ele>
		</trkpt>
		<trkpt lat="44.974011735" lon="4.860285703">
			<ele>112</ele>
		</trkpt>
		<trkpt lat="44.974015258" lon="4.860411065">
			<ele>115.9</ele>
		</trkpt>
		<trkpt lat="44.974205621" lon="4.861065215">
			<ele>118.8</ele>
		</trkpt>
		<trkpt lat="44.974283962" lon="4.861512651">
			<ele>119.8</ele>
		</trkpt>
		<trkpt lat="44.973882883" lon="4.861909622">
			<ele>119.9</ele>
		</trkpt>
		<trkpt lat="44.973655931" lon="4.862282138">
			<ele>119.9</ele>
		</trkpt>
		<trkpt lat="44.973577809" lon="4.862492599">
			<ele>120</ele>
		</trkpt>
		<trkpt lat="44.973362416" lon="4.863272893">
			<ele>121.5</ele>
		</trkpt>
		<trkpt lat="44.972790029" lon="4.866085519">
			<ele>127.3</ele>
		</trkpt>
		<trkpt lat="44.972660163" lon="4.866395015">
			<ele>127.1</ele>
		</trkpt>
		<trkpt lat="44.972578746" lon="4.866740685">
			<ele>127</ele>
		</trkpt>
		<trkpt lat="44.972198067" lon="4.868659899">
			<ele>125.4</ele>
		</trkpt>
		<trkpt lat="44.972037105" lon="4.869299459">
			<ele>126</ele>
		</trkpt>
		<trkpt lat="44.970566249" lon="4.873695641">
			<ele>128.1</ele>
		</trkpt>
		<trkpt lat="44.970483463" lon="4.87381811">
			<ele>128.1</ele>
		</trkpt>
		<trkpt lat="44.970256533" lon="4.874489977">
			<ele>128</ele>
		</trkpt>
		<trkpt lat="44.97007176" lon="4.874781783">
			<ele>127.8</ele>
		</trkpt>
		<trkpt lat="44.969909218" lon="4.874846873">
			<ele>127.8</ele>
		</trkpt>
		<trkpt lat="44.967867665" lon="4.874657672">
			<ele>121.6</ele>
		</trkpt>
		<trkpt lat="44.967284586" lon="4.874452475">
			<ele>119.6</ele>
		</trkpt>
		<trkpt lat="44.967197942" lon="4.874379039">
			<ele>120.3</ele>
		</trkpt>
		<trkpt lat="44.966846205" lon="4.873846202">
			<ele>119.9</ele>
		</trkpt>
		<trkpt lat="44.966683502" lon="4.873738573">
			<ele>119.2</ele>
		</trkpt>
		<trkpt lat="44.966515381" lon="4.873497606">
			<ele>119.2</ele>
		</trkpt>
		<trkpt lat="44.966302132" lon="4.873327102">
			<ele>119.5</ele>
		</trkpt>
		<trkpt lat="44.965997392" lon="4.872946272">
			<ele>119.8</ele>
		</trkpt>
		<trkpt lat="44.965894683" lon="4.87288598">
			<ele>119.8</ele>
		</trkpt>
		<trkpt lat="44.965523372" lon="4.872847667">
			<ele>119.6</ele>
		</trkpt>
		<trkpt lat="44.965229089" lon="4.872665098">
			<ele>119.5</ele>
		</trkpt>
		<trkpt lat="44.965081761" lon="4.872372302">
			<ele>119.4</ele>
		</trkpt>
		<trkpt lat="44.964932282" lon="4.871843373">
			<ele>118.4</ele>
		</trkpt>
		<trkpt lat="44.964725473" lon="4.871562981">
			<ele>117.6</ele>
		</trkpt>
		<trkpt lat="44.96463018" lon="4.871308185">
			<ele>116.6</ele>
		</trkpt>
		<trkpt lat="44.964588641" lon="4.871251588">
			<ele>116.6</ele>
		</trkpt>
		<trkpt lat="44.964531788" lon="4.871256743">
			<ele>116.6</ele>
		</trkpt>
		<trkpt lat="44.964012705" lon="4.871881965">
			<ele>115.7</ele>
		</trkpt>
		<trkpt lat="44.963200261" lon="4.872742399">
			<ele>114.8</ele>
		</trkpt>
		<trkpt lat="44.96297739" lon="4.873053298">
			<ele>114.5</ele>
		</trkpt>
		<trkpt lat="44.962868346" lon="4.873366985">
			<ele>114.1</ele>
		</trkpt>
		<trkpt lat="44.962861576" lon="4.873914714">
			<ele>114</ele>
		</trkpt>
		<trkpt lat="44.963046657" lon="4.874626732">
			<ele>114.3</ele>
		</trkpt>
		<trkpt lat="44.96299846" lon="4.874699687">
			<ele>114.4</ele>
		</trkpt>
		<trkpt lat="44.962882943" lon="4.874769361">
			<ele>114.3</ele>
		</trkpt>
		<trkpt lat="44.962864444" lon="4.874877255">
			<ele>114.3</ele>
		</trkpt>
		<trkpt lat="44.962778616" lon="4.874886804">
			<ele>114.3</ele>
		</trkpt>
		<trkpt lat="44.962546838" lon="4.875318098">
			<ele>114.5</ele>
		</trkpt>
		<trkpt lat="44.962403536" lon="4.875271339">
			<ele>114.5</ele>
		</trkpt>
		<trkpt lat="44.961842688" lon="4.875294094">
			<ele>111.3</ele>
		</trkpt>
		<trkpt lat="44.961748891" lon="4.875177511">
			<ele>109.3</ele>
		</trkpt>
		<trkpt lat="44.960575919" lon="4.876765553">
			<ele>110.1</ele>
		</trkpt>
		<trkpt lat="44.959839939" lon="4.877567044">
			<ele>110.5</ele>
		</trkpt>
		<trkpt lat="44.959319002" lon="4.877918038">
			<ele>109</ele>
		</trkpt>
		<trkpt lat="44.958557358" lon="4.878544487">
			<ele>108.8</ele>
		</trkpt>
		<trkpt lat="44.958007375" lon="4.878920405">
			<ele>107.7</ele>
		</trkpt>
		<trkpt lat="44.956849403" lon="4.879598291">
			<ele>109.1</ele>
		</trkpt>
		<trkpt lat="44.954866178" lon="4.880372249">
			<ele>110.4</ele>
		</trkpt>
		<trkpt lat="44.953796708" lon="4.880831429">
			<ele>109</ele>
		</trkpt>
		<trkpt lat="44.944948289" lon="4.884764875">
			<ele>110.3</ele>
		</trkpt>
		<trkpt lat="44.943804019" lon="4.885378878">
			<ele>108.5</ele>
		</trkpt>
		<trkpt lat="44.943607131" lon="4.885570808">
			<ele>108.9</ele>
		</trkpt>
		<trkpt lat="44.943396449" lon="4.886079394">
			<ele>110.8</ele>
		</trkpt>
		<trkpt lat="44.943259089" lon="4.886298521">
			<ele>111.6</ele>
		</trkpt>
		<trkpt lat="44.942991889" lon="4.886664425">
			<ele>112.5</ele>
		</trkpt>
		<trkpt lat="44.942805147" lon="4.886816681">
			<ele>113</ele>
		</trkpt>
		<trkpt lat="44.942577458" lon="4.886838654">
			<ele>112.9</ele>
		</trkpt>
		<trkpt lat="44.94204387" lon="4.886779219">
			<ele>110.7</ele>
		</trkpt>
		<trkpt lat="44.941873294" lon="4.886660859">
			<ele>110.1</ele>
		</trkpt>
		<trkpt lat="44.94162997" lon="4.886860118">
			<ele>110.3</ele>
		</trkpt>
		<trkpt lat="44.941284494" lon="4.886878127">
			<ele>109.3</ele>
		</trkpt>
		<trkpt lat="44.941236586" lon="4.888707937">
			<ele>112.6</ele>
		</trkpt>
		<trkpt lat="44.941260224" lon="4.889298466">
			<ele>112.9</ele>
		</trkpt>
		<trkpt lat="44.941241064" lon="4.889620839">
			<ele>112.7</ele>
		</trkpt>
		<trkpt lat="44.941179661" lon="4.889889922">
			<ele>112.3</ele>
		</trkpt>
		<trkpt lat="44.941061486" lon="4.890155608">
			<ele>112.3</ele>
		</trkpt>
		<trkpt lat="44.941332864" lon="4.890163285">
			<ele>112.4</ele>
		</trkpt>
		<trkpt lat="44.941613078" lon="4.890270526">
			<ele>112.5</ele>
		</trkpt>
		<trkpt lat="44.941633904" lon="4.890221583">
			<ele>112.5</ele>
		</trkpt>
		<trkpt lat="44.94129209" lon="4.890085598">
			<ele>112.4</ele>
		</trkpt>
		<trkpt lat="44.940625987" lon="4.889961001">
			<ele>112.1</ele>
		</trkpt>
		<trkpt lat="44.939622989" lon="4.889891004">
			<ele>112.7</ele>
		</trkpt>
		<trkpt lat="44.939509989" lon="4.889953996">
			<ele>112.7</ele>
		</trkpt>
		<trkpt lat="44.938760987" lon="4.889798005">
			<ele>112.5</ele>
		</trkpt>
		<trkpt lat="44.93793799" lon="4.889696001">
			<ele>111.5</ele>
		</trkpt>
		<trkpt lat="44.937381988" lon="4.889502002">
			<ele>110.6</ele>
		</trkpt>
		<trkpt lat="44.937158987" lon="4.889903996">
			<ele>112.5</ele>
		</trkpt>
		<trkpt lat="44.936471988" lon="4.889850005">
			<ele>113.9</ele>
		</trkpt>
		<trkpt lat="44.935813989" lon="4.889895006">
			<ele>116.7</ele>
		</trkpt>
		<trkpt lat="44.935580992" lon="4.889700004">
			<ele>116.7</ele>
		</trkpt>
		<trkpt lat="44.934506989" lon="4.889068">
			<ele>118.4</ele>
		</trkpt>
		<trkpt lat="44.933834993" lon="4.889048">
			<ele>118.7</ele>
		</trkpt>
		<trkpt lat="44.933818988" lon="4.888146001">
			<ele>109.7</ele>
		</trkpt>
		<trkpt lat="44.933059993" lon="4.888108997">
			<ele>111.7</ele>
		</trkpt>
		<trkpt lat="44.932272988" lon="4.887746005">
			<ele>113.7</ele>
		</trkpt>
		<trkpt lat="44.93219999" lon="4.887743003">
			<ele>113.9</ele>
		</trkpt>
		<trkpt lat="44.932357989" lon="4.887126998">
			<ele>112.8</ele>
		</trkpt>
		<trkpt lat="44.931220989" lon="4.886610998">
			<ele>114.2</ele>
		</trkpt>
		<trkpt lat="44.93114599" lon="4.886623994">
			<ele>114.2</ele>
		</trkpt>
		<trkpt lat="44.931044986" lon="4.886876004">
			<ele>114.6</ele>
		</trkpt>
		<trkpt lat="44.930945989" lon="4.886875006">
			<ele>114.6</ele>
		</trkpt>
		<trkpt lat="44.930747994" lon="4.886757002">
			<ele>114.1</ele>
		</trkpt>
		<trkpt lat="44.930823227" lon="4.886267534">
			<ele>112.4</ele>
		</trkpt>
		<trkpt lat="44.930775288" lon="4.886235075">
			<ele>112.4</ele>
		</trkpt>
		<trkpt lat="44.930894039" lon="4.885672204">
			<ele>111.4</ele>
		</trkpt>
		<trkpt lat="44.93107744" lon="4.885025036">
			<ele>110.1</ele>
		</trkpt>
		<trkpt lat="44.93112747" lon="4.884701071">
			<ele>108.9</ele>
		</trkpt>
		<trkpt lat="44.931097933" lon="4.884578707">
			<ele>108.5</ele>
		</trkpt>
		<trkpt lat="44.930983782" lon="4.88444744">
			<ele>108.5</ele>
		</trkpt>
		<trkpt lat="44.930245466" lon="4.883838264">
			<ele>106.5</ele>
		</trkpt>
		<trkpt lat="44.929654938" lon="4.883459737">
			<ele>106.2</ele>
		</trkpt>
		<trkpt lat="44.929204655" lon="4.883238305">
			<ele>107.6</ele>
		</trkpt>
		<trkpt lat="44.929042467" lon="4.883111112">
			<ele>107.6</ele>
		</trkpt>
	</trkseg>
</trk>
<trk>
	<name>20: Valence – Le Pouzin (Developed + Signed)</name>
	<desc>Developed + Signed</desc>
	<trkseg>
		<trkpt lat="44.929042467" lon="4.883111112">
			<ele>107.6</ele>
		</trkpt>
		<trkpt lat="44.929093142" lon="4.882855563">
			<ele>107.2</ele>
		</trkpt>
		<trkpt lat="44.929157228" lon="4.882804112">
			<ele>107.2</ele>
		</trkpt>
		<trkpt lat="44.929429491" lon="4.882974822">
			<ele>106.4</ele>
		</trkpt>
		<trkpt lat="44.929628164" lon="4.882601732">
			<ele>105.2</ele>
		</trkpt>
		<trkpt lat="44.929621692" lon="4.882560057">
			<ele>105.2</ele>
		</trkpt>
		<trkpt lat="44.926273902" lon="4.879763162">
			<ele>104.8</ele>
		</trkpt>
		<trkpt lat="44.925391331" lon="4.878899323">
			<ele>104.8</ele>
		</trkpt>
		<trkpt lat="44.925090756" lon="4.878666314">
			<ele>106.2</ele>
		</trkpt>
		<trkpt lat="44.924941316" lon="4.878500208">
			<ele>107.2</ele>
		</trkpt>
		<trkpt lat="44.924815814" lon="4.878428398">
			<ele>106.7</ele>
		</trkpt>
		<trkpt lat="44.924699466" lon="4.878299367">
			<ele>106.7</ele>
		</trkpt>
		<trkpt lat="44.924596389" lon="4.878110374">
			<ele>106.2</ele>
		</trkpt>
		<trkpt lat="44.924280951" lon="4.877842268">
			<ele>105.8</ele>
		</trkpt>
		<trkpt lat="44.923282432" lon="4.876832301">
			<ele>104.7</ele>
		</trkpt>
		<trkpt lat="44.922604497" lon="4.876411637">
			<ele>105.5</ele>
		</trkpt>
		<trkpt lat="44.921517524" lon="4.875451477">
			<ele>105.1</ele>
		</trkpt>
		<trkpt lat="44.920372235" lon="4.87453154">
			<ele>105.2</ele>
		</trkpt>
		<trkpt lat="44.919392811" lon="4.87395517">
			<ele>106</ele>
		</trkpt>
		<trkpt lat="44.918020231" lon="4.873393942">
			<ele>105.1</ele>
		</trkpt>
		<trkpt lat="44.917461735" lon="4.873276562">
			<ele>105.2</ele>
		</trkpt>
		<trkpt lat="44.917142769" lon="4.873346448">
			<ele>109.1</ele>
		</trkpt>
		<trkpt lat="44.916779264" lon="4.873633443">
			<ele>109.3</ele>
		</trkpt>
		<trkpt lat="44.916490007" lon="4.873758962">
			<ele>108.5</ele>
		</trkpt>
		<trkpt lat="44.916418819" lon="4.873860127">
			<ele>107.7</ele>
		</trkpt>
		<trkpt lat="44.91609805" lon="4.874581421">
			<ele>107.9</ele>
		</trkpt>
		<trkpt lat="44.915667979" lon="4.875724729">
			<ele>106.4</ele>
		</trkpt>
		<trkpt lat="44.915604986" lon="4.875793818">
			<ele>106.9</ele>
		</trkpt>
		<trkpt lat="44.909570428" lon="4.871497458">
			<ele>104.6</ele>
		</trkpt>
		<trkpt lat="44.908966383" lon="4.871020038">
			<ele>104.5</ele>
		</trkpt>
		<trkpt lat="44.907432212" lon="4.869587052">
			<ele>107.5</ele>
		</trkpt>
		<trkpt lat="44.907187299" lon="4.869506984">
			<ele>105.9</ele>
		</trkpt>
		<trkpt lat="44.906831361" lon="4.870012775">
			<ele>108.3</ele>
		</trkpt>
		<trkpt lat="44.906588196" lon="4.870860204">
			<ele>107.8</ele>
		</trkpt>
		<trkpt lat="44.90626989" lon="4.871180832">
			<ele>107.2</ele>
		</trkpt>
		<trkpt lat="44.90607785" lon="4.87252641">
			<ele>108.9</ele>
		</trkpt>
		<trkpt lat="44.905177235" lon="4.87177897">
			<ele>107.2</ele>
		</trkpt>
		<trkpt lat="44.909839078" lon="4.86439641">
			<ele>105.1</ele>
		</trkpt>
		<trkpt lat="44.91037472" lon="4.863734063">
			<ele>105.3</ele>
		</trkpt>
		<trkpt lat="44.910670965" lon="4.863460747">
			<ele>105.7</ele>
		</trkpt>
		<trkpt lat="44.911068737" lon="4.863172157">
			<ele>106.5</ele>
		</trkpt>
		<trkpt lat="44.911535796" lon="4.862943543">
			<ele>106.9</ele>
		</trkpt>
		<trkpt lat="44.911970793" lon="4.862807762">
			<ele>106.7</ele>
		</trkpt>
		<trkpt lat="44.912646498" lon="4.86275508">
			<ele>105.4</ele>
		</trkpt>
		<trkpt lat="44.913087351" lon="4.862821734">
			<ele>105.3</ele>
		</trkpt>
		<trkpt lat="44.915610119" lon="4.863475918">
			<ele>105</ele>
		</trkpt>
		<trkpt lat="44.916003869" lon="4.863526554">
			<ele>106.8</ele>
		</trkpt>
		<trkpt lat="44.916731257" lon="4.86352187">
			<ele>109</ele>
		</trkpt>
		<trkpt lat="44.916442624" lon="4.863621617">
			<ele>108.7</ele>
		</trkpt>
		<trkpt lat="44.916241838" lon="4.863795921">
			<ele>107.5</ele>
		</trkpt>
		<trkpt lat="44.915339061" lon="4.863740804">
			<ele>104.1</ele>
		</trkpt>
		<trkpt lat="44.914717386" lon="4.864079414">
			<ele>104</ele>
		</trkpt>
		<trkpt lat="44.914029534" lon="4.863856566">
			<ele>105.3</ele>
		</trkpt>
		<trkpt lat="44.913580341" lon="4.863792122">
			<ele>105.8</ele>
		</trkpt>
		<trkpt lat="44.912997209" lon="4.863439363">
			<ele>106.1</ele>
		</trkpt>
		<trkpt lat="44.911571673" lon="4.863296551">
			<ele>106.5</ele>
		</trkpt>
		<trkpt lat="44.911309936" lon="4.864234131">
			<ele>107.2</ele>
		</trkpt>
		<trkpt lat="44.911167292" lon="4.864342379">
			<ele>106.8</ele>
		</trkpt>
		<trkpt lat="44.910639987" lon="4.864509994">
			<ele>105.7</ele>
		</trkpt>
		<trkpt lat="44.910143124" lon="4.863463327">
			<ele>105.6</ele>
		</trkpt>
		<trkpt lat="44.909730446" lon="4.862417358">
			<ele>108.3</ele>
		</trkpt>
		<trkpt lat="44.909702568" lon="4.861997419">
			<ele>108.8</ele>
		</trkpt>
		<trkpt lat="44.909966689" lon="4.856694664">
			<ele>109.7</ele>
		</trkpt>
		<trkpt lat="44.910078862" lon="4.855799715">
			<ele>107.8</ele>
		</trkpt>
		<trkpt lat="44.910357825" lon="4.854914625">
			<ele>110.3</ele>
		</trkpt>
		<trkpt lat="44.909355629" lon="4.854246739">
			<ele>111.8</ele>
		</trkpt>
		<trkpt lat="44.908739518" lon="4.854041282">
			<ele>113.1</ele>
		</trkpt>
		<trkpt lat="44.908226854" lon="4.853919723">
			<ele>117.6</ele>
		</trkpt>
		<trkpt lat="44.907261059" lon="4.853764412">
			<ele>114.6</ele>
		</trkpt>
		<trkpt lat="44.90597065" lon="4.853756651">
			<ele>96.6</ele>
		</trkpt>
		<trkpt lat="44.904268408" lon="4.853638708">
			<ele>114.3</ele>
		</trkpt>
		<trkpt lat="44.903766952" lon="4.853530952">
			<ele>114</ele>
		</trkpt>
		<trkpt lat="44.902600786" lon="4.853113703">
			<ele>122</ele>
		</trkpt>
		<trkpt lat="44.901550852" lon="4.85265317">
			<ele>121.1</ele>
		</trkpt>
		<trkpt lat="44.901183319" lon="4.852544654">
			<ele>123</ele>
		</trkpt>
		<trkpt lat="44.90007871" lon="4.852340543">
			<ele>113.9</ele>
		</trkpt>
		<trkpt lat="44.895001325" lon="4.851805862">
			<ele>105.7</ele>
		</trkpt>
		<trkpt lat="44.892711079" lon="4.851728615">
			<ele>106.8</ele>
		</trkpt>
		<trkpt lat="44.891396498" lon="4.851970174">
			<ele>109.1</ele>
		</trkpt>
		<trkpt lat="44.889817858" lon="4.852328695">
			<ele>108.9</ele>
		</trkpt>
		<trkpt lat="44.888531945" lon="4.852756365">
			<ele>106.9</ele>
		</trkpt>
		<trkpt lat="44.887046978" lon="4.853498384">
			<ele>105</ele>
		</trkpt>
		<trkpt lat="44.885428995" lon="4.854658994">
			<ele>104.6</ele>
		</trkpt>
		<trkpt lat="44.885103987" lon="4.854651003">
			<ele>104.2</ele>
		</trkpt>
		<trkpt lat="44.88434199" lon="4.854880003">
			<ele>102.7</ele>
		</trkpt>
		<trkpt lat="44.883610987" lon="4.854948002">
			<ele>102.3</ele>
		</trkpt>
		<trkpt lat="44.883144991" lon="4.854946004">
			<ele>102.6</ele>
		</trkpt>
		<trkpt lat="44.881701993" lon="4.854171003">
			<ele>101.7</ele>
		</trkpt>
		<trkpt lat="44.880985992" lon="4.853990001">
			<ele>102.1</ele>
		</trkpt>
		<trkpt lat="44.880910991" lon="4.853928001">
			<ele>102.1</ele>
		</trkpt>
		<trkpt lat="44.880242988" lon="4.852559993">
			<ele>105.6</ele>
		</trkpt>
		<trkpt lat="44.88016999" lon="4.852494997">
			<ele>105.6</ele>
		</trkpt>
		<trkpt lat="44.879620989" lon="4.852385995">
			<ele>106.3</ele>
		</trkpt>
		<trkpt lat="44.879536993" lon="4.852346996">
			<ele>106.5</ele>
		</trkpt>
		<trkpt lat="44.879420987" lon="4.852190002">
			<ele>107.6</ele>
		</trkpt>
		<trkpt lat="44.879379993" lon="4.852069">
			<ele>107.6</ele>
		</trkpt>
		<trkpt lat="44.879371992" lon="4.851903993">
			<ele>108.2</ele>
		</trkpt>
		<trkpt lat="44.879429989" lon="4.851626999">
			<ele>108.8</ele>
		</trkpt>
		<trkpt lat="44.879614988" lon="4.851175998">
			<ele>107.7</ele>
		</trkpt>
		<trkpt lat="44.880036989" lon="4.850788998">
			<ele>106.9</ele>
		</trkpt>
		<trkpt lat="44.880188986" lon="4.850732005">
			<ele>106.7</ele>
		</trkpt>
		<trkpt lat="44.880434995" lon="4.850707993">
			<ele>106.5</ele>
		</trkpt>
		<trkpt lat="44.880719987" lon="4.850728005">
			<ele>106.4</ele>
		</trkpt>
		<trkpt lat="44.880747693" lon="4.850664">
			<ele>106.1</ele>
		</trkpt>
		<trkpt lat="44.880190988" lon="4.850580006">
			<ele>106.4</ele>
		</trkpt>
		<trkpt lat="44.878676989" lon="4.850205994">
			<ele>106.6</ele>
		</trkpt>
		<trkpt lat="44.87826999" lon="4.850049004">
			<ele>105.9</ele>
		</trkpt>
		<trkpt lat="44.877949993" lon="4.849996">
			<ele>105.3</ele>
		</trkpt>
		<trkpt lat="44.877698992" lon="4.850017">
			<ele>105</ele>
		</trkpt>
		<trkpt lat="44.877444987" lon="4.850102004">
			<ele>104.7</ele>
		</trkpt>
		<trkpt lat="44.876472991" lon="4.850522994">
			<ele>104.6</ele>
		</trkpt>
		<trkpt lat="44.875892993" lon="4.850610001">
			<ele>104.3</ele>
		</trkpt>
		<trkpt lat="44.875181988" lon="4.850596998">
			<ele>103.5</ele>
		</trkpt>
		<trkpt lat="44.873535989" lon="4.850120005">
			<ele>103.8</ele>
		</trkpt>
		<trkpt lat="44.873266991" lon="4.849952">
			<ele>104.2</ele>
		</trkpt>
		<trkpt lat="44.872931989" lon="4.849651003">
			<ele>104.6</ele>
		</trkpt>
		<trkpt lat="44.871543987" lon="4.849245994">
			<ele>104.6</ele>
		</trkpt>
		<trkpt lat="44.869432989" lon="4.848823996">
			<ele>106.1</ele>
		</trkpt>
		<trkpt lat="44.869167992" lon="4.848645998">
			<ele>106.1</ele>
		</trkpt>
		<trkpt lat="44.868932988" lon="4.848641995">
			<ele>106.4</ele>
		</trkpt>
		<trkpt lat="44.868873057" lon="4.848608855">
			<ele>106.4</ele>
		</trkpt>
		<trkpt lat="44.868871995" lon="4.848532505">
			<ele>106.1</ele>
		</trkpt>
		<trkpt lat="44.870189995" lon="4.845754006">
			<ele>106.1</ele>
		</trkpt>
		<trkpt lat="44.870770995" lon="4.844709006">
			<ele>106.9</ele>
		</trkpt>
		<trkpt lat="44.870806992" lon="4.844619003">
			<ele>107</ele>
		</trkpt>
		<trkpt lat="44.870802492" lon="4.844524503">
			<ele>107</ele>
		</trkpt>
		<trkpt lat="44.870447992" lon="4.844182005">
			<ele>107.3</ele>
		</trkpt>
		<trkpt lat="44.86676799" lon="4.841264998">
			<ele>104.8</ele>
		</trkpt>
		<trkpt lat="44.865941994" lon="4.840654004">
			<ele>106.1</ele>
		</trkpt>
		<trkpt lat="44.865709988" lon="4.840535997">
			<ele>106.2</ele>
		</trkpt>
		<trkpt lat="44.864854994" lon="4.839827997">
			<ele>106.5</ele>
		</trkpt>
		<trkpt lat="44.864479994" lon="4.839567003">
			<ele>106.9</ele>
		</trkpt>
		<trkpt lat="44.864082992" lon="4.839199996">
			<ele>107.4</ele>
		</trkpt>
		<trkpt lat="44.863707991" lon="4.838938997">
			<ele>107.9</ele>
		</trkpt>
		<trkpt lat="44.863354994" lon="4.838581001">
			<ele>108.4</ele>
		</trkpt>
		<trkpt lat="44.863153995" lon="4.838494997">
			<ele>108.7</ele>
		</trkpt>
		<trkpt lat="44.862003988" lon="4.837535003">
			<ele>108.8</ele>
		</trkpt>
		<trkpt lat="44.86182999" lon="4.837519001">
			<ele>108.8</ele>
		</trkpt>
		<trkpt lat="44.861543489" lon="4.837717001">
			<ele>109</ele>
		</trkpt>
		<trkpt lat="44.86147399" lon="4.837667001">
			<ele>109</ele>
		</trkpt>
		<trkpt lat="44.860821987" lon="4.837068002">
			<ele>109.6</ele>
		</trkpt>
		<trkpt lat="44.860647993" lon="4.836807998">
			<ele>110.3</ele>
		</trkpt>
		<trkpt lat="44.860313992" lon="4.836529998">
			<ele>110.8</ele>
		</trkpt>
		<trkpt lat="44.860132995" lon="4.836456993">
			<ele>110.7</ele>
		</trkpt>
		<trkpt lat="44.860059991" lon="4.836252997">
			<ele>110.9</ele>
		</trkpt>
		<trkpt lat="44.859717988" lon="4.835971995">
			<ele>110.6</ele>
		</trkpt>
		<trkpt lat="44.859480987" lon="4.835584002">
			<ele>109.1</ele>
		</trkpt>
		<trkpt lat="44.859432993" lon="4.835552006">
			<ele>109.1</ele>
		</trkpt>
		<trkpt lat="44.859365994" lon="4.835554994">
			<ele>109.1</ele>
		</trkpt>
		<trkpt lat="44.859125989" lon="4.835695003">
			<ele>108.2</ele>
		</trkpt>
		<trkpt lat="44.857847993" lon="4.836551994">
			<ele>106.7</ele>
		</trkpt>
		<trkpt lat="44.85736399" lon="4.836967002">
			<ele>106.5</ele>
		</trkpt>
		<trkpt lat="44.856254989" lon="4.837745004">
			<ele>103.1</ele>
		</trkpt>
		<trkpt lat="44.856057989" lon="4.837832998">
			<ele>104.4</ele>
		</trkpt>
		<trkpt lat="44.85559899" lon="4.837906997">
			<ele>103.7</ele>
		</trkpt>
		<trkpt lat="44.855343396" lon="4.837889629">
			<ele>102.3</ele>
		</trkpt>
		<trkpt lat="44.855282191" lon="4.837923457">
			<ele>99</ele>
		</trkpt>
		<trkpt lat="44.855245546" lon="4.83798764">
			<ele>99</ele>
		</trkpt>
		<trkpt lat="44.855260323" lon="4.838080196">
			<ele>104.1</ele>
		</trkpt>
		<trkpt lat="44.855397679" lon="4.838184095">
			<ele>105.2</ele>
		</trkpt>
		<trkpt lat="44.855412926" lon="4.838246027">
			<ele>105.2</ele>
		</trkpt>
		<trkpt lat="44.855251994" lon="4.838165994">
			<ele>104.1</ele>
		</trkpt>
		<trkpt lat="44.855085988" lon="4.838194999">
			<ele>103.4</ele>
		</trkpt>
		<trkpt lat="44.855002991" lon="4.838319995">
			<ele>105.8</ele>
		</trkpt>
		<trkpt lat="44.854978989" lon="4.838580003">
			<ele>105.8</ele>
		</trkpt>
		<trkpt lat="44.85505699" lon="4.838887006">
			<ele>105.5</ele>
		</trkpt>
		<trkpt lat="44.855496986" lon="4.839568004">
			<ele>102.9</ele>
		</trkpt>
		<trkpt lat="44.855509986" lon="4.839690003">
			<ele>100.8</ele>
		</trkpt>
		<trkpt lat="44.85545999" lon="4.839718005">
			<ele>100.8</ele>
		</trkpt>
		<trkpt lat="44.854356987" lon="4.838692996">
			<ele>102.3</ele>
		</trkpt>
		<trkpt lat="44.854287938" lon="4.838551186">
			<ele>101.9</ele>
		</trkpt>
		<trkpt lat="44.854272181" lon="4.838411843">
			<ele>101.9</ele>
		</trkpt>
		<trkpt lat="44.854345467" lon="4.83820431">
			<ele>97</ele>
		</trkpt>
		<trkpt lat="44.854591476" lon="4.837965194">
			<ele>96.5</ele>
		</trkpt>
		<trkpt lat="44.854766992" lon="4.836686005">
			<ele>101.5</ele>
		</trkpt>
		<trkpt lat="44.854744988" lon="4.836584997">
			<ele>101.5</ele>
		</trkpt>
		<trkpt lat="44.854698991" lon="4.836514997">
			<ele>101.5</ele>
		</trkpt>
		<trkpt lat="44.854604992" lon="4.836474003">
			<ele>101.5</ele>
		</trkpt>
		<trkpt lat="44.853348993" lon="4.836253994">
			<ele>103.5</ele>
		</trkpt>
		<trkpt lat="44.852977987" lon="4.836024998">
			<ele>103.3</ele>
		</trkpt>
		<trkpt lat="44.852798992" lon="4.835824996">
			<ele>103.5</ele>
		</trkpt>
		<trkpt lat="44.851572991" lon="4.833919999">
			<ele>102.8</ele>
		</trkpt>
		<trkpt lat="44.849547988" lon="4.830668003">
			<ele>100.9</ele>
		</trkpt>
		<trkpt lat="44.846316992" lon="4.825372003">
			<ele>97.9</ele>
		</trkpt>
		<trkpt lat="44.845811991" lon="4.824592999">
			<ele>98.6</ele>
		</trkpt>
		<trkpt lat="44.84569199" lon="4.824467005">
			<ele>98.7</ele>
		</trkpt>
		<trkpt lat="44.845406987" lon="4.823998">
			<ele>99.2</ele>
		</trkpt>
		<trkpt lat="44.844794994" lon="4.823194003">
			<ele>100.2</ele>
		</trkpt>
		<trkpt lat="44.844419995" lon="4.822556998">
			<ele>102.1</ele>
		</trkpt>
		<trkpt lat="44.844172993" lon="4.822346002">
			<ele>103.3</ele>
		</trkpt>
		<trkpt lat="44.844132987" lon="4.822141001">
			<ele>103.3</ele>
		</trkpt>
		<trkpt lat="44.844160991" lon="4.821990994">
			<ele>104.5</ele>
		</trkpt>
		<trkpt lat="44.844451991" lon="4.821685004">
			<ele>105.6</ele>
		</trkpt>
		<trkpt lat="44.844499992" lon="4.821555999">
			<ele>106.1</ele>
		</trkpt>
		<trkpt lat="44.844457987" lon="4.821283994">
			<ele>106.4</ele>
		</trkpt>
		<trkpt lat="44.844372994" lon="4.821183994">
			<ele>106</ele>
		</trkpt>
		<trkpt lat="44.843979994" lon="4.820960005">
			<ele>105.7</ele>
		</trkpt>
		<trkpt lat="44.843248993" lon="4.820365994">
			<ele>104.9</ele>
		</trkpt>
		<trkpt lat="44.842953994" lon="4.820053">
			<ele>104.5</ele>
		</trkpt>
		<trkpt lat="44.842520994" lon="4.819730994">
			<ele>104.3</ele>
		</trkpt>
		<trkpt lat="44.842290987" lon="4.819679998">
			<ele>105</ele>
		</trkpt>
		<trkpt lat="44.840741992" lon="4.818497003">
			<ele>105.8</ele>
		</trkpt>
		<trkpt lat="44.83995299" lon="4.818084996">
			<ele>106.4</ele>
		</trkpt>
		<trkpt lat="44.838624989" lon="4.817111001">
			<ele>102.6</ele>
		</trkpt>
		<trkpt lat="44.838000988" lon="4.816777005">
			<ele>100.1</ele>
		</trkpt>
		<trkpt lat="44.834911986" lon="4.815500996">
			<ele>97.5</ele>
		</trkpt>
		<trkpt lat="44.834287987" lon="4.815202997">
			<ele>97.6</ele>
		</trkpt>
		<trkpt lat="44.833521991" lon="4.814744999">
			<ele>98.5</ele>
		</trkpt>
		<trkpt lat="44.832772993" lon="4.814171001">
			<ele>98.9</ele>
		</trkpt>
		<trkpt lat="44.830345991" lon="4.811786002">
			<ele>97.8</ele>
		</trkpt>
		<trkpt lat="44.829628989" lon="4.811230002">
			<ele>98.5</ele>
		</trkpt>
		<trkpt lat="44.829125992" lon="4.810927994">
			<ele>98.9</ele>
		</trkpt>
		<trkpt lat="44.826658991" lon="4.809823995">
			<ele>100.2</ele>
		</trkpt>
		<trkpt lat="44.826348994" lon="4.809805">
			<ele>99.7</ele>
		</trkpt>
		<trkpt lat="44.826158995" lon="4.809874996">
			<ele>100</ele>
		</trkpt>
		<trkpt lat="44.825901986" lon="4.810148001">
			<ele>99.9</ele>
		</trkpt>
		<trkpt lat="44.825781994" lon="4.810195006">
			<ele>99.5</ele>
		</trkpt>
		<trkpt lat="44.82566999" lon="4.810205001">
			<ele>98.2</ele>
		</trkpt>
		<trkpt lat="44.825066991" lon="4.810013993">
			<ele>97.9</ele>
		</trkpt>
		<trkpt lat="44.824845992" lon="4.809796004">
			<ele>98.3</ele>
		</trkpt>
		<trkpt lat="44.824247989" lon="4.809048005">
			<ele>97.6</ele>
		</trkpt>
		<trkpt lat="44.824196988" lon="4.808872003">
			<ele>97.1</ele>
		</trkpt>
		<trkpt lat="44.824129993" lon="4.808764994">
			<ele>96.8</ele>
		</trkpt>
		<trkpt lat="44.824144493" lon="4.808491501">
			<ele>96.6</ele>
		</trkpt>
		<trkpt lat="44.824103993" lon="4.808400999">
			<ele>96.6</ele>
		</trkpt>
		<trkpt lat="44.823992987" lon="4.808356996">
			<ele>96.5</ele>
		</trkpt>
		<trkpt lat="44.823794991" lon="4.808395001">
			<ele>96.4</ele>
		</trkpt>
		<trkpt lat="44.823683994" lon="4.808324995">
			<ele>96.4</ele>
		</trkpt>
		<trkpt lat="44.823230995" lon="4.808246995">
			<ele>96.4</ele>
		</trkpt>
		<trkpt lat="44.822348988" lon="4.807922995">
			<ele>96.2</ele>
		</trkpt>
		<trkpt lat="44.822272986" lon="4.807921005">
			<ele>96.2</ele>
		</trkpt>
		<trkpt lat="44.822211494" lon="4.808161496">
			<ele>95.6</ele>
		</trkpt>
		<trkpt lat="44.822117992" lon="4.808164004">
			<ele>95.6</ele>
		</trkpt>
		<trkpt lat="44.821852988" lon="4.808076998">
			<ele>96.6</ele>
		</trkpt>
		<trkpt lat="44.821604991" lon="4.807940003">
			<ele>96.8</ele>
		</trkpt>
		<trkpt lat="44.82112099" lon="4.807837995">
			<ele>97.3</ele>
		</trkpt>
		<trkpt lat="44.820704992" lon="4.807610998">
			<ele>97.7</ele>
		</trkpt>
		<trkpt lat="44.820559989" lon="4.807624996">
			<ele>97.7</ele>
		</trkpt>
		<trkpt lat="44.82032099" lon="4.807778003">
			<ele>97.9</ele>
		</trkpt>
		<trkpt lat="44.820095993" lon="4.807814">
			<ele>98</ele>
		</trkpt>
		<trkpt lat="44.81936799" lon="4.807735994">
			<ele>99.3</ele>
		</trkpt>
		<trkpt lat="44.818809988" lon="4.807616996">
			<ele>99.9</ele>
		</trkpt>
		<trkpt lat="44.818649988" lon="4.807539994">
			<ele>100.5</ele>
		</trkpt>
		<trkpt lat="44.818470991" lon="4.807302994">
			<ele>100.6</ele>
		</trkpt>
		<trkpt lat="44.818382994" lon="4.807118002">
			<ele>100.8</ele>
		</trkpt>
		<trkpt lat="44.818198991" lon="4.806416995">
			<ele>98.1</ele>
		</trkpt>
		<trkpt lat="44.818129994" lon="4.806340999">
			<ele>98.1</ele>
		</trkpt>
		<trkpt lat="44.817387994" lon="4.806241004">
			<ele>98</ele>
		</trkpt>
		<trkpt lat="44.816527991" lon="4.806185993">
			<ele>97.6</ele>
		</trkpt>
		<trkpt lat="44.816031987" lon="4.805893005">
			<ele>98</ele>
		</trkpt>
		<trkpt lat="44.815657994" lon="4.805747">
			<ele>98.3</ele>
		</trkpt>
		<trkpt lat="44.814928995" lon="4.805618994">
			<ele>96.9</ele>
		</trkpt>
		<trkpt lat="44.814748991" lon="4.805509995">
			<ele>97</ele>
		</trkpt>
		<trkpt lat="44.814553992" lon="4.805477996">
			<ele>97.1</ele>
		</trkpt>
		<trkpt lat="44.814143989" lon="4.805215001">
			<ele>96.7</ele>
		</trkpt>
		<trkpt lat="44.813148992" lon="4.804218002">
			<ele>97.1</ele>
		</trkpt>
		<trkpt lat="44.812263992" lon="4.803138994">
			<ele>96.8</ele>
		</trkpt>
		<trkpt lat="44.812101987" lon="4.802854999">
			<ele>95.1</ele>
		</trkpt>
		<trkpt lat="44.812099989" lon="4.802748006">
			<ele>95.1</ele>
		</trkpt>
		<trkpt lat="44.812142994" lon="4.802672996">
			<ele>92.4</ele>
		</trkpt>
		<trkpt lat="44.81223799" lon="4.802649994">
			<ele>92.4</ele>
		</trkpt>
		<trkpt lat="44.813932991" lon="4.802875">
			<ele>93.3</ele>
		</trkpt>
		<trkpt lat="44.815224988" lon="4.802958">
			<ele>92.4</ele>
		</trkpt>
		<trkpt lat="44.816936988" lon="4.802866997">
			<ele>93</ele>
		</trkpt>
		<trkpt lat="44.818431993" lon="4.802476001">
			<ele>92.3</ele>
		</trkpt>
		<trkpt lat="44.820960995" lon="4.802290003">
			<ele>92.7</ele>
		</trkpt>
		<trkpt lat="44.821693989" lon="4.802056004">
			<ele>95.6</ele>
		</trkpt>
		<trkpt lat="44.822826994" lon="4.801258005">
			<ele>94.3</ele>
		</trkpt>
		<trkpt lat="44.823079994" lon="4.801119002">
			<ele>96.8</ele>
		</trkpt>
		<trkpt lat="44.823059993" lon="4.801042995">
			<ele>95.7</ele>
		</trkpt>
		<trkpt lat="44.82314999" lon="4.800944004">
			<ele>95.7</ele>
		</trkpt>
		<trkpt lat="44.823509988" lon="4.800827005">
			<ele>97.2</ele>
		</trkpt>
		<trkpt lat="44.823828991" lon="4.800653">
			<ele>97.5</ele>
		</trkpt>
		<trkpt lat="44.824214994" lon="4.800398003">
			<ele>97.1</ele>
		</trkpt>
		<trkpt lat="44.824617991" lon="4.800032001">
			<ele>96.2</ele>
		</trkpt>
		<trkpt lat="44.824726988" lon="4.799997999">
			<ele>96.2</ele>
		</trkpt>
		<trkpt lat="44.82475899" lon="4.7999355">
			<ele>96.7</ele>
		</trkpt>
		<trkpt lat="44.824707988" lon="4.799752001">
			<ele>95.8</ele>
		</trkpt>
		<trkpt lat="44.823874994" lon="4.798089996">
			<ele>97.2</ele>
		</trkpt>
		<trkpt lat="44.823786492" lon="4.7980275">
			<ele>97.1</ele>
		</trkpt>
		<trkpt lat="44.823745995" lon="4.798098002">
			<ele>97.1</ele>
		</trkpt>
		<trkpt lat="44.823743994" lon="4.798221998">
			<ele>97.2</ele>
		</trkpt>
		<trkpt lat="44.823683993" lon="4.798394006">
			<ele>97.2</ele>
		</trkpt>
		<trkpt lat="44.82329999" lon="4.799143994">
			<ele>96.5</ele>
		</trkpt>
		<trkpt lat="44.823106991" lon="4.799404999">
			<ele>97</ele>
		</trkpt>
		<trkpt lat="44.822075994" lon="4.800261996">
			<ele>96.7</ele>
		</trkpt>
		<trkpt lat="44.821856987" lon="4.800525005">
			<ele>95.6</ele>
		</trkpt>
		<trkpt lat="44.821585993" lon="4.800719004">
			<ele>94.8</ele>
		</trkpt>
		<trkpt lat="44.82130999" lon="4.800870997">
			<ele>94.1</ele>
		</trkpt>
		<trkpt lat="44.820935986" lon="4.800977002">
			<ele>94</ele>
		</trkpt>
		<trkpt lat="44.817938987" lon="4.801413003">
			<ele>92.6</ele>
		</trkpt>
		<trkpt lat="44.817200992" lon="4.801485997">
			<ele>94.2</ele>
		</trkpt>
		<trkpt lat="44.815745992" lon="4.801428004">
			<ele>94.9</ele>
		</trkpt>
		<trkpt lat="44.813360989" lon="4.801085993">
			<ele>96.4</ele>
		</trkpt>
		<trkpt lat="44.81324599" lon="4.801057005">
			<ele>96</ele>
		</trkpt>
		<trkpt lat="44.813036992" lon="4.800895996">
			<ele>95.6</ele>
		</trkpt>
		<trkpt lat="44.812873992" lon="4.800912001">
			<ele>95.1</ele>
		</trkpt>
		<trkpt lat="44.812636993" lon="4.801003999">
			<ele>94.6</ele>
		</trkpt>
		<trkpt lat="44.811561987" lon="4.800915995">
			<ele>95.9</ele>
		</trkpt>
		<trkpt lat="44.810872987" lon="4.800788001">
			<ele>96</ele>
		</trkpt>
		<trkpt lat="44.810108988" lon="4.800568002">
			<ele>96.2</ele>
		</trkpt>
		<trkpt lat="44.809722987" lon="4.800378005">
			<ele>95.4</ele>
		</trkpt>
		<trkpt lat="44.808792992" lon="4.799756002">
			<ele>95</ele>
		</trkpt>
		<trkpt lat="44.808561993" lon="4.799515">
			<ele>95.1</ele>
		</trkpt>
		<trkpt lat="44.808345988" lon="4.799350003">
			<ele>95.8</ele>
		</trkpt>
		<trkpt lat="44.808163991" lon="4.799140998">
			<ele>96.6</ele>
		</trkpt>
		<trkpt lat="44.807537995" lon="4.798716997">
			<ele>95.7</ele>
		</trkpt>
		<trkpt lat="44.807274994" lon="4.798348997">
			<ele>98.7</ele>
		</trkpt>
		<trkpt lat="44.806978992" lon="4.798078996">
			<ele>98.2</ele>
		</trkpt>
		<trkpt lat="44.806589987" lon="4.797583001">
			<ele>97</ele>
		</trkpt>
		<trkpt lat="44.806257992" lon="4.797254995">
			<ele>95.8</ele>
		</trkpt>
		<trkpt lat="44.805983986" lon="4.797039002">
			<ele>93.7</ele>
		</trkpt>
		<trkpt lat="44.805841989" lon="4.796775999">
			<ele>93.7</ele>
		</trkpt>
		<trkpt lat="44.805496993" lon="4.795681993">
			<ele>94.1</ele>
		</trkpt>
		<trkpt lat="44.805422995" lon="4.795187995">
			<ele>93.1</ele>
		</trkpt>
		<trkpt lat="44.805423992" lon="4.795014003">
			<ele>93.5</ele>
		</trkpt>
		<trkpt lat="44.805370995" lon="4.794796998">
			<ele>94</ele>
		</trkpt>
		<trkpt lat="44.804920988" lon="4.793475005">
			<ele>93.9</ele>
		</trkpt>
		<trkpt lat="44.804634993" lon="4.793080003">
			<ele>92.8</ele>
		</trkpt>
		<trkpt lat="44.804554994" lon="4.792779995">
			<ele>92.8</ele>
		</trkpt>
		<trkpt lat="44.804544991" lon="4.792585998">
			<ele>92.7</ele>
		</trkpt>
		<trkpt lat="44.804498491" lon="4.792481497">
			<ele>92.7</ele>
		</trkpt>
		<trkpt lat="44.804336988" lon="4.792390001">
			<ele>92.7</ele>
		</trkpt>
		<trkpt lat="44.804243994" lon="4.792067002">
			<ele>92.3</ele>
		</trkpt>
		<trkpt lat="44.804122994" lon="4.791789004">
			<ele>92.8</ele>
		</trkpt>
		<trkpt lat="44.804026989" lon="4.791469998">
			<ele>92.6</ele>
		</trkpt>
		<trkpt lat="44.804004989" lon="4.790995005">
			<ele>94</ele>
		</trkpt>
		<trkpt lat="44.803360986" lon="4.789326999">
			<ele>96.2</ele>
		</trkpt>
		<trkpt lat="44.803188989" lon="4.788713005">
			<ele>95.4</ele>
		</trkpt>
		<trkpt lat="44.80303199" lon="4.787988001">
			<ele>94.7</ele>
		</trkpt>
		<trkpt lat="44.802498989" lon="4.786518005">
			<ele>93.6</ele>
		</trkpt>
		<trkpt lat="44.801847994" lon="4.784876994">
			<ele>94.7</ele>
		</trkpt>
		<trkpt lat="44.801684987" lon="4.784576997">
			<ele>94.8</ele>
		</trkpt>
		<trkpt lat="44.801322991" lon="4.783989995">
			<ele>94.3</ele>
		</trkpt>
		<trkpt lat="44.80067199" lon="4.783147004">
			<ele>93.7</ele>
		</trkpt>
		<trkpt lat="44.80042099" lon="4.782686005">
			<ele>94.2</ele>
		</trkpt>
		<trkpt lat="44.800110991" lon="4.782246995">
			<ele>95.8</ele>
		</trkpt>
		<trkpt lat="44.799970992" lon="4.781978">
			<ele>97.5</ele>
		</trkpt>
		<trkpt lat="44.800016994" lon="4.781886504">
			<ele>97.5</ele>
		</trkpt>
		<trkpt lat="44.800096491" lon="4.781852002">
			<ele>98.6</ele>
		</trkpt>
		<trkpt lat="44.800356442" lon="4.781905335">
			<ele>99.4</ele>
		</trkpt>
		<trkpt lat="44.800932987" lon="4.782843998">
			<ele>95</ele>
		</trkpt>
		<trkpt lat="44.801105992" lon="4.783068006">
			<ele>94.8</ele>
		</trkpt>
		<trkpt lat="44.801159493" lon="4.783231">
			<ele>94.8</ele>
		</trkpt>
		<trkpt lat="44.801129993" lon="4.783330002">
			<ele>94.3</ele>
		</trkpt>
		<trkpt lat="44.799769989" lon="4.784798994">
			<ele>91</ele>
		</trkpt>
		<trkpt lat="44.798890855" lon="4.785691712">
			<ele>92.2</ele>
		</trkpt>
		<trkpt lat="44.797454061" lon="4.784419924">
			<ele>92.4</ele>
		</trkpt>
		<trkpt lat="44.796381838" lon="4.783531888">
			<ele>91.7</ele>
		</trkpt>
		<trkpt lat="44.795006806" lon="4.782745392">
			<ele>93.9</ele>
		</trkpt>
		<trkpt lat="44.794287475" lon="4.781909653">
			<ele>94.3</ele>
		</trkpt>
		<trkpt lat="44.793663642" lon="4.781438149">
			<ele>92.3</ele>
		</trkpt>
		<trkpt lat="44.792218778" lon="4.780458792">
			<ele>92.7</ele>
		</trkpt>
		<trkpt lat="44.791630602" lon="4.779991777">
			<ele>92.6</ele>
		</trkpt>
		<trkpt lat="44.788369623" lon="4.777111443">
			<ele>91.1</ele>
		</trkpt>
		<trkpt lat="44.786279061" lon="4.775645996">
			<ele>92</ele>
		</trkpt>
		<trkpt lat="44.785480934" lon="4.77526948">
			<ele>92.1</ele>
		</trkpt>
		<trkpt lat="44.783638298" lon="4.77465092">
			<ele>90.8</ele>
		</trkpt>
		<trkpt lat="44.783402026" lon="4.77452636">
			<ele>90.5</ele>
		</trkpt>
		<trkpt lat="44.782222452" lon="4.774162942">
			<ele>90.4</ele>
		</trkpt>
		<trkpt lat="44.782035953" lon="4.773906141">
			<ele>90.8</ele>
		</trkpt>
		<trkpt lat="44.781923299" lon="4.773873315">
			<ele>90.1</ele>
		</trkpt>
		<trkpt lat="44.781670966" lon="4.773635353">
			<ele>90.5</ele>
		</trkpt>
		<trkpt lat="44.781574721" lon="4.773687383">
			<ele>90.5</ele>
		</trkpt>
		<trkpt lat="44.781525659" lon="4.773806728">
			<ele>90.5</ele>
		</trkpt>
		<trkpt lat="44.781525534" lon="4.773942297">
			<ele>91.3</ele>
		</trkpt>
		<trkpt lat="44.781596469" lon="4.774234331">
			<ele>92.1</ele>
		</trkpt>
		<trkpt lat="44.78154957" lon="4.774291673">
			<ele>92.1</ele>
		</trkpt>
		<trkpt lat="44.781353793" lon="4.774139163">
			<ele>91.3</ele>
		</trkpt>
		<trkpt lat="44.781292754" lon="4.774130181">
			<ele>91.4</ele>
		</trkpt>
		<trkpt lat="44.78107591" lon="4.774328378">
			<ele>92</ele>
		</trkpt>
		<trkpt lat="44.780938104" lon="4.774319718">
			<ele>92</ele>
		</trkpt>
		<trkpt lat="44.780846975" lon="4.774012699">
			<ele>91.5</ele>
		</trkpt>
		<trkpt lat="44.780647414" lon="4.7735215">
			<ele>90.3</ele>
		</trkpt>
		<trkpt lat="44.780176075" lon="4.772582746">
			<ele>91.3</ele>
		</trkpt>
		<trkpt lat="44.779768957" lon="4.771588653">
			<ele>91.7</ele>
		</trkpt>
		<trkpt lat="44.779512239" lon="4.771092802">
			<ele>90.7</ele>
		</trkpt>
		<trkpt lat="44.779051875" lon="4.770361008">
			<ele>88.6</ele>
		</trkpt>
		<trkpt lat="44.778569606" lon="4.769784913">
			<ele>88.8</ele>
		</trkpt>
		<trkpt lat="44.777910315" lon="4.769097091">
			<ele>90.2</ele>
		</trkpt>
		<trkpt lat="44.776384249" lon="4.767595926">
			<ele>90.8</ele>
		</trkpt>
		<trkpt lat="44.776100758" lon="4.767496642">
			<ele>92.9</ele>
		</trkpt>
		<trkpt lat="44.775922926" lon="4.767499662">
			<ele>94.6</ele>
		</trkpt>
		<trkpt lat="44.774951118" lon="4.767895106">
			<ele>96.9</ele>
		</trkpt>
		<trkpt lat="44.77459935" lon="4.767973027">
			<ele>95.7</ele>
		</trkpt>
		<trkpt lat="44.774236167" lon="4.767937221">
			<ele>96.4</ele>
		</trkpt>
		<trkpt lat="44.773286299" lon="4.767657772">
			<ele>94.3</ele>
		</trkpt>
		<trkpt lat="44.773080214" lon="4.767638386">
			<ele>93.7</ele>
		</trkpt>
		<trkpt lat="44.772743944" lon="4.767709574">
			<ele>93.3</ele>
		</trkpt>
		<trkpt lat="44.772685347" lon="4.767732119">
			<ele>92.6</ele>
		</trkpt>
		<trkpt lat="44.772648906" lon="4.76783856">
			<ele>92.6</ele>
		</trkpt>
		<trkpt lat="44.772522462" lon="4.768462857">
			<ele>92.6</ele>
		</trkpt>
		<trkpt lat="44.77248953" lon="4.769054227">
			<ele>93.7</ele>
		</trkpt>
		<trkpt lat="44.770767983" lon="4.768918319">
			<ele>90.1</ele>
		</trkpt>
		<trkpt lat="44.770805643" lon="4.768024342">
			<ele>89.8</ele>
		</trkpt>
		<trkpt lat="44.770766192" lon="4.766797153">
			<ele>89.4</ele>
		</trkpt>
		<trkpt lat="44.770735056" lon="4.766546636">
			<ele>89.6</ele>
		</trkpt>
		<trkpt lat="44.770677194" lon="4.766603262">
			<ele>89.6</ele>
		</trkpt>
		<trkpt lat="44.770660316" lon="4.76695702">
			<ele>89.2</ele>
		</trkpt>
		<trkpt lat="44.770615452" lon="4.767063193">
			<ele>90.2</ele>
		</trkpt>
		<trkpt lat="44.770585706" lon="4.766990971">
			<ele>90.2</ele>
		</trkpt>
		<trkpt lat="44.770536479" lon="4.766264642">
			<ele>90.7</ele>
		</trkpt>
		<trkpt lat="44.770341554" lon="4.764967602">
			<ele>88.7</ele>
		</trkpt>
		<trkpt lat="44.770017811" lon="4.763481495">
			<ele>89</ele>
		</trkpt>
		<trkpt lat="44.769707223" lon="4.762451942">
			<ele>88.2</ele>
		</trkpt>
		<trkpt lat="44.769465025" lon="4.761840791">
			<ele>90.3</ele>
		</trkpt>
		<trkpt lat="44.769026552" lon="4.761020541">
			<ele>89.4</ele>
		</trkpt>
		<trkpt lat="44.76871594" lon="4.760595405">
			<ele>89.8</ele>
		</trkpt>
		<trkpt lat="44.768402463" lon="4.760260482">
			<ele>90</ele>
		</trkpt>
		<trkpt lat="44.7680229" lon="4.759945578">
			<ele>90</ele>
		</trkpt>
		<trkpt lat="44.767267576" lon="4.759526605">
			<ele>90.1</ele>
		</trkpt>
		<trkpt lat="44.759451727" lon="4.755937288">
			<ele>87</ele>
		</trkpt>
		<trkpt lat="44.759047958" lon="4.755796269">
			<ele>84.9</ele>
		</trkpt>
		<trkpt lat="44.758146555" lon="4.755573505">
			<ele>86.8</ele>
		</trkpt>
		<trkpt lat="44.757473867" lon="4.755483806">
			<ele>88.1</ele>
		</trkpt>
		<trkpt lat="44.757008991" lon="4.755482999">
			<ele>88.8</ele>
		</trkpt>
		<trkpt lat="44.756936988" lon="4.755605004">
			<ele>90.4</ele>
		</trkpt>
		<trkpt lat="44.756862994" lon="4.756300997">
			<ele>92.7</ele>
		</trkpt>
		<trkpt lat="44.756786023" lon="4.756587503">
			<ele>92.9</ele>
		</trkpt>
		<trkpt lat="44.756488634" lon="4.756779348">
			<ele>92.5</ele>
		</trkpt>
		<trkpt lat="44.756411989" lon="4.756783438">
			<ele>92.1</ele>
		</trkpt>
		<trkpt lat="44.756348855" lon="4.756728195">
			<ele>92.1</ele>
		</trkpt>
		<trkpt lat="44.756347472" lon="4.75629792">
			<ele>92.4</ele>
		</trkpt>
		<trkpt lat="44.756233671" lon="4.756271327">
			<ele>91.6</ele>
		</trkpt>
		<trkpt lat="44.756277992" lon="4.755409999">
			<ele>88.4</ele>
		</trkpt>
		<trkpt lat="44.75624999" lon="4.755218662">
			<ele>87.2</ele>
		</trkpt>
		<trkpt lat="44.756124989" lon="4.755217504">
			<ele>87.2</ele>
		</trkpt>
		<trkpt lat="44.756036987" lon="4.755113005">
			<ele>86.9</ele>
		</trkpt>
		<trkpt lat="44.756034988" lon="4.755009003">
			<ele>85.9</ele>
		</trkpt>
		<trkpt lat="44.756104994" lon="4.754814">
			<ele>86.5</ele>
		</trkpt>
		<trkpt lat="44.756237989" lon="4.754695997">
			<ele>83.3</ele>
		</trkpt>
		<trkpt lat="44.756255995" lon="4.754494998">
			<ele>83.3</ele>
		</trkpt>
		<trkpt lat="44.755913992" lon="4.750970002">
			<ele>82.7</ele>
		</trkpt>
		<trkpt lat="44.755829495" lon="4.750529499">
			<ele>89.2</ele>
		</trkpt>
		<trkpt lat="44.755860989" lon="4.750359999">
			<ele>92.1</ele>
		</trkpt>
		<trkpt lat="44.755824493" lon="4.7501615">
			<ele>92.6</ele>
		</trkpt>
		<trkpt lat="44.755829993" lon="4.749855997">
			<ele>92.8</ele>
		</trkpt>
		<trkpt lat="44.755802993" lon="4.749794">
			<ele>92.8</ele>
		</trkpt>
	</trkseg>
</trk>
<trk>
	<name>21: Le Pouzin – Châteauneuf-du-Rhône (Developed + Signed)</name>
	<desc>Developed + Signed</desc>
	<trkseg>
		<trkpt lat="44.755802993" lon="4.749794">
			<ele>92.8</ele>
		</trkpt>
		<trkpt lat="44.755316993" lon="4.749641996">
			<ele>92</ele>
		</trkpt>
		<trkpt lat="44.75532099" lon="4.749443003">
			<ele>92.4</ele>
		</trkpt>
		<trkpt lat="44.755263994" lon="4.749215004">
			<ele>91.8</ele>
		</trkpt>
		<trkpt lat="44.755267988" lon="4.748872995">
			<ele>91.7</ele>
		</trkpt>
		<trkpt lat="44.755222994" lon="4.748815002">
			<ele>91.6</ele>
		</trkpt>
		<trkpt lat="44.755218996" lon="4.748580499">
			<ele>91.6</ele>
		</trkpt>
		<trkpt lat="44.755105989" lon="4.748415001">
			<ele>91</ele>
		</trkpt>
		<trkpt lat="44.755045987" lon="4.748390994">
			<ele>91</ele>
		</trkpt>
		<trkpt lat="44.754826777" lon="4.748574463">
			<ele>90.2</ele>
		</trkpt>
		<trkpt lat="44.754950342" lon="4.748369317">
			<ele>91</ele>
		</trkpt>
		<trkpt lat="44.754879656" lon="4.748394709">
			<ele>90.5</ele>
		</trkpt>
		<trkpt lat="44.754718991" lon="4.748597994">
			<ele>90.1</ele>
		</trkpt>
		<trkpt lat="44.75441199" lon="4.748161003">
			<ele>91.3</ele>
		</trkpt>
		<trkpt lat="44.754344995" lon="4.748198997">
			<ele>91.7</ele>
		</trkpt>
		<trkpt lat="44.754232077" lon="4.748389117">
			<ele>91</ele>
		</trkpt>
		<trkpt lat="44.754188994" lon="4.748351001">
			<ele>91</ele>
		</trkpt>
		<trkpt lat="44.754321995" lon="4.748118005">
			<ele>91.7</ele>
		</trkpt>
		<trkpt lat="44.754322991" lon="4.748020002">
			<ele>92.6</ele>
		</trkpt>
		<trkpt lat="44.753529992" lon="4.747808003">
			<ele>95</ele>
		</trkpt>
		<trkpt lat="44.753445492" lon="4.747608997">
			<ele>97.2</ele>
		</trkpt>
		<trkpt lat="44.753317991" lon="4.747627001">
			<ele>97.4</ele>
		</trkpt>
		<trkpt lat="44.753231992" lon="4.747732004">
			<ele>97.4</ele>
		</trkpt>
		<trkpt lat="44.751309991" lon="4.747333004">
			<ele>95.5</ele>
		</trkpt>
		<trkpt lat="44.75075999" lon="4.747266004">
			<ele>95.8</ele>
		</trkpt>
		<trkpt lat="44.749412992" lon="4.746654">
			<ele>94.4</ele>
		</trkpt>
		<trkpt lat="44.748075988" lon="4.745949999">
			<ele>94.6</ele>
		</trkpt>
		<trkpt lat="44.747873991" lon="4.745806003">
			<ele>95.8</ele>
		</trkpt>
		<trkpt lat="44.747761488" lon="4.745677498">
			<ele>94.5</ele>
		</trkpt>
		<trkpt lat="44.747691993" lon="4.745476997">
			<ele>97.9</ele>
		</trkpt>
		<trkpt lat="44.747531987" lon="4.745368994">
			<ele>96.4</ele>
		</trkpt>
		<trkpt lat="44.747396994" lon="4.745359006">
			<ele>94.9</ele>
		</trkpt>
		<trkpt lat="44.747325989" lon="4.745442997">
			<ele>94.9</ele>
		</trkpt>
		<trkpt lat="44.747241493" lon="4.745646996">
			<ele>90.9</ele>
		</trkpt>
		<trkpt lat="44.747193991" lon="4.745678996">
			<ele>90.9</ele>
		</trkpt>
		<trkpt lat="44.747175994" lon="4.745777003">
			<ele>90.9</ele>
		</trkpt>
		<trkpt lat="44.746739988" lon="4.745556994">
			<ele>91.2</ele>
		</trkpt>
		<trkpt lat="44.746222992" lon="4.745375002">
			<ele>89.8</ele>
		</trkpt>
		<trkpt lat="44.743421987" lon="4.744023005">
			<ele>94.2</ele>
		</trkpt>
		<trkpt lat="44.743109995" lon="4.743988">
			<ele>93.6</ele>
		</trkpt>
		<trkpt lat="44.741978988" lon="4.743734997">
			<ele>90.7</ele>
		</trkpt>
		<trkpt lat="44.741763988" lon="4.746146998">
			<ele>89.3</ele>
		</trkpt>
		<trkpt lat="44.741434991" lon="4.748032998">
			<ele>89.4</ele>
		</trkpt>
		<trkpt lat="44.741387994" lon="4.748082003">
			<ele>89.4</ele>
		</trkpt>
		<trkpt lat="44.740680994" lon="4.748012998">
			<ele>88.9</ele>
		</trkpt>
		<trkpt lat="44.736568993" lon="4.747412003">
			<ele>89.4</ele>
		</trkpt>
		<trkpt lat="44.736298989" lon="4.747335003">
			<ele>89.5</ele>
		</trkpt>
		<trkpt lat="44.732075987" lon="4.746738997">
			<ele>92</ele>
		</trkpt>
		<trkpt lat="44.73199749" lon="4.746767499">
			<ele>92</ele>
		</trkpt>
		<trkpt lat="44.731961987" lon="4.746833997">
			<ele>91.9</ele>
		</trkpt>
		<trkpt lat="44.731907993" lon="4.747112005">
			<ele>91.7</ele>
		</trkpt>
		<trkpt lat="44.731682988" lon="4.747329004">
			<ele>91.5</ele>
		</trkpt>
		<trkpt lat="44.731576987" lon="4.747501994">
			<ele>91.2</ele>
		</trkpt>
		<trkpt lat="44.73087699" lon="4.749362002">
			<ele>90.6</ele>
		</trkpt>
		<trkpt lat="44.730600993" lon="4.750406002">
			<ele>89.4</ele>
		</trkpt>
		<trkpt lat="44.730435989" lon="4.751428004">
			<ele>88.2</ele>
		</trkpt>
		<trkpt lat="44.73045099" lon="4.751591005">
			<ele>88.2</ele>
		</trkpt>
		<trkpt lat="44.730516994" lon="4.751696004">
			<ele>88.2</ele>
		</trkpt>
		<trkpt lat="44.731116993" lon="4.752325002">
			<ele>87.8</ele>
		</trkpt>
		<trkpt lat="44.731397989" lon="4.752868001">
			<ele>87.5</ele>
		</trkpt>
		<trkpt lat="44.731617989" lon="4.753377005">
			<ele>87.4</ele>
		</trkpt>
		<trkpt lat="44.732043993" lon="4.753978996">
			<ele>87.7</ele>
		</trkpt>
		<trkpt lat="44.732344994" lon="4.754128998">
			<ele>87.8</ele>
		</trkpt>
		<trkpt lat="44.73265299" lon="4.754149993">
			<ele>87.6</ele>
		</trkpt>
		<trkpt lat="44.732738743" lon="4.754214506">
			<ele>87.4</ele>
		</trkpt>
		<trkpt lat="44.732765994" lon="4.754318999">
			<ele>87.6</ele>
		</trkpt>
		<trkpt lat="44.732574995" lon="4.756138997">
			<ele>86.3</ele>
		</trkpt>
		<trkpt lat="44.73252599" lon="4.756424003">
			<ele>86</ele>
		</trkpt>
		<trkpt lat="44.732447988" lon="4.756507993">
			<ele>86</ele>
		</trkpt>
		<trkpt lat="44.731938993" lon="4.756535994">
			<ele>87.4</ele>
		</trkpt>
		<trkpt lat="44.731305991" lon="4.756880004">
			<ele>89.4</ele>
		</trkpt>
		<trkpt lat="44.731116886" lon="4.756910382">
			<ele>89.7</ele>
		</trkpt>
		<trkpt lat="44.730962765" lon="4.757028843">
			<ele>89.7</ele>
		</trkpt>
		<trkpt lat="44.730077995" lon="4.756828999">
			<ele>91.2</ele>
		</trkpt>
		<trkpt lat="44.729295994" lon="4.756750002">
			<ele>88.2</ele>
		</trkpt>
		<trkpt lat="44.727839994" lon="4.756010995">
			<ele>86.7</ele>
		</trkpt>
		<trkpt lat="44.726597992" lon="4.756681996">
			<ele>85.8</ele>
		</trkpt>
		<trkpt lat="44.72631099" lon="4.756872003">
			<ele>85.8</ele>
		</trkpt>
		<trkpt lat="44.726202992" lon="4.756985994">
			<ele>86.1</ele>
		</trkpt>
		<trkpt lat="44.725797991" lon="4.757725005">
			<ele>86.4</ele>
		</trkpt>
		<trkpt lat="44.724230991" lon="4.758536003">
			<ele>86.4</ele>
		</trkpt>
		<trkpt lat="44.723718988" lon="4.758867999">
			<ele>86.3</ele>
		</trkpt>
		<trkpt lat="44.723544987" lon="4.758875003">
			<ele>86.3</ele>
		</trkpt>
		<trkpt lat="44.723156993" lon="4.758534001">
			<ele>86.1</ele>
		</trkpt>
		<trkpt lat="44.722927992" lon="4.758205005">
			<ele>86</ele>
		</trkpt>
		<trkpt lat="44.72234799" lon="4.757911001">
			<ele>85.9</ele>
		</trkpt>
		<trkpt lat="44.72190399" lon="4.757493994">
			<ele>85.6</ele>
		</trkpt>
		<trkpt lat="44.721628992" lon="4.757313995">
			<ele>85.4</ele>
		</trkpt>
		<trkpt lat="44.721172994" lon="4.756778993">
			<ele>85.7</ele>
		</trkpt>
		<trkpt lat="44.720569989" lon="4.756371997">
			<ele>86.2</ele>
		</trkpt>
		<trkpt lat="44.720424987" lon="4.756358997">
			<ele>86.3</ele>
		</trkpt>
		<trkpt lat="44.719901987" lon="4.756577996">
			<ele>86.2</ele>
		</trkpt>
		<trkpt lat="44.719416995" lon="4.756547996">
			<ele>85.9</ele>
		</trkpt>
		<trkpt lat="44.718617995" lon="4.756641003">
			<ele>86.7</ele>
		</trkpt>
		<trkpt lat="44.717920991" lon="4.756915994">
			<ele>93.9</ele>
		</trkpt>
		<trkpt lat="44.717710989" lon="4.756760002">
			<ele>96</ele>
		</trkpt>
		<trkpt lat="44.716620988" lon="4.758759003">
			<ele>93.2</ele>
		</trkpt>
		<trkpt lat="44.714903995" lon="4.761491">
			<ele>90.7</ele>
		</trkpt>
		<trkpt lat="44.714671991" lon="4.761784999">
			<ele>90.7</ele>
		</trkpt>
		<trkpt lat="44.714170582" lon="4.762234932">
			<ele>90.6</ele>
		</trkpt>
		<trkpt lat="44.714363537" lon="4.762513776">
			<ele>89.8</ele>
		</trkpt>
		<trkpt lat="44.714273541" lon="4.762701458">
			<ele>89.3</ele>
		</trkpt>
		<trkpt lat="44.714134235" lon="4.76285563">
			<ele>88.5</ele>
		</trkpt>
		<trkpt lat="44.71296736" lon="4.763731213">
			<ele>88.7</ele>
		</trkpt>
		<trkpt lat="44.712811868" lon="4.764044362">
			<ele>88.2</ele>
		</trkpt>
		<trkpt lat="44.711922709" lon="4.765048365">
			<ele>83.8</ele>
		</trkpt>
		<trkpt lat="44.711273998" lon="4.765672789">
			<ele>85.5</ele>
		</trkpt>
		<trkpt lat="44.711013462" lon="4.765872053">
			<ele>85.1</ele>
		</trkpt>
		<trkpt lat="44.710671016" lon="4.766032238">
			<ele>88.3</ele>
		</trkpt>
		<trkpt lat="44.710588003" lon="4.766138023">
			<ele>86</ele>
		</trkpt>
		<trkpt lat="44.710448708" lon="4.766435711">
			<ele>85.1</ele>
		</trkpt>
		<trkpt lat="44.709465202" lon="4.76692772">
			<ele>87.7</ele>
		</trkpt>
		<trkpt lat="44.709233347" lon="4.767162335">
			<ele>87.2</ele>
		</trkpt>
		<trkpt lat="44.709139991" lon="4.7673919">
			<ele>87.7</ele>
		</trkpt>
		<trkpt lat="44.709088719" lon="4.767442469">
			<ele>86.7</ele>
		</trkpt>
		<trkpt lat="44.708707387" lon="4.767484218">
			<ele>86.9</ele>
		</trkpt>
		<trkpt lat="44.708524421" lon="4.767552978">
			<ele>86.7</ele>
		</trkpt>
		<trkpt lat="44.707774975" lon="4.76752085">
			<ele>87.2</ele>
		</trkpt>
		<trkpt lat="44.707188082" lon="4.767546849">
			<ele>87.9</ele>
		</trkpt>
		<trkpt lat="44.706883407" lon="4.76762324">
			<ele>87.8</ele>
		</trkpt>
		<trkpt lat="44.706384467" lon="4.767580363">
			<ele>87.2</ele>
		</trkpt>
		<trkpt lat="44.706171735" lon="4.767529261">
			<ele>87</ele>
		</trkpt>
		<trkpt lat="44.705732138" lon="4.767289091">
			<ele>86.2</ele>
		</trkpt>
		<trkpt lat="44.705387991" lon="4.767293997">
			<ele>86.4</ele>
		</trkpt>
		<trkpt lat="44.704777986" lon="4.766843003">
			<ele>86.5</ele>
		</trkpt>
		<trkpt lat="44.704091993" lon="4.766843006">
			<ele>86.2</ele>
		</trkpt>
		<trkpt lat="44.703252994" lon="4.766940003">
			<ele>86.8</ele>
		</trkpt>
		<trkpt lat="44.702825986" lon="4.767400999">
			<ele>87.3</ele>
		</trkpt>
		<trkpt lat="44.702695994" lon="4.767293999">
			<ele>87.3</ele>
		</trkpt>
		<trkpt lat="44.702512991" lon="4.766586003">
			<ele>89.1</ele>
		</trkpt>
		<trkpt lat="44.701910681" lon="4.766904333">
			<ele>88.5</ele>
		</trkpt>
		<trkpt lat="44.701786623" lon="4.766876904">
			<ele>89.7</ele>
		</trkpt>
		<trkpt lat="44.701735477" lon="4.766721547">
			<ele>89.7</ele>
		</trkpt>
		<trkpt lat="44.701658765" lon="4.766646879">
			<ele>89.7</ele>
		</trkpt>
		<trkpt lat="44.701600197" lon="4.766674449">
			<ele>89.7</ele>
		</trkpt>
		<trkpt lat="44.701564541" lon="4.766645413">
			<ele>89.7</ele>
		</trkpt>
		<trkpt lat="44.701419816" lon="4.766825065">
			<ele>89.6</ele>
		</trkpt>
		<trkpt lat="44.699836093" lon="4.767712876">
			<ele>87.8</ele>
		</trkpt>
		<trkpt lat="44.699218655" lon="4.768116105">
			<ele>89.2</ele>
		</trkpt>
		<trkpt lat="44.699113884" lon="4.768214516">
			<ele>90.3</ele>
		</trkpt>
		<trkpt lat="44.699073436" lon="4.768316399">
			<ele>89</ele>
		</trkpt>
		<trkpt lat="44.699110902" lon="4.768657084">
			<ele>88.2</ele>
		</trkpt>
		<trkpt lat="44.699078411" lon="4.768772095">
			<ele>88.2</ele>
		</trkpt>
		<trkpt lat="44.698990511" lon="4.768838094">
			<ele>88.5</ele>
		</trkpt>
		<trkpt lat="44.698604369" lon="4.769089551">
			<ele>88.7</ele>
		</trkpt>
		<trkpt lat="44.697612092" lon="4.769611323">
			<ele>87.6</ele>
		</trkpt>
		<trkpt lat="44.697489738" lon="4.769723519">
			<ele>87.8</ele>
		</trkpt>
		<trkpt lat="44.697014913" lon="4.769897686">
			<ele>86.5</ele>
		</trkpt>
		<trkpt lat="44.69647705" lon="4.770180163">
			<ele>85.3</ele>
		</trkpt>
		<trkpt lat="44.695044553" lon="4.771076245">
			<ele>84.3</ele>
		</trkpt>
		<trkpt lat="44.69433333" lon="4.77146499">
			<ele>86.3</ele>
		</trkpt>
		<trkpt lat="44.693589073" lon="4.772130553">
			<ele>87.1</ele>
		</trkpt>
		<trkpt lat="44.692672989" lon="4.772678976">
			<ele>87.7</ele>
		</trkpt>
		<trkpt lat="44.692070492" lon="4.772850524">
			<ele>86.8</ele>
		</trkpt>
		<trkpt lat="44.690261925" lon="4.77285661">
			<ele>85.7</ele>
		</trkpt>
		<trkpt lat="44.688761939" lon="4.77279793">
			<ele>84.4</ele>
		</trkpt>
		<trkpt lat="44.687205068" lon="4.772591387">
			<ele>85</ele>
		</trkpt>
		<trkpt lat="44.686036283" lon="4.772523083">
			<ele>84.5</ele>
		</trkpt>
		<trkpt lat="44.684688253" lon="4.772354636">
			<ele>91.1</ele>
		</trkpt>
		<trkpt lat="44.684237893" lon="4.772340464">
			<ele>90.3</ele>
		</trkpt>
		<trkpt lat="44.682524003" lon="4.772560069">
			<ele>85.2</ele>
		</trkpt>
		<trkpt lat="44.680872119" lon="4.772161517">
			<ele>90.4</ele>
		</trkpt>
		<trkpt lat="44.680273009" lon="4.772121186">
			<ele>91.2</ele>
		</trkpt>
		<trkpt lat="44.679670521" lon="4.772228257">
			<ele>91.6</ele>
		</trkpt>
		<trkpt lat="44.679472078" lon="4.772433952">
			<ele>91.7</ele>
		</trkpt>
		<trkpt lat="44.679516995" lon="4.773372004">
			<ele>89.9</ele>
		</trkpt>
		<trkpt lat="44.679363988" lon="4.774085005">
			<ele>87.3</ele>
		</trkpt>
		<trkpt lat="44.679326994" lon="4.774425993">
			<ele>86.5</ele>
		</trkpt>
		<trkpt lat="44.679292925" lon="4.774802931">
			<ele>85.9</ele>
		</trkpt>
		<trkpt lat="44.679347986" lon="4.775071003">
			<ele>85.9</ele>
		</trkpt>
		<trkpt lat="44.679292992" lon="4.775445994">
			<ele>86</ele>
		</trkpt>
		<trkpt lat="44.679150995" lon="4.775984995">
			<ele>86.1</ele>
		</trkpt>
		<trkpt lat="44.678946994" lon="4.776413002">
			<ele>86.4</ele>
		</trkpt>
		<trkpt lat="44.67865399" lon="4.776746">
			<ele>86.4</ele>
		</trkpt>
		<trkpt lat="44.678280987" lon="4.776988993">
			<ele>86.8</ele>
		</trkpt>
		<trkpt lat="44.677956994" lon="4.777099998">
			<ele>87</ele>
		</trkpt>
		<trkpt lat="44.676476987" lon="4.776898994">
			<ele>87.2</ele>
		</trkpt>
		<trkpt lat="44.675992988" lon="4.776902001">
			<ele>87.8</ele>
		</trkpt>
		<trkpt lat="44.675558987" lon="4.776966004">
			<ele>87.9</ele>
		</trkpt>
		<trkpt lat="44.675274987" lon="4.777058994">
			<ele>87.6</ele>
		</trkpt>
		<trkpt lat="44.674809993" lon="4.777295004">
			<ele>87.6</ele>
		</trkpt>
		<trkpt lat="44.672230991" lon="4.779459">
			<ele>81.8</ele>
		</trkpt>
		<trkpt lat="44.671801993" lon="4.779792997">
			<ele>81.1</ele>
		</trkpt>
		<trkpt lat="44.671495992" lon="4.779957002">
			<ele>82.6</ele>
		</trkpt>
		<trkpt lat="44.671053988" lon="4.780125995">
			<ele>83.7</ele>
		</trkpt>
		<trkpt lat="44.666656989" lon="4.781489994">
			<ele>79.2</ele>
		</trkpt>
		<trkpt lat="44.665363994" lon="4.781397994">
			<ele>81.7</ele>
		</trkpt>
		<trkpt lat="44.664353991" lon="4.781022004">
			<ele>81.1</ele>
		</trkpt>
		<trkpt lat="44.659098992" lon="4.778852002">
			<ele>81.1</ele>
		</trkpt>
		<trkpt lat="44.65875399" lon="4.778688005">
			<ele>81.7</ele>
		</trkpt>
		<trkpt lat="44.658256992" lon="4.778308994">
			<ele>83.2</ele>
		</trkpt>
		<trkpt lat="44.657447995" lon="4.777608996">
			<ele>84</ele>
		</trkpt>
		<trkpt lat="44.656638988" lon="4.777197996">
			<ele>86.2</ele>
		</trkpt>
		<trkpt lat="44.655373991" lon="4.776738996">
			<ele>84.3</ele>
		</trkpt>
		<trkpt lat="44.655259885" lon="4.776631013">
			<ele>83.7</ele>
		</trkpt>
		<trkpt lat="44.655294994" lon="4.776236998">
			<ele>82.5</ele>
		</trkpt>
		<trkpt lat="44.655290993" lon="4.776138997">
			<ele>82.5</ele>
		</trkpt>
		<trkpt lat="44.655250993" lon="4.776065004">
			<ele>82.5</ele>
		</trkpt>
		<trkpt lat="44.654668987" lon="4.775901995">
			<ele>81.3</ele>
		</trkpt>
		<trkpt lat="44.653958995" lon="4.775522999">
			<ele>80.8</ele>
		</trkpt>
		<trkpt lat="44.650433989" lon="4.772526994">
			<ele>79</ele>
		</trkpt>
		<trkpt lat="44.647049988" lon="4.769760994">
			<ele>79</ele>
		</trkpt>
		<trkpt lat="44.644214993" lon="4.767354001">
			<ele>79.4</ele>
		</trkpt>
		<trkpt lat="44.639840991" lon="4.763871002">
			<ele>81.1</ele>
		</trkpt>
		<trkpt lat="44.639398994" lon="4.763478004">
			<ele>80.3</ele>
		</trkpt>
		<trkpt lat="44.639167987" lon="4.763165998">
			<ele>79.9</ele>
		</trkpt>
		<trkpt lat="44.63900899" lon="4.763127993">
			<ele>79.8</ele>
		</trkpt>
		<trkpt lat="44.638855986" lon="4.762953004">
			<ele>79.6</ele>
		</trkpt>
		<trkpt lat="44.638780993" lon="4.762708995">
			<ele>79.4</ele>
		</trkpt>
		<trkpt lat="44.638789988" lon="4.762403995">
			<ele>79.4</ele>
		</trkpt>
		<trkpt lat="44.63888599" lon="4.762187">
			<ele>79.6</ele>
		</trkpt>
		<trkpt lat="44.638932987" lon="4.761904995">
			<ele>79.7</ele>
		</trkpt>
		<trkpt lat="44.639244995" lon="4.758989997">
			<ele>75.7</ele>
		</trkpt>
		<trkpt lat="44.639426992" lon="4.757878998">
			<ele>75.5</ele>
		</trkpt>
		<trkpt lat="44.639579992" lon="4.757184005">
			<ele>74.7</ele>
		</trkpt>
		<trkpt lat="44.639635989" lon="4.756732005">
			<ele>74.4</ele>
		</trkpt>
		<trkpt lat="44.639606988" lon="4.755814995">
			<ele>74</ele>
		</trkpt>
		<trkpt lat="44.639514987" lon="4.755512004">
			<ele>74.2</ele>
		</trkpt>
		<trkpt lat="44.639360991" lon="4.755088993">
			<ele>74.3</ele>
		</trkpt>
		<trkpt lat="44.639246994" lon="4.754867994">
			<ele>74.7</ele>
		</trkpt>
		<trkpt lat="44.638572987" lon="4.754166001">
			<ele>73.5</ele>
		</trkpt>
		<trkpt lat="44.638650992" lon="4.754029997">
			<ele>73.5</ele>
		</trkpt>
		<trkpt lat="44.635890993" lon="4.751201004">
			<ele>73.5</ele>
		</trkpt>
		<trkpt lat="44.635738991" lon="4.750936004">
			<ele>74.2</ele>
		</trkpt>
		<trkpt lat="44.635620988" lon="4.750872005">
			<ele>74.2</ele>
		</trkpt>
		<trkpt lat="44.634856995" lon="4.750098001">
			<ele>74.2</ele>
		</trkpt>
		<trkpt lat="44.635560988" lon="4.748126">
			<ele>72.7</ele>
		</trkpt>
		<trkpt lat="44.635542995" lon="4.747978">
			<ele>73.2</ele>
		</trkpt>
		<trkpt lat="44.635204986" lon="4.747653999">
			<ele>74</ele>
		</trkpt>
		<trkpt lat="44.634297989" lon="4.746979996">
			<ele>77</ele>
		</trkpt>
		<trkpt lat="44.63390399" lon="4.746992">
			<ele>77.3</ele>
		</trkpt>
		<trkpt lat="44.633628986" lon="4.746595005">
			<ele>78.1</ele>
		</trkpt>
		<trkpt lat="44.633457491" lon="4.746558997">
			<ele>78.1</ele>
		</trkpt>
		<trkpt lat="44.63339299" lon="4.746461999">
			<ele>78.1</ele>
		</trkpt>
		<trkpt lat="44.63320899" lon="4.745985001">
			<ele>79.6</ele>
		</trkpt>
		<trkpt lat="44.633029987" lon="4.745723001">
			<ele>80.1</ele>
		</trkpt>
		<trkpt lat="44.632825987" lon="4.745547004">
			<ele>80.6</ele>
		</trkpt>
		<trkpt lat="44.631075989" lon="4.744762999">
			<ele>80</ele>
		</trkpt>
		<trkpt lat="44.629829991" lon="4.744270999">
			<ele>75.5</ele>
		</trkpt>
		<trkpt lat="44.629532993" lon="4.744185998">
			<ele>76.5</ele>
		</trkpt>
		<trkpt lat="44.628868988" lon="4.744211003">
			<ele>76.5</ele>
		</trkpt>
		<trkpt lat="44.628214987" lon="4.744377005">
			<ele>75.6</ele>
		</trkpt>
		<trkpt lat="44.62796499" lon="4.744515998">
			<ele>75.6</ele>
		</trkpt>
		<trkpt lat="44.627804995" lon="4.744698996">
			<ele>75.7</ele>
		</trkpt>
		<trkpt lat="44.627726989" lon="4.744683997">
			<ele>75.7</ele>
		</trkpt>
		<trkpt lat="44.627690992" lon="4.745050004">
			<ele>76.1</ele>
		</trkpt>
		<trkpt lat="44.626874992" lon="4.748784998">
			<ele>76.1</ele>
		</trkpt>
		<trkpt lat="44.626854988" lon="4.748894005">
			<ele>76</ele>
		</trkpt>
		<trkpt lat="44.626901988" lon="4.749060006">
			<ele>76</ele>
		</trkpt>
		<trkpt lat="44.626901987" lon="4.749170995">
			<ele>76</ele>
		</trkpt>
		<trkpt lat="44.626859994" lon="4.749338005">
			<ele>76</ele>
		</trkpt>
		<trkpt lat="44.626761988" lon="4.749437997">
			<ele>76.1</ele>
		</trkpt>
		<trkpt lat="44.626705989" lon="4.749431001">
			<ele>76.1</ele>
		</trkpt>
		<trkpt lat="44.625955991" lon="4.749030003">
			<ele>76.3</ele>
		</trkpt>
		<trkpt lat="44.625797993" lon="4.748996995">
			<ele>76.4</ele>
		</trkpt>
		<trkpt lat="44.625683994" lon="4.749063996">
			<ele>76.4</ele>
		</trkpt>
		<trkpt lat="44.62565099" lon="4.749128994">
			<ele>76.3</ele>
		</trkpt>
		<trkpt lat="44.625454993" lon="4.750153002">
			<ele>77.3</ele>
		</trkpt>
		<trkpt lat="44.625418988" lon="4.750448997">
			<ele>79</ele>
		</trkpt>
		<trkpt lat="44.625432993" lon="4.750648998">
			<ele>78.9</ele>
		</trkpt>
		<trkpt lat="44.625392991" lon="4.750822004">
			<ele>79.7</ele>
		</trkpt>
		<trkpt lat="44.625283987" lon="4.750858994">
			<ele>79.7</ele>
		</trkpt>
		<trkpt lat="44.625143989" lon="4.750834005">
			<ele>80.3</ele>
		</trkpt>
		<trkpt lat="44.623006993" lon="4.749339003">
			<ele>77</ele>
		</trkpt>
		<trkpt lat="44.620366995" lon="4.747632996">
			<ele>77.2</ele>
		</trkpt>
		<trkpt lat="44.615911987" lon="4.744847005">
			<ele>77.1</ele>
		</trkpt>
		<trkpt lat="44.606725986" lon="4.738988005">
			<ele>74.5</ele>
		</trkpt>
		<trkpt lat="44.606612994" lon="4.738865">
			<ele>74.2</ele>
		</trkpt>
		<trkpt lat="44.606522993" lon="4.738663999">
			<ele>75</ele>
		</trkpt>
		<trkpt lat="44.606519993" lon="4.738417996">
			<ele>75.8</ele>
		</trkpt>
		<trkpt lat="44.606591495" lon="4.738218494">
			<ele>76.4</ele>
		</trkpt>
		<trkpt lat="44.606576995" lon="4.738103001">
			<ele>76.4</ele>
		</trkpt>
		<trkpt lat="44.605468993" lon="4.737462">
			<ele>78.2</ele>
		</trkpt>
		<trkpt lat="44.60424699" lon="4.736691998">
			<ele>79.3</ele>
		</trkpt>
		<trkpt lat="44.602388988" lon="4.735437001">
			<ele>77.3</ele>
		</trkpt>
		<trkpt lat="44.600670994" lon="4.733998003">
			<ele>79.9</ele>
		</trkpt>
		<trkpt lat="44.600145993" lon="4.733497005">
			<ele>80.4</ele>
		</trkpt>
		<trkpt lat="44.599837994" lon="4.733159005">
			<ele>79.9</ele>
		</trkpt>
		<trkpt lat="44.599185988" lon="4.732194994">
			<ele>76.2</ele>
		</trkpt>
		<trkpt lat="44.599163495" lon="4.732090994">
			<ele>75.7</ele>
		</trkpt>
		<trkpt lat="44.599245993" lon="4.731851001">
			<ele>75.1</ele>
		</trkpt>
		<trkpt lat="44.599260489" lon="4.731657506">
			<ele>75.1</ele>
		</trkpt>
		<trkpt lat="44.599197489" lon="4.731615745">
			<ele>75.1</ele>
		</trkpt>
		<trkpt lat="44.599045988" lon="4.731772996">
			<ele>74.7</ele>
		</trkpt>
		<trkpt lat="44.598541987" lon="4.73246">
			<ele>76.1</ele>
		</trkpt>
		<trkpt lat="44.598493491" lon="4.732484498">
			<ele>76.1</ele>
		</trkpt>
		<trkpt lat="44.598362991" lon="4.732439996">
			<ele>76</ele>
		</trkpt>
		<trkpt lat="44.596512987" lon="4.730273998">
			<ele>74.5</ele>
		</trkpt>
		<trkpt lat="44.595163989" lon="4.728571004">
			<ele>73.1</ele>
		</trkpt>
		<trkpt lat="44.594888987" lon="4.728092005">
			<ele>72.6</ele>
		</trkpt>
		<trkpt lat="44.594245994" lon="4.726792994">
			<ele>73.9</ele>
		</trkpt>
		<trkpt lat="44.594208995" lon="4.726573995">
			<ele>75.1</ele>
		</trkpt>
		<trkpt lat="44.594109992" lon="4.726266004">
			<ele>74.6</ele>
		</trkpt>
		<trkpt lat="44.594140987" lon="4.726205996">
			<ele>74.6</ele>
		</trkpt>
		<trkpt lat="44.594196487" lon="4.726189005">
			<ele>76.3</ele>
		</trkpt>
		<trkpt lat="44.594272996" lon="4.726226746">
			<ele>76.1</ele>
		</trkpt>
		<trkpt lat="44.594309987" lon="4.726123002">
			<ele>76.3</ele>
		</trkpt>
		<trkpt lat="44.594292994" lon="4.725971999">
			<ele>76.3</ele>
		</trkpt>
		<trkpt lat="44.593442993" lon="4.724042003">
			<ele>72</ele>
		</trkpt>
		<trkpt lat="44.593832991" lon="4.723286">
			<ele>74.3</ele>
		</trkpt>
		<trkpt lat="44.593884991" lon="4.723079994">
			<ele>75.2</ele>
		</trkpt>
		<trkpt lat="44.593993989" lon="4.721105997">
			<ele>75.2</ele>
		</trkpt>
		<trkpt lat="44.594160987" lon="4.720591">
			<ele>73.6</ele>
		</trkpt>
		<trkpt lat="44.594122995" lon="4.720507247">
			<ele>73.1</ele>
		</trkpt>
		<trkpt lat="44.593750993" lon="4.720400995">
			<ele>73.4</ele>
		</trkpt>
		<trkpt lat="44.592332994" lon="4.719644001">
			<ele>72.7</ele>
		</trkpt>
		<trkpt lat="44.592059991" lon="4.719448998">
			<ele>72.4</ele>
		</trkpt>
		<trkpt lat="44.591815995" lon="4.719887999">
			<ele>73</ele>
		</trkpt>
		<trkpt lat="44.591699739" lon="4.720033003">
			<ele>73.5</ele>
		</trkpt>
		<trkpt lat="44.591621993" lon="4.720033002">
			<ele>73.5</ele>
		</trkpt>
		<trkpt lat="44.59079099" lon="4.719453997">
			<ele>72.3</ele>
		</trkpt>
		<trkpt lat="44.590291992" lon="4.719058002">
			<ele>71.7</ele>
		</trkpt>
		<trkpt lat="44.588900991" lon="4.717309003">
			<ele>71.7</ele>
		</trkpt>
		<trkpt lat="44.588593988" lon="4.716965999">
			<ele>72.3</ele>
		</trkpt>
		<trkpt lat="44.588287988" lon="4.716551997">
			<ele>71.2</ele>
		</trkpt>
		<trkpt lat="44.587974987" lon="4.716052997">
			<ele>71.3</ele>
		</trkpt>
		<trkpt lat="44.586671988" lon="4.714333003">
			<ele>70.4</ele>
		</trkpt>
		<trkpt lat="44.586163994" lon="4.713586003">
			<ele>70</ele>
		</trkpt>
		<trkpt lat="44.585814987" lon="4.712993005">
			<ele>70.2</ele>
		</trkpt>
		<trkpt lat="44.585516987" lon="4.712281005">
			<ele>71.7</ele>
		</trkpt>
		<trkpt lat="44.58526099" lon="4.711912997">
			<ele>73.7</ele>
		</trkpt>
		<trkpt lat="44.58497899" lon="4.711649994">
			<ele>74.2</ele>
		</trkpt>
		<trkpt lat="44.584848989" lon="4.711405994">
			<ele>74</ele>
		</trkpt>
		<trkpt lat="44.58481399" lon="4.711195999">
			<ele>73.1</ele>
		</trkpt>
		<trkpt lat="44.584837994" lon="4.711094994">
			<ele>72.1</ele>
		</trkpt>
		<trkpt lat="44.585474994" lon="4.710302003">
			<ele>69.8</ele>
		</trkpt>
		<trkpt lat="44.586143991" lon="4.709537999">
			<ele>70.5</ele>
		</trkpt>
		<trkpt lat="44.58619599" lon="4.707677999">
			<ele>72.4</ele>
		</trkpt>
		<trkpt lat="44.586270987" lon="4.707057005">
			<ele>71.7</ele>
		</trkpt>
		<trkpt lat="44.586948994" lon="4.706195004">
			<ele>71.8</ele>
		</trkpt>
		<trkpt lat="44.587086988" lon="4.705966496">
			<ele>72.5</ele>
		</trkpt>
		<trkpt lat="44.587040994" lon="4.705802004">
			<ele>72.2</ele>
		</trkpt>
		<trkpt lat="44.586770489" lon="4.705438504">
			<ele>73</ele>
		</trkpt>
		<trkpt lat="44.586701995" lon="4.705426001">
			<ele>73</ele>
		</trkpt>
		<trkpt lat="44.58664999" lon="4.705476998">
			<ele>72.2</ele>
		</trkpt>
		<trkpt lat="44.58646699" lon="4.705774997">
			<ele>71.5</ele>
		</trkpt>
		<trkpt lat="44.585658987" lon="4.706861997">
			<ele>72.8</ele>
		</trkpt>
		<trkpt lat="44.585120988" lon="4.707668004">
			<ele>72.4</ele>
		</trkpt>
		<trkpt lat="44.582352994" lon="4.711546999">
			<ele>67</ele>
		</trkpt>
		<trkpt lat="44.58056499" lon="4.713999004">
			<ele>73.9</ele>
		</trkpt>
		<trkpt lat="44.580529988" lon="4.714136002">
			<ele>73.9</ele>
		</trkpt>
		<trkpt lat="44.580551988" lon="4.714309996">
			<ele>73.9</ele>
		</trkpt>
		<trkpt lat="44.581261994" lon="4.717055001">
			<ele>77.8</ele>
		</trkpt>
		<trkpt lat="44.581273987" lon="4.717157005">
			<ele>77.8</ele>
		</trkpt>
		<trkpt lat="44.581121987" lon="4.717774001">
			<ele>76.8</ele>
		</trkpt>
		<trkpt lat="44.581065988" lon="4.717789002">
			<ele>75.8</ele>
		</trkpt>
		<trkpt lat="44.58039099" lon="4.717482996">
			<ele>75.2</ele>
		</trkpt>
		<trkpt lat="44.579687993" lon="4.717226993">
			<ele>73.6</ele>
		</trkpt>
		<trkpt lat="44.579146994" lon="4.717083004">
			<ele>72.6</ele>
		</trkpt>
		<trkpt lat="44.577696993" lon="4.716819">
			<ele>73.5</ele>
		</trkpt>
		<trkpt lat="44.576261331" lon="4.716660275">
			<ele>73.9</ele>
		</trkpt>
		<trkpt lat="44.569653098" lon="4.715757645">
			<ele>71.3</ele>
		</trkpt>
		<trkpt lat="44.559386016" lon="4.71442518">
			<ele>71.2</ele>
		</trkpt>
		<trkpt lat="44.558640132" lon="4.71437565">
			<ele>71.1</ele>
		</trkpt>
		<trkpt lat="44.556852255" lon="4.714381335">
			<ele>71</ele>
		</trkpt>
		<trkpt lat="44.555427029" lon="4.714532948">
			<ele>72.1</ele>
		</trkpt>
		<trkpt lat="44.55486378" lon="4.714673876">
			<ele>72.1</ele>
		</trkpt>
		<trkpt lat="44.554644653" lon="4.714580704">
			<ele>74.5</ele>
		</trkpt>
		<trkpt lat="44.55450134" lon="4.713611868">
			<ele>77</ele>
		</trkpt>
		<trkpt lat="44.554418126" lon="4.713312141">
			<ele>77.1</ele>
		</trkpt>
		<trkpt lat="44.55428044" lon="4.712967906">
			<ele>76.9</ele>
		</trkpt>
		<trkpt lat="44.554222029" lon="4.712913255">
			<ele>76.9</ele>
		</trkpt>
		<trkpt lat="44.554151522" lon="4.712913974">
			<ele>76.7</ele>
		</trkpt>
		<trkpt lat="44.554100838" lon="4.712953881">
			<ele>76.7</ele>
		</trkpt>
		<trkpt lat="44.554078799" lon="4.713057509">
			<ele>76.9</ele>
		</trkpt>
		<trkpt lat="44.554135353" lon="4.71346217">
			<ele>77.1</ele>
		</trkpt>
		<trkpt lat="44.554071736" lon="4.713578829">
			<ele>77.1</ele>
		</trkpt>
		<trkpt lat="44.55339196" lon="4.713681556">
			<ele>76.4</ele>
		</trkpt>
		<trkpt lat="44.551765481" lon="4.714340522">
			<ele>75</ele>
		</trkpt>
		<trkpt lat="44.550657251" lon="4.714703795">
			<ele>76.1</ele>
		</trkpt>
		<trkpt lat="44.550487033" lon="4.714802802">
			<ele>76.6</ele>
		</trkpt>
		<trkpt lat="44.549908544" lon="4.715663908">
			<ele>76.7</ele>
		</trkpt>
		<trkpt lat="44.549065353" lon="4.716111381">
			<ele>74.3</ele>
		</trkpt>
		<trkpt lat="44.548978125" lon="4.716205349">
			<ele>73.9</ele>
		</trkpt>
		<trkpt lat="44.548969478" lon="4.716301705">
			<ele>73.2</ele>
		</trkpt>
		<trkpt lat="44.548998648" lon="4.716391177">
			<ele>73.2</ele>
		</trkpt>
		<trkpt lat="44.548919683" lon="4.716440126">
			<ele>73.2</ele>
		</trkpt>
		<trkpt lat="44.548704688" lon="4.716476894">
			<ele>72.8</ele>
		</trkpt>
		<trkpt lat="44.548519359" lon="4.716597859">
			<ele>71.7</ele>
		</trkpt>
		<trkpt lat="44.548264356" lon="4.71660344">
			<ele>71.5</ele>
		</trkpt>
		<trkpt lat="44.548222628" lon="4.716758752">
			<ele>71.6</ele>
		</trkpt>
		<trkpt lat="44.547741292" lon="4.716764111">
			<ele>72.6</ele>
		</trkpt>
		<trkpt lat="44.547470449" lon="4.716715897">
			<ele>74</ele>
		</trkpt>
		<trkpt lat="44.547245673" lon="4.716769024">
			<ele>74.1</ele>
		</trkpt>
		<trkpt lat="44.54611413" lon="4.717221011">
			<ele>75.5</ele>
		</trkpt>
		<trkpt lat="44.542139595" lon="4.719557772">
			<ele>75.5</ele>
		</trkpt>
		<trkpt lat="44.539393793" lon="4.721089733">
			<ele>76.6</ele>
		</trkpt>
		<trkpt lat="44.53913948" lon="4.721144075">
			<ele>77.4</ele>
		</trkpt>
		<trkpt lat="44.538735643" lon="4.720898955">
			<ele>78.5</ele>
		</trkpt>
		<trkpt lat="44.538481079" lon="4.720799594">
			<ele>78</ele>
		</trkpt>
		<trkpt lat="44.538183741" lon="4.720769722">
			<ele>77.3</ele>
		</trkpt>
		<trkpt lat="44.537112473" lon="4.72090779">
			<ele>79</ele>
		</trkpt>
		<trkpt lat="44.536754945" lon="4.721109239">
			<ele>79.4</ele>
		</trkpt>
		<trkpt lat="44.536374822" lon="4.721613939">
			<ele>78.3</ele>
		</trkpt>
		<trkpt lat="44.535732025" lon="4.722347953">
			<ele>78.6</ele>
		</trkpt>
		<trkpt lat="44.53543713" lon="4.722734507">
			<ele>79.3</ele>
		</trkpt>
		<trkpt lat="44.535159692" lon="4.723146567">
			<ele>80.8</ele>
		</trkpt>
		<trkpt lat="44.534941751" lon="4.723540334">
			<ele>81.3</ele>
		</trkpt>
		<trkpt lat="44.534892893" lon="4.723833802">
			<ele>80.4</ele>
		</trkpt>
		<trkpt lat="44.534809223" lon="4.723958371">
			<ele>81.4</ele>
		</trkpt>
		<trkpt lat="44.534734764" lon="4.723950382">
			<ele>81.4</ele>
		</trkpt>
		<trkpt lat="44.534527102" lon="4.723705509">
			<ele>81.7</ele>
		</trkpt>
		<trkpt lat="44.534121828" lon="4.72309609">
			<ele>80</ele>
		</trkpt>
		<trkpt lat="44.534058083" lon="4.7230576">
			<ele>80</ele>
		</trkpt>
		<trkpt lat="44.533927468" lon="4.723111586">
			<ele>79.9</ele>
		</trkpt>
		<trkpt lat="44.533815837" lon="4.723063905">
			<ele>79.8</ele>
		</trkpt>
		<trkpt lat="44.533606041" lon="4.722890389">
			<ele>79.1</ele>
		</trkpt>
		<trkpt lat="44.532532915" lon="4.723306024">
			<ele>80.2</ele>
		</trkpt>
		<trkpt lat="44.53094317" lon="4.723832234">
			<ele>77.8</ele>
		</trkpt>
		<trkpt lat="44.529955974" lon="4.724116835">
			<ele>77</ele>
		</trkpt>
		<trkpt lat="44.529688709" lon="4.72406871">
			<ele>77</ele>
		</trkpt>
		<trkpt lat="44.529166051" lon="4.723897888">
			<ele>78</ele>
		</trkpt>
		<trkpt lat="44.525836757" lon="4.723110557">
			<ele>78.8</ele>
		</trkpt>
		<trkpt lat="44.525306336" lon="4.72302511">
			<ele>78.8</ele>
		</trkpt>
		<trkpt lat="44.524967318" lon="4.723131988">
			<ele>79.1</ele>
		</trkpt>
		<trkpt lat="44.523291321" lon="4.724151843">
			<ele>76.4</ele>
		</trkpt>
		<trkpt lat="44.523086239" lon="4.724225506">
			<ele>75.6</ele>
		</trkpt>
		<trkpt lat="44.521769347" lon="4.724235889">
			<ele>70.4</ele>
		</trkpt>
		<trkpt lat="44.521455885" lon="4.7245033">
			<ele>70</ele>
		</trkpt>
		<trkpt lat="44.521247841" lon="4.724609756">
			<ele>70.6</ele>
		</trkpt>
		<trkpt lat="44.5206731" lon="4.725234813">
			<ele>73.6</ele>
		</trkpt>
		<trkpt lat="44.520481934" lon="4.725373194">
			<ele>73.9</ele>
		</trkpt>
		<trkpt lat="44.519556672" lon="4.725350645">
			<ele>74.2</ele>
		</trkpt>
		<trkpt lat="44.517915712" lon="4.72503636">
			<ele>71.1</ele>
		</trkpt>
		<trkpt lat="44.51778276" lon="4.724979467">
			<ele>70.8</ele>
		</trkpt>
		<trkpt lat="44.517421246" lon="4.724708546">
			<ele>71.1</ele>
		</trkpt>
		<trkpt lat="44.513194799" lon="4.722936099">
			<ele>72.1</ele>
		</trkpt>
		<trkpt lat="44.512478189" lon="4.72257157">
			<ele>73.8</ele>
		</trkpt>
		<trkpt lat="44.512412794" lon="4.722506757">
			<ele>73.8</ele>
		</trkpt>
		<trkpt lat="44.512363956" lon="4.722428166">
			<ele>73.8</ele>
		</trkpt>
		<trkpt lat="44.512341298" lon="4.722308972">
			<ele>73.9</ele>
		</trkpt>
		<trkpt lat="44.512149057" lon="4.720945285">
			<ele>70</ele>
		</trkpt>
		<trkpt lat="44.512132595" lon="4.720624964">
			<ele>69.5</ele>
		</trkpt>
		<trkpt lat="44.51217001" lon="4.72045334">
			<ele>68.7</ele>
		</trkpt>
		<trkpt lat="44.512127896" lon="4.720271441">
			<ele>68.9</ele>
		</trkpt>
		<trkpt lat="44.51205341" lon="4.719413219">
			<ele>67.4</ele>
		</trkpt>
		<trkpt lat="44.512007575" lon="4.719207651">
			<ele>67.4</ele>
		</trkpt>
		<trkpt lat="44.511768456" lon="4.718722769">
			<ele>66.9</ele>
		</trkpt>
		<trkpt lat="44.510372886" lon="4.717374662">
			<ele>67.2</ele>
		</trkpt>
		<trkpt lat="44.509305921" lon="4.716052208">
			<ele>67</ele>
		</trkpt>
		<trkpt lat="44.509054211" lon="4.71580635">
			<ele>68.2</ele>
		</trkpt>
		<trkpt lat="44.508506161" lon="4.715416228">
			<ele>69</ele>
		</trkpt>
		<trkpt lat="44.507728857" lon="4.714945771">
			<ele>69.4</ele>
		</trkpt>
		<trkpt lat="44.507165882" lon="4.714751655">
			<ele>68.6</ele>
		</trkpt>
		<trkpt lat="44.507094378" lon="4.714619568">
			<ele>69.2</ele>
		</trkpt>
		<trkpt lat="44.505573982" lon="4.710551832">
			<ele>66.8</ele>
		</trkpt>
		<trkpt lat="44.505144196" lon="4.709542353">
			<ele>66.3</ele>
		</trkpt>
		<trkpt lat="44.505029438" lon="4.709431806">
			<ele>66.1</ele>
		</trkpt>
		<trkpt lat="44.504588466" lon="4.708286385">
			<ele>65</ele>
		</trkpt>
		<trkpt lat="44.504245701" lon="4.707593645">
			<ele>64.6</ele>
		</trkpt>
		<trkpt lat="44.503785821" lon="4.70718554">
			<ele>64.9</ele>
		</trkpt>
		<trkpt lat="44.503682622" lon="4.707141934">
			<ele>65.4</ele>
		</trkpt>
		<trkpt lat="44.50359726" lon="4.707197911">
			<ele>65.4</ele>
		</trkpt>
		<trkpt lat="44.503472673" lon="4.707373275">
			<ele>66.4</ele>
		</trkpt>
		<trkpt lat="44.50330605" lon="4.707709435">
			<ele>66.8</ele>
		</trkpt>
		<trkpt lat="44.503111651" lon="4.707991922">
			<ele>68.5</ele>
		</trkpt>
		<trkpt lat="44.502902981" lon="4.707678694">
			<ele>68.4</ele>
		</trkpt>
		<trkpt lat="44.502640893" lon="4.707912027">
			<ele>69</ele>
		</trkpt>
		<trkpt lat="44.50255588" lon="4.707936685">
			<ele>69</ele>
		</trkpt>
		<trkpt lat="44.502409971" lon="4.707847939">
			<ele>68.8</ele>
		</trkpt>
		<trkpt lat="44.502167435" lon="4.707577829">
			<ele>68.4</ele>
		</trkpt>
		<trkpt lat="44.502122916" lon="4.707483103">
			<ele>68</ele>
		</trkpt>
		<trkpt lat="44.502034178" lon="4.706912979">
			<ele>67.7</ele>
		</trkpt>
		<trkpt lat="44.501711129" lon="4.706145448">
			<ele>67.8</ele>
		</trkpt>
		<trkpt lat="44.50140892" lon="4.705761635">
			<ele>67.5</ele>
		</trkpt>
		<trkpt lat="44.501000031" lon="4.704749049">
			<ele>65.8</ele>
		</trkpt>
		<trkpt lat="44.500431342" lon="4.705518444">
			<ele>63.1</ele>
		</trkpt>
		<trkpt lat="44.500065855" lon="4.705964196">
			<ele>63.2</ele>
		</trkpt>
		<trkpt lat="44.499914849" lon="4.706083825">
			<ele>63.1</ele>
		</trkpt>
		<trkpt lat="44.499808841" lon="4.706464611">
			<ele>63</ele>
		</trkpt>
		<trkpt lat="44.498221986" lon="4.708659179">
			<ele>62.1</ele>
		</trkpt>
		<trkpt lat="44.49808336" lon="4.708836275">
			<ele>66</ele>
		</trkpt>
		<trkpt lat="44.497944732" lon="4.708816382">
			<ele>66</ele>
		</trkpt>
		<trkpt lat="44.497817505" lon="4.708851069">
			<ele>66.2</ele>
		</trkpt>
		<trkpt lat="44.497676667" lon="4.708973849">
			<ele>67.4</ele>
		</trkpt>
		<trkpt lat="44.497189413" lon="4.709628572">
			<ele>69.2</ele>
		</trkpt>
		<trkpt lat="44.496634705" lon="4.710416834">
			<ele>70</ele>
		</trkpt>
		<trkpt lat="44.496630799" lon="4.710899174">
			<ele>71.1</ele>
		</trkpt>
		<trkpt lat="44.496511136" lon="4.711072544">
			<ele>70.9</ele>
		</trkpt>
		<trkpt lat="44.496329348" lon="4.71113413">
			<ele>70.7</ele>
		</trkpt>
		<trkpt lat="44.495998683" lon="4.711065732">
			<ele>70.2</ele>
		</trkpt>
		<trkpt lat="44.495631724" lon="4.711058759">
			<ele>70</ele>
		</trkpt>
		<trkpt lat="44.495200524" lon="4.711169868">
			<ele>70.3</ele>
		</trkpt>
		<trkpt lat="44.494766146" lon="4.711206683">
			<ele>69.9</ele>
		</trkpt>
		<trkpt lat="44.494391038" lon="4.711349478">
			<ele>69.1</ele>
		</trkpt>
		<trkpt lat="44.494091424" lon="4.711630155">
			<ele>68.7</ele>
		</trkpt>
		<trkpt lat="44.493728713" lon="4.711632013">
			<ele>68</ele>
		</trkpt>
		<trkpt lat="44.493672031" lon="4.711598419">
			<ele>67.6</ele>
		</trkpt>
		<trkpt lat="44.493570216" lon="4.711707144">
			<ele>67.7</ele>
		</trkpt>
		<trkpt lat="44.493132512" lon="4.712591656">
			<ele>66.9</ele>
		</trkpt>
		<trkpt lat="44.493079412" lon="4.712590046">
			<ele>66.8</ele>
		</trkpt>
		<trkpt lat="44.493004949" lon="4.712544126">
			<ele>66.8</ele>
		</trkpt>
		<trkpt lat="44.492882493" lon="4.712363068">
			<ele>66.7</ele>
		</trkpt>
		<trkpt lat="44.492560161" lon="4.712080465">
			<ele>66.3</ele>
		</trkpt>
		<trkpt lat="44.489223806" lon="4.709294837">
			<ele>64.8</ele>
		</trkpt>
		<trkpt lat="44.488604106" lon="4.708673818">
			<ele>63.6</ele>
		</trkpt>
		<trkpt lat="44.487881295" lon="4.707724318">
			<ele>63.9</ele>
		</trkpt>
		<trkpt lat="44.485236334" lon="4.703883979">
			<ele>68.6</ele>
		</trkpt>
		<trkpt lat="44.483471419" lon="4.70160458">
			<ele>65.3</ele>
		</trkpt>
		<trkpt lat="44.483105691" lon="4.701206842">
			<ele>60</ele>
		</trkpt>
		<trkpt lat="44.482942137" lon="4.701146264">
			<ele>60</ele>
		</trkpt>
		<trkpt lat="44.482456368" lon="4.701132411">
			<ele>59.7</ele>
		</trkpt>
		<trkpt lat="44.482333929" lon="4.701184959">
			<ele>64.4</ele>
		</trkpt>
		<trkpt lat="44.482217499" lon="4.70131725">
			<ele>64.4</ele>
		</trkpt>
		<trkpt lat="44.482045299" lon="4.701607566">
			<ele>65.2</ele>
		</trkpt>
		<trkpt lat="44.481807596" lon="4.701758805">
			<ele>65</ele>
		</trkpt>
	</trkseg>
</trk>
<trk>
	<name>22: Châteauneuf-du-Rhône – Pont-Saint-Esprit (Developed + Signed)</name>
	<desc>Developed + Signed</desc>
	<trkseg>
		<trkpt lat="44.481807596" lon="4.701758805">
			<ele>65</ele>
		</trkpt>
		<trkpt lat="44.481585309" lon="4.699003747">
			<ele>58.2</ele>
		</trkpt>
		<trkpt lat="44.481367621" lon="4.696758281">
			<ele>65.9</ele>
		</trkpt>
		<trkpt lat="44.481377538" lon="4.696674325">
			<ele>65.9</ele>
		</trkpt>
		<trkpt lat="44.481597093" lon="4.696660491">
			<ele>65.9</ele>
		</trkpt>
		<trkpt lat="44.481988998" lon="4.696564582">
			<ele>61.9</ele>
		</trkpt>
		<trkpt lat="44.481960473" lon="4.696700338">
			<ele>64.5</ele>
		</trkpt>
		<trkpt lat="44.481682681" lon="4.697183925">
			<ele>62</ele>
		</trkpt>
		<trkpt lat="44.481465703" lon="4.697448129">
			<ele>59.4</ele>
		</trkpt>
		<trkpt lat="44.481180681" lon="4.697426741">
			<ele>61.5</ele>
		</trkpt>
		<trkpt lat="44.479914029" lon="4.697584697">
			<ele>66.9</ele>
		</trkpt>
		<trkpt lat="44.479386324" lon="4.697693972">
			<ele>63</ele>
		</trkpt>
		<trkpt lat="44.478521369" lon="4.697673314">
			<ele>63.2</ele>
		</trkpt>
		<trkpt lat="44.478418306" lon="4.697744758">
			<ele>63.2</ele>
		</trkpt>
		<trkpt lat="44.476411372" lon="4.69796398">
			<ele>65.4</ele>
		</trkpt>
		<trkpt lat="44.475769658" lon="4.698174287">
			<ele>62.2</ele>
		</trkpt>
		<trkpt lat="44.475425588" lon="4.698220151">
			<ele>62.5</ele>
		</trkpt>
		<trkpt lat="44.473275384" lon="4.698137562">
			<ele>64.2</ele>
		</trkpt>
		<trkpt lat="44.473183862" lon="4.696728209">
			<ele>62.4</ele>
		</trkpt>
		<trkpt lat="44.472955016" lon="4.696505075">
			<ele>61.7</ele>
		</trkpt>
		<trkpt lat="44.471168824" lon="4.696468108">
			<ele>62.1</ele>
		</trkpt>
		<trkpt lat="44.471057503" lon="4.696348314">
			<ele>62.1</ele>
		</trkpt>
		<trkpt lat="44.468320804" lon="4.696540665">
			<ele>62.8</ele>
		</trkpt>
		<trkpt lat="44.46557195" lon="4.697522735">
			<ele>61.7</ele>
		</trkpt>
		<trkpt lat="44.462963798" lon="4.697836578">
			<ele>63.1</ele>
		</trkpt>
		<trkpt lat="44.462286715" lon="4.697869466">
			<ele>62.1</ele>
		</trkpt>
		<trkpt lat="44.461883089" lon="4.697927891">
			<ele>59.7</ele>
		</trkpt>
		<trkpt lat="44.460998207" lon="4.698156765">
			<ele>61.2</ele>
		</trkpt>
		<trkpt lat="44.460421132" lon="4.698192652">
			<ele>58.6</ele>
		</trkpt>
		<trkpt lat="44.459016794" lon="4.697957559">
			<ele>58.5</ele>
		</trkpt>
		<trkpt lat="44.457446047" lon="4.697544495">
			<ele>59.9</ele>
		</trkpt>
		<trkpt lat="44.455347759" lon="4.696880617">
			<ele>59.1</ele>
		</trkpt>
		<trkpt lat="44.454109191" lon="4.696100599">
			<ele>59.5</ele>
		</trkpt>
		<trkpt lat="44.453842897" lon="4.696066013">
			<ele>58.4</ele>
		</trkpt>
		<trkpt lat="44.453020047" lon="4.696127807">
			<ele>58.7</ele>
		</trkpt>
		<trkpt lat="44.452822912" lon="4.696088632">
			<ele>59.1</ele>
		</trkpt>
		<trkpt lat="44.452517503" lon="4.695810074">
			<ele>64.4</ele>
		</trkpt>
		<trkpt lat="44.452335534" lon="4.696024123">
			<ele>59.5</ele>
		</trkpt>
		<trkpt lat="44.452100948" lon="4.696096909">
			<ele>58.8</ele>
		</trkpt>
		<trkpt lat="44.451923326" lon="4.696028391">
			<ele>57.1</ele>
		</trkpt>
		<trkpt lat="44.451127037" lon="4.695465851">
			<ele>60.5</ele>
		</trkpt>
		<trkpt lat="44.449122482" lon="4.694447939">
			<ele>59.6</ele>
		</trkpt>
		<trkpt lat="44.449009912" lon="4.692684827">
			<ele>56.7</ele>
		</trkpt>
		<trkpt lat="44.448782694" lon="4.692588229">
			<ele>56.8</ele>
		</trkpt>
		<trkpt lat="44.448296465" lon="4.692603618">
			<ele>57.2</ele>
		</trkpt>
		<trkpt lat="44.447916317" lon="4.692692005">
			<ele>57.1</ele>
		</trkpt>
		<trkpt lat="44.447590317" lon="4.692512636">
			<ele>56.9</ele>
		</trkpt>
		<trkpt lat="44.446807164" lon="4.691850681">
			<ele>57.1</ele>
		</trkpt>
		<trkpt lat="44.446141481" lon="4.691451659">
			<ele>57.1</ele>
		</trkpt>
		<trkpt lat="44.445402511" lon="4.691170161">
			<ele>56.7</ele>
		</trkpt>
		<trkpt lat="44.444778001" lon="4.690882126">
			<ele>56.5</ele>
		</trkpt>
		<trkpt lat="44.444106785" lon="4.690283072">
			<ele>58.3</ele>
		</trkpt>
		<trkpt lat="44.44400777" lon="4.69031166">
			<ele>58.5</ele>
		</trkpt>
		<trkpt lat="44.44389888" lon="4.690601958">
			<ele>57.8</ele>
		</trkpt>
		<trkpt lat="44.443740469" lon="4.690439613">
			<ele>57.7</ele>
		</trkpt>
		<trkpt lat="44.443550004" lon="4.689974881">
			<ele>58.4</ele>
		</trkpt>
		<trkpt lat="44.443307467" lon="4.689683926">
			<ele>58.3</ele>
		</trkpt>
		<trkpt lat="44.442451457" lon="4.688440841">
			<ele>58.6</ele>
		</trkpt>
		<trkpt lat="44.44188997" lon="4.687411452">
			<ele>58.5</ele>
		</trkpt>
		<trkpt lat="44.441698269" lon="4.687210701">
			<ele>58</ele>
		</trkpt>
		<trkpt lat="44.441528403" lon="4.686874654">
			<ele>58.3</ele>
		</trkpt>
		<trkpt lat="44.441354571" lon="4.686428182">
			<ele>59.9</ele>
		</trkpt>
		<trkpt lat="44.441179479" lon="4.686156998">
			<ele>60.7</ele>
		</trkpt>
		<trkpt lat="44.440768792" lon="4.685693618">
			<ele>60.5</ele>
		</trkpt>
		<trkpt lat="44.440615623" lon="4.685649653">
			<ele>60.5</ele>
		</trkpt>
		<trkpt lat="44.4404741" lon="4.685398202">
			<ele>59.6</ele>
		</trkpt>
		<trkpt lat="44.440304458" lon="4.684585441">
			<ele>59.5</ele>
		</trkpt>
		<trkpt lat="44.440349913" lon="4.684243016">
			<ele>59.8</ele>
		</trkpt>
		<trkpt lat="44.440461947" lon="4.683977451">
			<ele>61.3</ele>
		</trkpt>
		<trkpt lat="44.440565194" lon="4.683824885">
			<ele>61.6</ele>
		</trkpt>
		<trkpt lat="44.44046716" lon="4.682897038">
			<ele>62.8</ele>
		</trkpt>
		<trkpt lat="44.44040108" lon="4.682741419">
			<ele>62</ele>
		</trkpt>
		<trkpt lat="44.440246836" lon="4.682583164">
			<ele>62</ele>
		</trkpt>
		<trkpt lat="44.440095772" lon="4.682542161">
			<ele>60.7</ele>
		</trkpt>
		<trkpt lat="44.439949189" lon="4.682388145">
			<ele>60</ele>
		</trkpt>
		<trkpt lat="44.440042812" lon="4.682172264">
			<ele>61.5</ele>
		</trkpt>
		<trkpt lat="44.440150929" lon="4.682023787">
			<ele>61.5</ele>
		</trkpt>
		<trkpt lat="44.440353241" lon="4.681899777">
			<ele>62.3</ele>
		</trkpt>
		<trkpt lat="44.440607834" lon="4.681864013">
			<ele>62.7</ele>
		</trkpt>
		<trkpt lat="44.440660123" lon="4.681767061">
			<ele>62.8</ele>
		</trkpt>
		<trkpt lat="44.44067322" lon="4.681464063">
			<ele>62.3</ele>
		</trkpt>
		<trkpt lat="44.440085447" lon="4.681185709">
			<ele>60.3</ele>
		</trkpt>
		<trkpt lat="44.439885068" lon="4.680948131">
			<ele>59.5</ele>
		</trkpt>
		<trkpt lat="44.439430477" lon="4.6800843">
			<ele>55.3</ele>
		</trkpt>
		<trkpt lat="44.439297819" lon="4.679472519">
			<ele>55.8</ele>
		</trkpt>
		<trkpt lat="44.439310927" lon="4.679129387">
			<ele>57</ele>
		</trkpt>
		<trkpt lat="44.439060401" lon="4.677604716">
			<ele>62.6</ele>
		</trkpt>
		<trkpt lat="44.438953839" lon="4.676467016">
			<ele>65.6</ele>
		</trkpt>
		<trkpt lat="44.438293078" lon="4.674988369">
			<ele>60.2</ele>
		</trkpt>
		<trkpt lat="44.437316565" lon="4.672589366">
			<ele>56.5</ele>
		</trkpt>
		<trkpt lat="44.436775904" lon="4.671718513">
			<ele>56.8</ele>
		</trkpt>
		<trkpt lat="44.43666226" lon="4.671617949">
			<ele>56.5</ele>
		</trkpt>
		<trkpt lat="44.435734144" lon="4.670375258">
			<ele>56.8</ele>
		</trkpt>
		<trkpt lat="44.435247501" lon="4.669946932">
			<ele>56</ele>
		</trkpt>
		<trkpt lat="44.434368827" lon="4.668898603">
			<ele>56.4</ele>
		</trkpt>
		<trkpt lat="44.434131402" lon="4.668688777">
			<ele>56.6</ele>
		</trkpt>
		<trkpt lat="44.431900427" lon="4.667033754">
			<ele>54.1</ele>
		</trkpt>
		<trkpt lat="44.430889214" lon="4.666398871">
			<ele>53.4</ele>
		</trkpt>
		<trkpt lat="44.429364342" lon="4.66551227">
			<ele>64.7</ele>
		</trkpt>
		<trkpt lat="44.427035808" lon="4.664433653">
			<ele>56.7</ele>
		</trkpt>
		<trkpt lat="44.425358397" lon="4.663742718">
			<ele>54.1</ele>
		</trkpt>
		<trkpt lat="44.424276393" lon="4.663378466">
			<ele>55.9</ele>
		</trkpt>
		<trkpt lat="44.422174854" lon="4.662771534">
			<ele>57.8</ele>
		</trkpt>
		<trkpt lat="44.420933042" lon="4.662499024">
			<ele>56</ele>
		</trkpt>
		<trkpt lat="44.419337366" lon="4.662232765">
			<ele>58.4</ele>
		</trkpt>
		<trkpt lat="44.416903527" lon="4.662050557">
			<ele>57.4</ele>
		</trkpt>
		<trkpt lat="44.416806618" lon="4.662157394">
			<ele>58.5</ele>
		</trkpt>
		<trkpt lat="44.416799902" lon="4.662286829">
			<ele>58.5</ele>
		</trkpt>
		<trkpt lat="44.416861568" lon="4.662621019">
			<ele>59.8</ele>
		</trkpt>
		<trkpt lat="44.416852763" lon="4.663046214">
			<ele>59.5</ele>
		</trkpt>
		<trkpt lat="44.414407931" lon="4.663103325">
			<ele>59.9</ele>
		</trkpt>
		<trkpt lat="44.414062635" lon="4.663000106">
			<ele>59.9</ele>
		</trkpt>
		<trkpt lat="44.412105814" lon="4.662844233">
			<ele>58.5</ele>
		</trkpt>
		<trkpt lat="44.411828495" lon="4.662782899">
			<ele>58</ele>
		</trkpt>
		<trkpt lat="44.411425507" lon="4.662587601">
			<ele>59.8</ele>
		</trkpt>
		<trkpt lat="44.411051948" lon="4.662462307">
			<ele>59.7</ele>
		</trkpt>
		<trkpt lat="44.410806168" lon="4.662457737">
			<ele>59.4</ele>
		</trkpt>
		<trkpt lat="44.410245415" lon="4.662361502">
			<ele>57.6</ele>
		</trkpt>
		<trkpt lat="44.410185095" lon="4.662064609">
			<ele>57.9</ele>
		</trkpt>
		<trkpt lat="44.410176417" lon="4.661692134">
			<ele>59.8</ele>
		</trkpt>
		<trkpt lat="44.409711798" lon="4.661476424">
			<ele>60.4</ele>
		</trkpt>
		<trkpt lat="44.409646986" lon="4.661477184">
			<ele>60.4</ele>
		</trkpt>
		<trkpt lat="44.409469729" lon="4.661604912">
			<ele>58.2</ele>
		</trkpt>
		<trkpt lat="44.409399162" lon="4.661608153">
			<ele>57.9</ele>
		</trkpt>
		<trkpt lat="44.409216311" lon="4.661475167">
			<ele>59.5</ele>
		</trkpt>
		<trkpt lat="44.409024907" lon="4.661403089">
			<ele>59.5</ele>
		</trkpt>
		<trkpt lat="44.408692779" lon="4.661058345">
			<ele>60.6</ele>
		</trkpt>
		<trkpt lat="44.408195449" lon="4.66117934">
			<ele>59.9</ele>
		</trkpt>
		<trkpt lat="44.406481089" lon="4.66175379">
			<ele>54.2</ele>
		</trkpt>
		<trkpt lat="44.405679698" lon="4.661942938">
			<ele>56.2</ele>
		</trkpt>
		<trkpt lat="44.405095826" lon="4.662020834">
			<ele>55.8</ele>
		</trkpt>
		<trkpt lat="44.404913429" lon="4.661820248">
			<ele>54.8</ele>
		</trkpt>
		<trkpt lat="44.404822108" lon="4.661547229">
			<ele>55.2</ele>
		</trkpt>
		<trkpt lat="44.404825876" lon="4.661297474">
			<ele>56.5</ele>
		</trkpt>
		<trkpt lat="44.40475094" lon="4.661106853">
			<ele>57.4</ele>
		</trkpt>
		<trkpt lat="44.404684915" lon="4.661006609">
			<ele>57.4</ele>
		</trkpt>
		<trkpt lat="44.404343408" lon="4.660773351">
			<ele>57.7</ele>
		</trkpt>
		<trkpt lat="44.404184093" lon="4.66053111">
			<ele>58.7</ele>
		</trkpt>
		<trkpt lat="44.403798054" lon="4.659551075">
			<ele>59.3</ele>
		</trkpt>
		<trkpt lat="44.403394197" lon="4.659850521">
			<ele>59.9</ele>
		</trkpt>
		<trkpt lat="44.403255246" lon="4.659522864">
			<ele>59.4</ele>
		</trkpt>
		<trkpt lat="44.403171167" lon="4.659061652">
			<ele>58.5</ele>
		</trkpt>
		<trkpt lat="44.402700554" lon="4.658065303">
			<ele>58.9</ele>
		</trkpt>
		<trkpt lat="44.402590025" lon="4.657644154">
			<ele>59.4</ele>
		</trkpt>
		<trkpt lat="44.402390808" lon="4.657781721">
			<ele>59.1</ele>
		</trkpt>
		<trkpt lat="44.402245789" lon="4.657997926">
			<ele>58.5</ele>
		</trkpt>
		<trkpt lat="44.40179895" lon="4.659815633">
			<ele>56.2</ele>
		</trkpt>
		<trkpt lat="44.401706329" lon="4.659847856">
			<ele>55.9</ele>
		</trkpt>
		<trkpt lat="44.400685672" lon="4.659693152">
			<ele>55.3</ele>
		</trkpt>
		<trkpt lat="44.400481273" lon="4.659743071">
			<ele>55.8</ele>
		</trkpt>
		<trkpt lat="44.400225321" lon="4.659954729">
			<ele>56.5</ele>
		</trkpt>
		<trkpt lat="44.39992158" lon="4.659950493">
			<ele>57.2</ele>
		</trkpt>
		<trkpt lat="44.39870763" lon="4.659487039">
			<ele>57.3</ele>
		</trkpt>
		<trkpt lat="44.398505971" lon="4.659298377">
			<ele>58.4</ele>
		</trkpt>
		<trkpt lat="44.398093772" lon="4.659159656">
			<ele>60.7</ele>
		</trkpt>
		<trkpt lat="44.397806101" lon="4.658979866">
			<ele>60.2</ele>
		</trkpt>
		<trkpt lat="44.397500909" lon="4.658653614">
			<ele>59.2</ele>
		</trkpt>
		<trkpt lat="44.397153233" lon="4.658365854">
			<ele>58</ele>
		</trkpt>
		<trkpt lat="44.396826123" lon="4.658152102">
			<ele>56.5</ele>
		</trkpt>
		<trkpt lat="44.396714313" lon="4.658039824">
			<ele>56.6</ele>
		</trkpt>
		<trkpt lat="44.396574585" lon="4.658032566">
			<ele>56.6</ele>
		</trkpt>
		<trkpt lat="44.395472159" lon="4.657271237">
			<ele>56.7</ele>
		</trkpt>
		<trkpt lat="44.395333176" lon="4.657079292">
			<ele>56.2</ele>
		</trkpt>
		<trkpt lat="44.39533179" lon="4.656589112">
			<ele>52.8</ele>
		</trkpt>
		<trkpt lat="44.396202129" lon="4.650331837">
			<ele>53.5</ele>
		</trkpt>
		<trkpt lat="44.396169802" lon="4.650031076">
			<ele>54.4</ele>
		</trkpt>
		<trkpt lat="44.396033673" lon="4.649686853">
			<ele>55.8</ele>
		</trkpt>
		<trkpt lat="44.395967859" lon="4.649379529">
			<ele>56.4</ele>
		</trkpt>
		<trkpt lat="44.395976048" lon="4.649021506">
			<ele>55.4</ele>
		</trkpt>
		<trkpt lat="44.395877581" lon="4.649037324">
			<ele>55.3</ele>
		</trkpt>
		<trkpt lat="44.395582804" lon="4.649234243">
			<ele>56.3</ele>
		</trkpt>
		<trkpt lat="44.395515421" lon="4.649518508">
			<ele>56.4</ele>
		</trkpt>
		<trkpt lat="44.395486492" lon="4.6498599">
			<ele>56.2</ele>
		</trkpt>
		<trkpt lat="44.395295581" lon="4.650221384">
			<ele>55</ele>
		</trkpt>
		<trkpt lat="44.394963825" lon="4.650718487">
			<ele>54.9</ele>
		</trkpt>
		<trkpt lat="44.394936172" lon="4.65082314">
			<ele>54.6</ele>
		</trkpt>
		<trkpt lat="44.394935987" lon="4.651049924">
			<ele>54.1</ele>
		</trkpt>
		<trkpt lat="44.394461966" lon="4.651777694">
			<ele>53.9</ele>
		</trkpt>
		<trkpt lat="44.39417207" lon="4.652045661">
			<ele>54.7</ele>
		</trkpt>
		<trkpt lat="44.393508762" lon="4.652432971">
			<ele>54.5</ele>
		</trkpt>
		<trkpt lat="44.393031041" lon="4.652644955">
			<ele>53.6</ele>
		</trkpt>
		<trkpt lat="44.392287279" lon="4.653186713">
			<ele>53.8</ele>
		</trkpt>
		<trkpt lat="44.391870591" lon="4.653395157">
			<ele>53.9</ele>
		</trkpt>
		<trkpt lat="44.391618021" lon="4.653462192">
			<ele>54.6</ele>
		</trkpt>
		<trkpt lat="44.390766636" lon="4.653301776">
			<ele>52.5</ele>
		</trkpt>
		<trkpt lat="44.389653264" lon="4.653327736">
			<ele>53.9</ele>
		</trkpt>
		<trkpt lat="44.388535948" lon="4.653109062">
			<ele>55.2</ele>
		</trkpt>
		<trkpt lat="44.387892642" lon="4.652423012">
			<ele>53.4</ele>
		</trkpt>
		<trkpt lat="44.386935877" lon="4.651279063">
			<ele>53.5</ele>
		</trkpt>
		<trkpt lat="44.386146157" lon="4.65062816">
			<ele>51.9</ele>
		</trkpt>
		<trkpt lat="44.384938536" lon="4.649838538">
			<ele>50.9</ele>
		</trkpt>
		<trkpt lat="44.384287601" lon="4.649273455">
			<ele>51.2</ele>
		</trkpt>
		<trkpt lat="44.383941651" lon="4.649276661">
			<ele>51.4</ele>
		</trkpt>
		<trkpt lat="44.383434741" lon="4.649211398">
			<ele>52.1</ele>
		</trkpt>
		<trkpt lat="44.382513357" lon="4.648825806">
			<ele>52.4</ele>
		</trkpt>
		<trkpt lat="44.382134403" lon="4.64842413">
			<ele>52.9</ele>
		</trkpt>
		<trkpt lat="44.381186815" lon="4.647269748">
			<ele>59.1</ele>
		</trkpt>
		<trkpt lat="44.380697966" lon="4.647339301">
			<ele>60.8</ele>
		</trkpt>
		<trkpt lat="44.380276392" lon="4.647493117">
			<ele>59.5</ele>
		</trkpt>
		<trkpt lat="44.380121714" lon="4.647481976">
			<ele>58.9</ele>
		</trkpt>
		<trkpt lat="44.379984949" lon="4.647422394">
			<ele>58.9</ele>
		</trkpt>
		<trkpt lat="44.379528862" lon="4.646983086">
			<ele>61.5</ele>
		</trkpt>
		<trkpt lat="44.379431432" lon="4.646966969">
			<ele>61.5</ele>
		</trkpt>
		<trkpt lat="44.379072919" lon="4.647046228">
			<ele>62.1</ele>
		</trkpt>
		<trkpt lat="44.379056888" lon="4.647162012">
			<ele>62.1</ele>
		</trkpt>
		<trkpt lat="44.378127869" lon="4.647413996">
			<ele>60.7</ele>
		</trkpt>
		<trkpt lat="44.377647219" lon="4.647503644">
			<ele>58.5</ele>
		</trkpt>
		<trkpt lat="44.377236107" lon="4.647498034">
			<ele>59.1</ele>
		</trkpt>
		<trkpt lat="44.37690032" lon="4.647669287">
			<ele>58</ele>
		</trkpt>
		<trkpt lat="44.376047215" lon="4.647724166">
			<ele>59.6</ele>
		</trkpt>
		<trkpt lat="44.374611541" lon="4.647650933">
			<ele>57.9</ele>
		</trkpt>
		<trkpt lat="44.372056247" lon="4.647773485">
			<ele>64</ele>
		</trkpt>
		<trkpt lat="44.371962423" lon="4.647835249">
			<ele>59.9</ele>
		</trkpt>
		<trkpt lat="44.371388777" lon="4.6478647">
			<ele>58.1</ele>
		</trkpt>
		<trkpt lat="44.371079084" lon="4.647849399">
			<ele>53.6</ele>
		</trkpt>
		<trkpt lat="44.370327465" lon="4.647707982">
			<ele>49.8</ele>
		</trkpt>
		<trkpt lat="44.369483946" lon="4.647525085">
			<ele>53.9</ele>
		</trkpt>
		<trkpt lat="44.368941824" lon="4.647358303">
			<ele>56</ele>
		</trkpt>
		<trkpt lat="44.368566039" lon="4.647393914">
			<ele>54.8</ele>
		</trkpt>
		<trkpt lat="44.368521222" lon="4.647372691">
			<ele>54.8</ele>
		</trkpt>
		<trkpt lat="44.368502111" lon="4.647292431">
			<ele>54.8</ele>
		</trkpt>
		<trkpt lat="44.368380871" lon="4.647200817">
			<ele>55.1</ele>
		</trkpt>
		<trkpt lat="44.368371754" lon="4.647106163">
			<ele>55.1</ele>
		</trkpt>
		<trkpt lat="44.368415426" lon="4.647052909">
			<ele>56.9</ele>
		</trkpt>
		<trkpt lat="44.368490872" lon="4.647088666">
			<ele>56.9</ele>
		</trkpt>
		<trkpt lat="44.368542134" lon="4.64728206">
			<ele>54.8</ele>
		</trkpt>
		<trkpt lat="44.368608033" lon="4.647301801">
			<ele>55.5</ele>
		</trkpt>
		<trkpt lat="44.36777245" lon="4.656516395">
			<ele>51.7</ele>
		</trkpt>
		<trkpt lat="44.366631878" lon="4.656255867">
			<ele>49</ele>
		</trkpt>
		<trkpt lat="44.363256649" lon="4.655914601">
			<ele>50.5</ele>
		</trkpt>
		<trkpt lat="44.361743379" lon="4.655540087">
			<ele>50.5</ele>
		</trkpt>
		<trkpt lat="44.359618094" lon="4.655722676">
			<ele>48.3</ele>
		</trkpt>
		<trkpt lat="44.357675123" lon="4.656453818">
			<ele>49.2</ele>
		</trkpt>
		<trkpt lat="44.357518361" lon="4.656733752">
			<ele>48.9</ele>
		</trkpt>
		<trkpt lat="44.355130191" lon="4.656661621">
			<ele>52.7</ele>
		</trkpt>
		<trkpt lat="44.353706698" lon="4.655799911">
			<ele>49.2</ele>
		</trkpt>
		<trkpt lat="44.353627364" lon="4.655798382">
			<ele>49.2</ele>
		</trkpt>
		<trkpt lat="44.351917224" lon="4.657000418">
			<ele>47.4</ele>
		</trkpt>
		<trkpt lat="44.349826839" lon="4.658582625">
			<ele>46.9</ele>
		</trkpt>
		<trkpt lat="44.349126447" lon="4.659058435">
			<ele>49.5</ele>
		</trkpt>
		<trkpt lat="44.348649729" lon="4.659155694">
			<ele>49.8</ele>
		</trkpt>
		<trkpt lat="44.347939133" lon="4.659202939">
			<ele>49.6</ele>
		</trkpt>
		<trkpt lat="44.347808092" lon="4.65917752">
			<ele>49.6</ele>
		</trkpt>
		<trkpt lat="44.3473381" lon="4.658908135">
			<ele>50</ele>
		</trkpt>
		<trkpt lat="44.346388309" lon="4.658229669">
			<ele>50.9</ele>
		</trkpt>
		<trkpt lat="44.346243836" lon="4.658237058">
			<ele>51.3</ele>
		</trkpt>
		<trkpt lat="44.346095705" lon="4.658294139">
			<ele>51</ele>
		</trkpt>
		<trkpt lat="44.344446545" lon="4.659269495">
			<ele>49.4</ele>
		</trkpt>
		<trkpt lat="44.342368492" lon="4.66053742">
			<ele>48.3</ele>
		</trkpt>
		<trkpt lat="44.340759086" lon="4.661137531">
			<ele>46.8</ele>
		</trkpt>
		<trkpt lat="44.339667232" lon="4.661506497">
			<ele>49.1</ele>
		</trkpt>
		<trkpt lat="44.339466777" lon="4.661529824">
			<ele>49.7</ele>
		</trkpt>
		<trkpt lat="44.338278828" lon="4.66075414">
			<ele>48.5</ele>
		</trkpt>
		<trkpt lat="44.337189029" lon="4.660419493">
			<ele>47.5</ele>
		</trkpt>
		<trkpt lat="44.335275936" lon="4.659517741">
			<ele>48.2</ele>
		</trkpt>
		<trkpt lat="44.334798089" lon="4.659421432">
			<ele>47.9</ele>
		</trkpt>
		<trkpt lat="44.333902508" lon="4.659161559">
			<ele>47.7</ele>
		</trkpt>
		<trkpt lat="44.333674626" lon="4.659170818">
			<ele>48.1</ele>
		</trkpt>
		<trkpt lat="44.33130718" lon="4.659836955">
			<ele>50.9</ele>
		</trkpt>
		<trkpt lat="44.330420507" lon="4.659680885">
			<ele>50.5</ele>
		</trkpt>
		<trkpt lat="44.330012213" lon="4.659649009">
			<ele>50.3</ele>
		</trkpt>
		<trkpt lat="44.329479848" lon="4.659693161">
			<ele>50.8</ele>
		</trkpt>
		<trkpt lat="44.326612273" lon="4.659087756">
			<ele>51.3</ele>
		</trkpt>
		<trkpt lat="44.325701414" lon="4.659264352">
			<ele>48.8</ele>
		</trkpt>
		<trkpt lat="44.325459669" lon="4.659497859">
			<ele>47.6</ele>
		</trkpt>
		<trkpt lat="44.32476083" lon="4.660423157">
			<ele>46.7</ele>
		</trkpt>
		<trkpt lat="44.323393873" lon="4.662407303">
			<ele>47</ele>
		</trkpt>
		<trkpt lat="44.322841734" lon="4.663278756">
			<ele>47.2</ele>
		</trkpt>
		<trkpt lat="44.322080291" lon="4.664206266">
			<ele>48.3</ele>
		</trkpt>
		<trkpt lat="44.321556122" lon="4.664999694">
			<ele>48.2</ele>
		</trkpt>
		<trkpt lat="44.321352337" lon="4.665479007">
			<ele>47.4</ele>
		</trkpt>
		<trkpt lat="44.320975219" lon="4.666981857">
			<ele>45.7</ele>
		</trkpt>
		<trkpt lat="44.320738372" lon="4.667480916">
			<ele>46.2</ele>
		</trkpt>
		<trkpt lat="44.320461103" lon="4.667895835">
			<ele>46.4</ele>
		</trkpt>
		<trkpt lat="44.319423583" lon="4.668765341">
			<ele>46.6</ele>
		</trkpt>
		<trkpt lat="44.31879833" lon="4.669153405">
			<ele>46.9</ele>
		</trkpt>
		<trkpt lat="44.318384673" lon="4.669175535">
			<ele>47.4</ele>
		</trkpt>
		<trkpt lat="44.316851959" lon="4.674638844">
			<ele>48</ele>
		</trkpt>
		<trkpt lat="44.310644792" lon="4.6795849">
			<ele>44.9</ele>
		</trkpt>
		<trkpt lat="44.309488471" lon="4.680577353">
			<ele>44.7</ele>
		</trkpt>
		<trkpt lat="44.308900714" lon="4.681542883">
			<ele>43.4</ele>
		</trkpt>
		<trkpt lat="44.308140629" lon="4.682254352">
			<ele>44.1</ele>
		</trkpt>
		<trkpt lat="44.307388633" lon="4.682570597">
			<ele>45.7</ele>
		</trkpt>
		<trkpt lat="44.307134259" lon="4.682857145">
			<ele>45.9</ele>
		</trkpt>
		<trkpt lat="44.30698226" lon="4.683345523">
			<ele>45.4</ele>
		</trkpt>
		<trkpt lat="44.306707566" lon="4.682889654">
			<ele>44.9</ele>
		</trkpt>
		<trkpt lat="44.306325453" lon="4.682478986">
			<ele>44.2</ele>
		</trkpt>
		<trkpt lat="44.304844682" lon="4.681975296">
			<ele>43.2</ele>
		</trkpt>
		<trkpt lat="44.304067314" lon="4.681796141">
			<ele>45.8</ele>
		</trkpt>
		<trkpt lat="44.302920058" lon="4.682343892">
			<ele>45.8</ele>
		</trkpt>
		<trkpt lat="44.301891343" lon="4.682303075">
			<ele>44</ele>
		</trkpt>
		<trkpt lat="44.301393712" lon="4.682332778">
			<ele>43.9</ele>
		</trkpt>
		<trkpt lat="44.299820782" lon="4.682863583">
			<ele>43.6</ele>
		</trkpt>
		<trkpt lat="44.299396117" lon="4.68279731">
			<ele>43.4</ele>
		</trkpt>
		<trkpt lat="44.298312628" lon="4.681963394">
			<ele>44</ele>
		</trkpt>
		<trkpt lat="44.297402461" lon="4.681334124">
			<ele>44.6</ele>
		</trkpt>
		<trkpt lat="44.296740589" lon="4.680714703">
			<ele>44.2</ele>
		</trkpt>
		<trkpt lat="44.296015855" lon="4.679697367">
			<ele>43.4</ele>
		</trkpt>
		<trkpt lat="44.295884052" lon="4.679197836">
			<ele>43.1</ele>
		</trkpt>
		<trkpt lat="44.295842348" lon="4.6777627">
			<ele>43.1</ele>
		</trkpt>
		<trkpt lat="44.295981025" lon="4.676186407">
			<ele>42.2</ele>
		</trkpt>
		<trkpt lat="44.295792361" lon="4.674992619">
			<ele>43.9</ele>
		</trkpt>
		<trkpt lat="44.294727173" lon="4.674999927">
			<ele>42.9</ele>
		</trkpt>
		<trkpt lat="44.293108513" lon="4.674293368">
			<ele>43.6</ele>
		</trkpt>
		<trkpt lat="44.290672962" lon="4.673603994">
			<ele>42.1</ele>
		</trkpt>
		<trkpt lat="44.286037077" lon="4.672877197">
			<ele>47.6</ele>
		</trkpt>
		<trkpt lat="44.285602088" lon="4.671575049">
			<ele>47</ele>
		</trkpt>
		<trkpt lat="44.283785924" lon="4.671849311">
			<ele>52.8</ele>
		</trkpt>
		<trkpt lat="44.283190938" lon="4.671430468">
			<ele>47</ele>
		</trkpt>
		<trkpt lat="44.281859329" lon="4.672316861">
			<ele>42.8</ele>
		</trkpt>
		<trkpt lat="44.281370746" lon="4.671902229">
			<ele>42.4</ele>
		</trkpt>
		<trkpt lat="44.2809501" lon="4.671638529">
			<ele>41.8</ele>
		</trkpt>
		<trkpt lat="44.279115559" lon="4.671071952">
			<ele>44.4</ele>
		</trkpt>
		<trkpt lat="44.278275266" lon="4.670495231">
			<ele>43.3</ele>
		</trkpt>
		<trkpt lat="44.277079228" lon="4.669953894">
			<ele>42.7</ele>
		</trkpt>
		<trkpt lat="44.275939761" lon="4.668377129">
			<ele>41.9</ele>
		</trkpt>
		<trkpt lat="44.274656364" lon="4.666893577">
			<ele>44.9</ele>
		</trkpt>
		<trkpt lat="44.274202249" lon="4.666529806">
			<ele>45.4</ele>
		</trkpt>
		<trkpt lat="44.27303464" lon="4.666335599">
			<ele>45.2</ele>
		</trkpt>
		<trkpt lat="44.272208724" lon="4.666797182">
			<ele>42.6</ele>
		</trkpt>
		<trkpt lat="44.270513042" lon="4.666384538">
			<ele>42.4</ele>
		</trkpt>
		<trkpt lat="44.270112806" lon="4.666862867">
			<ele>43.8</ele>
		</trkpt>
		<trkpt lat="44.269659674" lon="4.666449761">
			<ele>44.2</ele>
		</trkpt>
		<trkpt lat="44.268692507" lon="4.665127082">
			<ele>41.6</ele>
		</trkpt>
		<trkpt lat="44.267363579" lon="4.664136055">
			<ele>39.4</ele>
		</trkpt>
		<trkpt lat="44.266513222" lon="4.664053202">
			<ele>39.6</ele>
		</trkpt>
		<trkpt lat="44.263952137" lon="4.664298291">
			<ele>42.8</ele>
		</trkpt>
		<trkpt lat="44.263522451" lon="4.664479014">
			<ele>41.9</ele>
		</trkpt>
		<trkpt lat="44.262467409" lon="4.663816034">
			<ele>41.6</ele>
		</trkpt>
		<trkpt lat="44.262059636" lon="4.663373155">
			<ele>42.3</ele>
		</trkpt>
		<trkpt lat="44.26170058" lon="4.662858796">
			<ele>43.8</ele>
		</trkpt>
		<trkpt lat="44.261315149" lon="4.662827605">
			<ele>44.1</ele>
		</trkpt>
		<trkpt lat="44.261152086" lon="4.662584167">
			<ele>43.5</ele>
		</trkpt>
		<trkpt lat="44.261154236" lon="4.662293969">
			<ele>43.1</ele>
		</trkpt>
		<trkpt lat="44.261087068" lon="4.661913956">
			<ele>42.7</ele>
		</trkpt>
		<trkpt lat="44.260689442" lon="4.660133642">
			<ele>43.4</ele>
		</trkpt>
		<trkpt lat="44.260641027" lon="4.659778839">
			<ele>43.5</ele>
		</trkpt>
		<trkpt lat="44.260531228" lon="4.657430822">
			<ele>43.9</ele>
		</trkpt>
		<trkpt lat="44.260426112" lon="4.656400769">
			<ele>40.9</ele>
		</trkpt>
		<trkpt lat="44.259044196" lon="4.651388638">
			<ele>39</ele>
		</trkpt>
		<trkpt lat="44.258581931" lon="4.6494691">
			<ele>50.3</ele>
		</trkpt>
		<trkpt lat="44.258553851" lon="4.64908646">
			<ele>54</ele>
		</trkpt>
		<trkpt lat="44.258585199" lon="4.648699636">
			<ele>54.6</ele>
		</trkpt>
		<trkpt lat="44.25872593" lon="4.64802138">
			<ele>54.3</ele>
		</trkpt>
	</trkseg>
</trk>
<trk>
	<name>23: Pont-Saint-Esprit – Caderousse (Developed + Signed)</name>
	<desc>Developed + Signed</desc>
	<trkseg>
		<trkpt lat="44.258725931" lon="4.648021376">
			<ele>54.3</ele>
		</trkpt>
		<trkpt lat="44.258585199" lon="4.648699639">
			<ele>54.6</ele>
		</trkpt>
		<trkpt lat="44.258553851" lon="4.649086464">
			<ele>54</ele>
		</trkpt>
		<trkpt lat="44.25858193" lon="4.649469098">
			<ele>50.3</ele>
		</trkpt>
		<trkpt lat="44.259044192" lon="4.651388638">
			<ele>39</ele>
		</trkpt>
		<trkpt lat="44.260426116" lon="4.656400764">
			<ele>40.9</ele>
		</trkpt>
		<trkpt lat="44.260531226" lon="4.657430816">
			<ele>43.9</ele>
		</trkpt>
		<trkpt lat="44.260593252" lon="4.658495486">
			<ele>46.8</ele>
		</trkpt>
		<trkpt lat="44.260615045" lon="4.6594615">
			<ele>44.1</ele>
		</trkpt>
		<trkpt lat="44.260689476" lon="4.660133645">
			<ele>43.4</ele>
		</trkpt>
		<trkpt lat="44.261087113" lon="4.661913961">
			<ele>42.7</ele>
		</trkpt>
		<trkpt lat="44.261154252" lon="4.662293997">
			<ele>43.1</ele>
		</trkpt>
		<trkpt lat="44.261152073" lon="4.662584178">
			<ele>43.5</ele>
		</trkpt>
		<trkpt lat="44.261315185" lon="4.662827589">
			<ele>44.1</ele>
		</trkpt>
		<trkpt lat="44.261391628" lon="4.662817949">
			<ele>44.1</ele>
		</trkpt>
		<trkpt lat="44.261268582" lon="4.662621394">
			<ele>44.1</ele>
		</trkpt>
		<trkpt lat="44.261205214" lon="4.662346467">
			<ele>43.9</ele>
		</trkpt>
		<trkpt lat="44.260927606" lon="4.660767987">
			<ele>43.2</ele>
		</trkpt>
		<trkpt lat="44.260968426" lon="4.66057051">
			<ele>43.1</ele>
		</trkpt>
		<trkpt lat="44.260968426" lon="4.659729637">
			<ele>43.2</ele>
		</trkpt>
		<trkpt lat="44.261064985" lon="4.659374245">
			<ele>43.1</ele>
		</trkpt>
		<trkpt lat="44.260996756" lon="4.659288414">
			<ele>44.6</ele>
		</trkpt>
		<trkpt lat="44.260361911" lon="4.659692086">
			<ele>43.7</ele>
		</trkpt>
		<trkpt lat="44.25956957" lon="4.659864753">
			<ele>42.4</ele>
		</trkpt>
		<trkpt lat="44.259400507" lon="4.659808427">
			<ele>42</ele>
		</trkpt>
		<trkpt lat="44.259158437" lon="4.659526795">
			<ele>40.7</ele>
		</trkpt>
		<trkpt lat="44.259014353" lon="4.659499973">
			<ele>40.2</ele>
		</trkpt>
		<trkpt lat="44.25868201" lon="4.65961799">
			<ele>40.5</ele>
		</trkpt>
		<trkpt lat="44.25807692" lon="4.659685045">
			<ele>41.5</ele>
		</trkpt>
		<trkpt lat="44.257571659" lon="4.660341097">
			<ele>41.7</ele>
		</trkpt>
		<trkpt lat="44.257129849" lon="4.660716355">
			<ele>41.4</ele>
		</trkpt>
		<trkpt lat="44.256263496" lon="4.660975188">
			<ele>42.2</ele>
		</trkpt>
		<trkpt lat="44.256057888" lon="4.661010057">
			<ele>42.5</ele>
		</trkpt>
		<trkpt lat="44.255452798" lon="4.660733789">
			<ele>43.3</ele>
		</trkpt>
		<trkpt lat="44.255735184" lon="4.662428945">
			<ele>41.4</ele>
		</trkpt>
		<trkpt lat="44.255951689" lon="4.664576305">
			<ele>40.4</ele>
		</trkpt>
		<trkpt lat="44.252194752" lon="4.666455947">
			<ele>41</ele>
		</trkpt>
		<trkpt lat="44.252131469" lon="4.666543035">
			<ele>41</ele>
		</trkpt>
		<trkpt lat="44.250802015" lon="4.670622675">
			<ele>40.3</ele>
		</trkpt>
		<trkpt lat="44.250630689" lon="4.670904223">
			<ele>40.6</ele>
		</trkpt>
		<trkpt lat="44.25038577" lon="4.671125002">
			<ele>41.3</ele>
		</trkpt>
		<trkpt lat="44.249781435" lon="4.673099946">
			<ele>40.9</ele>
		</trkpt>
		<trkpt lat="44.249519333" lon="4.673609063">
			<ele>40.8</ele>
		</trkpt>
		<trkpt lat="44.249077187" lon="4.674082138">
			<ele>41.4</ele>
		</trkpt>
		<trkpt lat="44.248639317" lon="4.674342647">
			<ele>40.5</ele>
		</trkpt>
		<trkpt lat="44.248219886" lon="4.674536772">
			<ele>39</ele>
		</trkpt>
		<trkpt lat="44.247096041" lon="4.675486442">
			<ele>37.9</ele>
		</trkpt>
		<trkpt lat="44.246705947" lon="4.675539499">
			<ele>38.8</ele>
		</trkpt>
		<trkpt lat="44.246580218" lon="4.675624073">
			<ele>38.8</ele>
		</trkpt>
		<trkpt lat="44.246528753" lon="4.675827418">
			<ele>39.3</ele>
		</trkpt>
		<trkpt lat="44.246521796" lon="4.676120784">
			<ele>39.5</ele>
		</trkpt>
		<trkpt lat="44.246564712" lon="4.676988814">
			<ele>39.9</ele>
		</trkpt>
		<trkpt lat="44.246457004" lon="4.677533638">
			<ele>38.9</ele>
		</trkpt>
		<trkpt lat="44.245964148" lon="4.679237595">
			<ele>38</ele>
		</trkpt>
		<trkpt lat="44.245905726" lon="4.679638166">
			<ele>38.1</ele>
		</trkpt>
		<trkpt lat="44.245915785" lon="4.680029601">
			<ele>38.1</ele>
		</trkpt>
		<trkpt lat="44.245950234" lon="4.680378539">
			<ele>38.4</ele>
		</trkpt>
		<trkpt lat="44.246092643" lon="4.680958316">
			<ele>39.3</ele>
		</trkpt>
		<trkpt lat="44.246180653" lon="4.681516048">
			<ele>39.6</ele>
		</trkpt>
		<trkpt lat="44.246179647" lon="4.681749064">
			<ele>39.9</ele>
		</trkpt>
		<trkpt lat="44.246127763" lon="4.68192609">
			<ele>39.7</ele>
		</trkpt>
		<trkpt lat="44.246129188" lon="4.682058273">
			<ele>39.4</ele>
		</trkpt>
		<trkpt lat="44.24604495" lon="4.682489187">
			<ele>39.1</ele>
		</trkpt>
		<trkpt lat="44.246053164" lon="4.682751289">
			<ele>38.9</ele>
		</trkpt>
		<trkpt lat="44.246103539" lon="4.683061419">
			<ele>38.7</ele>
		</trkpt>
		<trkpt lat="44.246290037" lon="4.68375477">
			<ele>38.8</ele>
		</trkpt>
		<trkpt lat="44.246599497" lon="4.684724221">
			<ele>39.4</ele>
		</trkpt>
		<trkpt lat="44.246898479" lon="4.685884612">
			<ele>39.5</ele>
		</trkpt>
		<trkpt lat="44.246967211" lon="4.686176637">
			<ele>39</ele>
		</trkpt>
		<trkpt lat="44.247048599" lon="4.68680067">
			<ele>39.3</ele>
		</trkpt>
		<trkpt lat="44.246979029" lon="4.687435515">
			<ele>38.7</ele>
		</trkpt>
		<trkpt lat="44.246780462" lon="4.688544525">
			<ele>40.2</ele>
		</trkpt>
		<trkpt lat="44.246706534" lon="4.691176191">
			<ele>38.6</ele>
		</trkpt>
		<trkpt lat="44.246516264" lon="4.693159433">
			<ele>41</ele>
		</trkpt>
		<trkpt lat="44.246070179" lon="4.698645305">
			<ele>39</ele>
		</trkpt>
		<trkpt lat="44.24599952" lon="4.698866839">
			<ele>40.2</ele>
		</trkpt>
		<trkpt lat="44.246111083" lon="4.699167246">
			<ele>41.5</ele>
		</trkpt>
		<trkpt lat="44.245791565" lon="4.699657923">
			<ele>44</ele>
		</trkpt>
		<trkpt lat="44.245474394" lon="4.700406846">
			<ele>44.9</ele>
		</trkpt>
		<trkpt lat="44.245335757" lon="4.700592253">
			<ele>44.1</ele>
		</trkpt>
		<trkpt lat="44.245325531" lon="4.700631313">
			<ele>40.6</ele>
		</trkpt>
		<trkpt lat="44.245359729" lon="4.700671714">
			<ele>40.6</ele>
		</trkpt>
		<trkpt lat="44.245496438" lon="4.700752599">
			<ele>43.1</ele>
		</trkpt>
		<trkpt lat="44.243960371" lon="4.704938019">
			<ele>41.4</ele>
		</trkpt>
		<trkpt lat="44.243810167" lon="4.70510968">
			<ele>41.3</ele>
		</trkpt>
		<trkpt lat="44.243531217" lon="4.705324173">
			<ele>41</ele>
		</trkpt>
		<trkpt lat="44.243187894" lon="4.70538863">
			<ele>41.2</ele>
		</trkpt>
		<trkpt lat="44.241857603" lon="4.705238175">
			<ele>42.2</ele>
		</trkpt>
		<trkpt lat="44.241535737" lon="4.705302883">
			<ele>42.3</ele>
		</trkpt>
		<trkpt lat="44.237802019" lon="4.70568887">
			<ele>40.9</ele>
		</trkpt>
		<trkpt lat="44.238016595" lon="4.706332516">
			<ele>40.8</ele>
		</trkpt>
		<trkpt lat="44.238016595" lon="4.706504177">
			<ele>40.8</ele>
		</trkpt>
		<trkpt lat="44.237930765" lon="4.706568886">
			<ele>40.9</ele>
		</trkpt>
		<trkpt lat="44.237201204" lon="4.70654726">
			<ele>40.2</ele>
		</trkpt>
		<trkpt lat="44.236321355" lon="4.706590343">
			<ele>39.5</ele>
		</trkpt>
		<trkpt lat="44.235591878" lon="4.706675839">
			<ele>39.5</ele>
		</trkpt>
		<trkpt lat="44.23419713" lon="4.707019329">
			<ele>40.4</ele>
		</trkpt>
		<trkpt lat="44.233252992" lon="4.707362484">
			<ele>40.5</ele>
		</trkpt>
		<trkpt lat="44.231686582" lon="4.708135044">
			<ele>41.1</ele>
		</trkpt>
		<trkpt lat="44.231536378" lon="4.708135044">
			<ele>40.9</ele>
		</trkpt>
		<trkpt lat="44.231235971" lon="4.707834888">
			<ele>39.9</ele>
		</trkpt>
		<trkpt lat="44.230978479" lon="4.708199417">
			<ele>41.2</ele>
		</trkpt>
		<trkpt lat="44.230570783" lon="4.708371162">
			<ele>41</ele>
		</trkpt>
		<trkpt lat="44.23050641" lon="4.708499992">
			<ele>41</ele>
		</trkpt>
		<trkpt lat="44.230592325" lon="4.708628738">
			<ele>41</ele>
		</trkpt>
		<trkpt lat="44.230484952" lon="4.708757401">
			<ele>40.3</ele>
		</trkpt>
		<trkpt lat="44.227974489" lon="4.710152065">
			<ele>37.3</ele>
		</trkpt>
		<trkpt lat="44.225313654" lon="4.709787536">
			<ele>37.1</ele>
		</trkpt>
		<trkpt lat="44.224562551" lon="4.712469662">
			<ele>36.9</ele>
		</trkpt>
		<trkpt lat="44.22424077" lon="4.712726986">
			<ele>36.5</ele>
		</trkpt>
		<trkpt lat="44.222631444" lon="4.714207482">
			<ele>36.3</ele>
		</trkpt>
		<trkpt lat="44.219949235" lon="4.717233265">
			<ele>41.9</ele>
		</trkpt>
		<trkpt lat="44.219026639" lon="4.717855453">
			<ele>40.4</ele>
		</trkpt>
		<trkpt lat="44.218833437" lon="4.718177486">
			<ele>39.4</ele>
		</trkpt>
		<trkpt lat="44.218661775" lon="4.718627846">
			<ele>38.5</ele>
		</trkpt>
		<trkpt lat="44.21833991" lon="4.719035709">
			<ele>37.7</ele>
		</trkpt>
		<trkpt lat="44.215550329" lon="4.721546257">
			<ele>37.6</ele>
		</trkpt>
		<trkpt lat="44.214284494" lon="4.722404648">
			<ele>37.4</ele>
		</trkpt>
		<trkpt lat="44.212932577" lon="4.723091042">
			<ele>36.7</ele>
		</trkpt>
		<trkpt lat="44.211838319" lon="4.72347728">
			<ele>37.6</ele>
		</trkpt>
		<trkpt lat="44.210808183" lon="4.723412991">
			<ele>39.8</ele>
		</trkpt>
		<trkpt lat="44.210035791" lon="4.723777855">
			<ele>38.9</ele>
		</trkpt>
		<trkpt lat="44.209520723" lon="4.72382077">
			<ele>37.8</ele>
		</trkpt>
		<trkpt lat="44.208319093" lon="4.723734772">
			<ele>36.5</ele>
		</trkpt>
		<trkpt lat="44.206259157" lon="4.723713482">
			<ele>36.5</ele>
		</trkpt>
		<trkpt lat="44.205229189" lon="4.723842228">
			<ele>36.5</ele>
		</trkpt>
		<trkpt lat="44.204070558" lon="4.724142719">
			<ele>35.1</ele>
		</trkpt>
		<trkpt lat="44.202718725" lon="4.724571705">
			<ele>35.4</ele>
		</trkpt>
		<trkpt lat="44.202568521" lon="4.724571705">
			<ele>35.2</ele>
		</trkpt>
		<trkpt lat="44.200422754" lon="4.723735023">
			<ele>34.9</ele>
		</trkpt>
		<trkpt lat="44.200444295" lon="4.724099468">
			<ele>35.8</ele>
		</trkpt>
		<trkpt lat="44.200572958" lon="4.725108063">
			<ele>37.7</ele>
		</trkpt>
		<trkpt lat="44.200594415" lon="4.725494301">
			<ele>38</ele>
		</trkpt>
		<trkpt lat="44.200573041" lon="4.725859333">
			<ele>37.6</ele>
		</trkpt>
		<trkpt lat="44.200444212" lon="4.726266861">
			<ele>36.6</ele>
		</trkpt>
		<trkpt lat="44.20027255" lon="4.726545895">
			<ele>36.1</ele>
		</trkpt>
		<trkpt lat="44.200143804" lon="4.726674473">
			<ele>36.1</ele>
		</trkpt>
		<trkpt lat="44.200039868" lon="4.726520078">
			<ele>36.1</ele>
		</trkpt>
		<trkpt lat="44.199788328" lon="4.726429051">
			<ele>36.2</ele>
		</trkpt>
		<trkpt lat="44.198638498" lon="4.726116657">
			<ele>34.8</ele>
		</trkpt>
		<trkpt lat="44.197830064" lon="4.72594751">
			<ele>34.6</ele>
		</trkpt>
		<trkpt lat="44.197389762" lon="4.725999897">
			<ele>34.4</ele>
		</trkpt>
		<trkpt lat="44.196958597" lon="4.726246912">
			<ele>34</ele>
		</trkpt>
		<trkpt lat="44.196882238" lon="4.726352775">
			<ele>33.8</ele>
		</trkpt>
		<trkpt lat="44.19677495" lon="4.726288319">
			<ele>33.8</ele>
		</trkpt>
		<trkpt lat="44.196624746" lon="4.725923706">
			<ele>33.6</ele>
		</trkpt>
		<trkpt lat="44.196496" lon="4.725859333">
			<ele>33.4</ele>
		</trkpt>
		<trkpt lat="44.195358659" lon="4.725794708">
			<ele>33</ele>
		</trkpt>
		<trkpt lat="44.194543352" lon="4.725859333">
			<ele>33.1</ele>
		</trkpt>
		<trkpt lat="44.19428586" lon="4.725816166">
			<ele>33.3</ele>
		</trkpt>
		<trkpt lat="44.193513383" lon="4.725558842">
			<ele>33.5</ele>
		</trkpt>
		<trkpt lat="44.193597538" lon="4.725183249">
			<ele>33.2</ele>
		</trkpt>
		<trkpt lat="44.192103296" lon="4.72058326">
			<ele>34.9</ele>
		</trkpt>
		<trkpt lat="44.191787885" lon="4.71911341">
			<ele>39.2</ele>
		</trkpt>
		<trkpt lat="44.191199391" lon="4.71865207">
			<ele>39.1</ele>
		</trkpt>
		<trkpt lat="44.190868642" lon="4.718239009">
			<ele>39.9</ele>
		</trkpt>
		<trkpt lat="44.19071475" lon="4.718212187">
			<ele>39.9</ele>
		</trkpt>
		<trkpt lat="44.189782012" lon="4.719067812">
			<ele>37.7</ele>
		</trkpt>
		<trkpt lat="44.189631976" lon="4.719834924">
			<ele>38.5</ele>
		</trkpt>
		<trkpt lat="44.188231862" lon="4.721841216">
			<ele>39</ele>
		</trkpt>
		<trkpt lat="44.187856772" lon="4.721285999">
			<ele>39</ele>
		</trkpt>
		<trkpt lat="44.187799105" lon="4.721146524">
			<ele>38.3</ele>
		</trkpt>
		<trkpt lat="44.18770682" lon="4.720223844">
			<ele>38.7</ele>
		</trkpt>
		<trkpt lat="44.186781626" lon="4.713875055">
			<ele>36.9</ele>
		</trkpt>
		<trkpt lat="44.18425817" lon="4.715269804">
			<ele>35.1</ele>
		</trkpt>
		<trkpt lat="44.182781027" lon="4.716235399">
			<ele>34.8</ele>
		</trkpt>
		<trkpt lat="44.179823389" lon="4.718661457">
			<ele>34.8</ele>
		</trkpt>
		<trkpt lat="44.179131043" lon="4.719162779">
			<ele>35.8</ele>
		</trkpt>
		<trkpt lat="44.177933689" lon="4.719947577">
			<ele>38.5</ele>
		</trkpt>
		<trkpt lat="44.176610186" lon="4.720526934">
			<ele>38.5</ele>
		</trkpt>
		<trkpt lat="44.174640355" lon="4.721235037">
			<ele>36.9</ele>
		</trkpt>
		<trkpt lat="44.172778148" lon="4.721685648">
			<ele>38.3</ele>
		</trkpt>
		<trkpt lat="44.171162117" lon="4.721792936">
			<ele>35.5</ele>
		</trkpt>
		<trkpt lat="44.1697154" lon="4.721707106">
			<ele>36.7</ele>
		</trkpt>
		<trkpt lat="44.162635039" lon="4.720784426">
			<ele>34.8</ele>
		</trkpt>
		<trkpt lat="44.160400088" lon="4.720823485">
			<ele>34.6</ele>
		</trkpt>
		<trkpt lat="44.160362956" lon="4.720684262">
			<ele>35.2</ele>
		</trkpt>
		<trkpt lat="44.160200096" lon="4.720667331">
			<ele>35.2</ele>
		</trkpt>
		<trkpt lat="44.159089661" lon="4.720726423">
			<ele>34.9</ele>
		</trkpt>
		<trkpt lat="44.157102564" lon="4.721007971">
			<ele>35.4</ele>
		</trkpt>
		<trkpt lat="44.15698178" lon="4.720937982">
			<ele>35.1</ele>
		</trkpt>
		<trkpt lat="44.156937189" lon="4.720797753">
			<ele>34.2</ele>
		</trkpt>
		<trkpt lat="44.156929142" lon="4.720587786">
			<ele>34.2</ele>
		</trkpt>
		<trkpt lat="44.156977338" lon="4.720423082">
			<ele>33</ele>
		</trkpt>
		<trkpt lat="44.157305825" lon="4.7201329">
			<ele>32.1</ele>
		</trkpt>
		<trkpt lat="44.157277997" lon="4.720032234">
			<ele>32.1</ele>
		</trkpt>
		<trkpt lat="44.156699394" lon="4.720181348">
			<ele>31.6</ele>
		</trkpt>
		<trkpt lat="44.156463024" lon="4.720203057">
			<ele>31.5</ele>
		</trkpt>
		<trkpt lat="44.150587562" lon="4.72202084">
			<ele>32.2</ele>
		</trkpt>
		<trkpt lat="44.150235103" lon="4.7220226">
			<ele>31.1</ele>
		</trkpt>
		<trkpt lat="44.149817265" lon="4.722152436">
			<ele>31</ele>
		</trkpt>
		<trkpt lat="44.1495213" lon="4.722302137">
			<ele>31.1</ele>
		</trkpt>
		<trkpt lat="44.14894714" lon="4.722467428">
			<ele>31.7</ele>
		</trkpt>
		<trkpt lat="44.147167326" lon="4.722884679">
			<ele>31.1</ele>
		</trkpt>
		<trkpt lat="44.145908867" lon="4.72299356">
			<ele>32</ele>
		</trkpt>
		<trkpt lat="44.145851284" lon="4.722851571">
			<ele>31.1</ele>
		</trkpt>
		<trkpt lat="44.145133038" lon="4.722823408">
			<ele>31.1</ele>
		</trkpt>
		<trkpt lat="44.144575474" lon="4.722751155">
			<ele>31.2</ele>
		</trkpt>
		<trkpt lat="44.143972564" lon="4.722640263">
			<ele>30.6</ele>
		</trkpt>
		<trkpt lat="44.143177289" lon="4.722423675">
			<ele>30.5</ele>
		</trkpt>
		<trkpt lat="44.141859402" lon="4.721918246">
			<ele>30.6</ele>
		</trkpt>
		<trkpt lat="44.141101846" lon="4.721501917">
			<ele>30.5</ele>
		</trkpt>
		<trkpt lat="44.139915052" lon="4.720732206">
			<ele>30.9</ele>
		</trkpt>
		<trkpt lat="44.138729516" lon="4.719743645">
			<ele>31</ele>
		</trkpt>
		<trkpt lat="44.135393518" lon="4.716816097">
			<ele>30.5</ele>
		</trkpt>
		<trkpt lat="44.134896807" lon="4.716449892">
			<ele>30</ele>
		</trkpt>
		<trkpt lat="44.134299512" lon="4.716090225">
			<ele>30</ele>
		</trkpt>
		<trkpt lat="44.133845548" lon="4.715874474">
			<ele>30</ele>
		</trkpt>
		<trkpt lat="44.133184468" lon="4.715604326">
			<ele>30</ele>
		</trkpt>
		<trkpt lat="44.132335968" lon="4.715352617">
			<ele>30</ele>
		</trkpt>
		<trkpt lat="44.131198376" lon="4.715202833">
			<ele>30.1</ele>
		</trkpt>
		<trkpt lat="44.128401335" lon="4.715248346">
			<ele>31</ele>
		</trkpt>
		<trkpt lat="44.128258926" lon="4.715272989">
			<ele>32.4</ele>
		</trkpt>
		<trkpt lat="44.128180891" lon="4.715386061">
			<ele>32.4</ele>
		</trkpt>
		<trkpt lat="44.128089863" lon="4.715637853">
			<ele>35.2</ele>
		</trkpt>
		<trkpt lat="44.128045607" lon="4.715636177">
			<ele>35.7</ele>
		</trkpt>
		<trkpt lat="44.127930355" lon="4.715795014">
			<ele>35.3</ele>
		</trkpt>
		<trkpt lat="44.127899678" lon="4.716101205">
			<ele>34.8</ele>
		</trkpt>
		<trkpt lat="44.127824492" lon="4.71628678">
			<ele>34</ele>
		</trkpt>
		<trkpt lat="44.127731369" lon="4.716247972">
			<ele>34</ele>
		</trkpt>
		<trkpt lat="44.127107923" lon="4.71623892">
			<ele>34.9</ele>
		</trkpt>
		<trkpt lat="44.123600097" lon="4.716291307">
			<ele>34.5</ele>
		</trkpt>
		<trkpt lat="44.123191898" lon="4.71632584">
			<ele>34.5</ele>
		</trkpt>
		<trkpt lat="44.12241565" lon="4.71653522">
			<ele>32.9</ele>
		</trkpt>
		<trkpt lat="44.119329852" lon="4.717699131">
			<ele>34</ele>
		</trkpt>
		<trkpt lat="44.118685619" lon="4.717835672">
			<ele>35.4</ele>
		</trkpt>
		<trkpt lat="44.115830072" lon="4.718922051">
			<ele>34.2</ele>
		</trkpt>
		<trkpt lat="44.114266093" lon="4.71943452">
			<ele>36.4</ele>
		</trkpt>
		<trkpt lat="44.112618127" lon="4.720128039">
			<ele>33.6</ele>
		</trkpt>
		<trkpt lat="44.11223147" lon="4.720250918">
			<ele>33.4</ele>
		</trkpt>
		<trkpt lat="44.112125439" lon="4.720330546">
			<ele>33</ele>
		</trkpt>
		<trkpt lat="44.112086379" lon="4.720513439">
			<ele>33</ele>
		</trkpt>
		<trkpt lat="44.112053522" lon="4.720550654">
			<ele>32.6</ele>
		</trkpt>
		<trkpt lat="44.111517751" lon="4.720667582">
			<ele>33.5</ele>
		</trkpt>
		<trkpt lat="44.111230503" lon="4.720770596">
			<ele>34.3</ele>
		</trkpt>
		<trkpt lat="44.109990149" lon="4.721434023">
			<ele>36</ele>
		</trkpt>
		<trkpt lat="44.109411882" lon="4.721976165">
			<ele>36.6</ele>
		</trkpt>
		<trkpt lat="44.109177104" lon="4.722258048">
			<ele>36.1</ele>
		</trkpt>
		<trkpt lat="44.108541421" lon="4.723073607">
			<ele>34.7</ele>
		</trkpt>
		<trkpt lat="44.10748396" lon="4.724523257">
			<ele>36.3</ele>
		</trkpt>
		<trkpt lat="44.106751885" lon="4.725386426">
			<ele>37.1</ele>
		</trkpt>
		<trkpt lat="44.105661064" lon="4.726764159">
			<ele>35.5</ele>
		</trkpt>
		<trkpt lat="44.105304246" lon="4.727093987">
			<ele>35.4</ele>
		</trkpt>
		<trkpt lat="44.104912895" lon="4.727377128">
			<ele>35.5</ele>
		</trkpt>
		<trkpt lat="44.104507881" lon="4.727557087">
			<ele>35.7</ele>
		</trkpt>
		<trkpt lat="44.104093061" lon="4.727686588">
			<ele>36.5</ele>
		</trkpt>
		<trkpt lat="44.103667763" lon="4.727738136">
			<ele>36.9</ele>
		</trkpt>
		<trkpt lat="44.102891012" lon="4.727647444">
			<ele>37.5</ele>
		</trkpt>
		<trkpt lat="44.102349374" lon="4.727463461">
			<ele>40.2</ele>
		</trkpt>
		<trkpt lat="44.101670775" lon="4.727109661">
			<ele>39.5</ele>
		</trkpt>
		<trkpt lat="44.100539637" lon="4.726435924">
			<ele>35.7</ele>
		</trkpt>
		<trkpt lat="44.099991209" lon="4.72621615">
			<ele>33</ele>
		</trkpt>
		<trkpt lat="44.099738579" lon="4.726330312">
			<ele>32.1</ele>
		</trkpt>
		<trkpt lat="44.09897373" lon="4.726116657">
			<ele>31.9</ele>
		</trkpt>
		<trkpt lat="44.098316421" lon="4.726069383">
			<ele>33.2</ele>
		</trkpt>
		<trkpt lat="44.096825113" lon="4.726095367">
			<ele>33.5</ele>
		</trkpt>
		<trkpt lat="44.096982106" lon="4.73009035">
			<ele>36.8</ele>
		</trkpt>
		<trkpt lat="44.097088053" lon="4.730280787">
			<ele>37</ele>
		</trkpt>
		<trkpt lat="44.097128454" lon="4.730538279">
			<ele>37.2</ele>
		</trkpt>
		<trkpt lat="44.09709962" lon="4.730935246">
			<ele>37.1</ele>
		</trkpt>
		<trkpt lat="44.097050418" lon="4.731027111">
			<ele>37.1</ele>
		</trkpt>
		<trkpt lat="44.096847241" lon="4.73115854">
			<ele>37</ele>
		</trkpt>
		<trkpt lat="44.096264531" lon="4.731135741">
			<ele>36.1</ele>
		</trkpt>
		<trkpt lat="44.095722306" lon="4.731047228">
			<ele>35.6</ele>
		</trkpt>
		<trkpt lat="44.095439081" lon="4.73094061">
			<ele>35.5</ele>
		</trkpt>
		<trkpt lat="44.095096597" lon="4.730713461">
			<ele>35.5</ele>
		</trkpt>
		<trkpt lat="44.094894006" lon="4.73062411">
			<ele>35.3</ele>
		</trkpt>
		<trkpt lat="44.094610782" lon="4.730538279">
			<ele>34.9</ele>
		</trkpt>
		<trkpt lat="44.094348847" lon="4.730519503">
			<ele>33.9</ele>
		</trkpt>
		<trkpt lat="44.094098396" lon="4.730567783">
			<ele>33.5</ele>
		</trkpt>
		<trkpt lat="44.093578299" lon="4.730967432">
			<ele>35</ele>
		</trkpt>
		<trkpt lat="44.093038923" lon="4.731769413">
			<ele>34.9</ele>
		</trkpt>
		<trkpt lat="44.092609267" lon="4.732611626">
			<ele>34.4</ele>
		</trkpt>
		<trkpt lat="44.092370467" lon="4.733304977">
			<ele>32.7</ele>
		</trkpt>
		<trkpt lat="44.092247085" lon="4.734410048">
			<ele>32.1</ele>
		</trkpt>
		<trkpt lat="44.092270219" lon="4.735830277">
			<ele>29.8</ele>
		</trkpt>
		<trkpt lat="44.092724937" lon="4.740364552">
			<ele>30.5</ele>
		</trkpt>
		<trkpt lat="44.093079324" lon="4.741259068">
			<ele>30.1</ele>
		</trkpt>
		<trkpt lat="44.09395012" lon="4.74273554">
			<ele>31</ele>
		</trkpt>
		<trkpt lat="44.094516401" lon="4.743533581">
			<ele>31.5</ele>
		</trkpt>
		<trkpt lat="44.097147732" lon="4.746361971">
			<ele>30</ele>
		</trkpt>
		<trkpt lat="44.097594655" lon="4.74694116">
			<ele>29.7</ele>
		</trkpt>
		<trkpt lat="44.098234195" lon="4.748196434">
			<ele>30.1</ele>
		</trkpt>
		<trkpt lat="44.098858311" lon="4.748733211">
			<ele>30.6</ele>
		</trkpt>
		<trkpt lat="44.099902193" lon="4.749879688">
			<ele>30.3</ele>
		</trkpt>
		<trkpt lat="44.100424218" lon="4.750746042">
			<ele>29.4</ele>
		</trkpt>
		<trkpt lat="44.100491693" lon="4.751018286">
			<ele>29.7</ele>
		</trkpt>
		<trkpt lat="44.100445424" lon="4.751451463">
			<ele>30.1</ele>
		</trkpt>
		<trkpt lat="44.100266303" lon="4.7519584">
			<ele>31.2</ele>
		</trkpt>
		<trkpt lat="44.099975451" lon="4.754376579">
			<ele>29.7</ele>
		</trkpt>
		<trkpt lat="44.099961872" lon="4.754570201">
			<ele>30</ele>
		</trkpt>
		<trkpt lat="44.100072094" lon="4.754542205">
			<ele>29.6</ele>
		</trkpt>
		<trkpt lat="44.100121632" lon="4.754659804">
			<ele>29.6</ele>
		</trkpt>
	</trkseg>
</trk>
<trk>
	<name>24: Caderousse – Avignon (Developed + Signed)</name>
	<desc>Developed + Signed</desc>
	<trkseg>
		<trkpt lat="44.100121632" lon="4.754659804">
			<ele>29.6</ele>
		</trkpt>
		<trkpt lat="44.100014846" lon="4.754777402">
			<ele>30.3</ele>
		</trkpt>
		<trkpt lat="44.099804041" lon="4.754878487">
			<ele>30.7</ele>
		</trkpt>
		<trkpt lat="44.099697507" lon="4.755017962">
			<ele>30.7</ele>
		</trkpt>
		<trkpt lat="44.099366003" lon="4.755824972">
			<ele>30.9</ele>
		</trkpt>
		<trkpt lat="44.099383689" lon="4.755938631">
			<ele>30.7</ele>
		</trkpt>
		<trkpt lat="44.099222672" lon="4.756129654">
			<ele>30.7</ele>
		</trkpt>
		<trkpt lat="44.098940705" lon="4.756810935">
			<ele>30.9</ele>
		</trkpt>
		<trkpt lat="44.098863592" lon="4.757055519">
			<ele>30.9</ele>
		</trkpt>
		<trkpt lat="44.098798129" lon="4.757366655">
			<ele>31.1</ele>
		</trkpt>
		<trkpt lat="44.098803493" lon="4.757486852">
			<ele>30.8</ele>
		</trkpt>
		<trkpt lat="44.098694864" lon="4.757935284">
			<ele>30.6</ele>
		</trkpt>
		<trkpt lat="44.098597802" lon="4.758224962">
			<ele>30.1</ele>
		</trkpt>
		<trkpt lat="44.097947533" lon="4.759529606">
			<ele>29</ele>
		</trkpt>
		<trkpt lat="44.097722563" lon="4.759910647">
			<ele>28.9</ele>
		</trkpt>
		<trkpt lat="44.097238676" lon="4.760610117">
			<ele>28.5</ele>
		</trkpt>
		<trkpt lat="44.097133064" lon="4.76084196">
			<ele>28.8</ele>
		</trkpt>
		<trkpt lat="44.097059806" lon="4.760904238">
			<ele>28.5</ele>
		</trkpt>
		<trkpt lat="44.096992583" lon="4.760777336">
			<ele>28.5</ele>
		</trkpt>
		<trkpt lat="44.096614559" lon="4.761103643">
			<ele>28.2</ele>
		</trkpt>
		<trkpt lat="44.096045847" lon="4.761472614">
			<ele>29.4</ele>
		</trkpt>
		<trkpt lat="44.095346294" lon="4.761836138">
			<ele>32</ele>
		</trkpt>
		<trkpt lat="44.094484802" lon="4.762084242">
			<ele>31.6</ele>
		</trkpt>
		<trkpt lat="44.09218707" lon="4.762479365">
			<ele>26</ele>
		</trkpt>
		<trkpt lat="44.091357933" lon="4.762685392">
			<ele>26.1</ele>
		</trkpt>
		<trkpt lat="44.090738342" lon="4.762784047">
			<ele>26</ele>
		</trkpt>
		<trkpt lat="44.0893275" lon="4.762665778">
			<ele>27.6</ele>
		</trkpt>
		<trkpt lat="44.088839087" lon="4.762556478">
			<ele>26</ele>
		</trkpt>
		<trkpt lat="44.088396355" lon="4.762561591">
			<ele>26</ele>
		</trkpt>
		<trkpt lat="44.087273683" lon="4.762681033">
			<ele>26.2</ele>
		</trkpt>
		<trkpt lat="44.086281852" lon="4.762460757">
			<ele>26.1</ele>
		</trkpt>
		<trkpt lat="44.083454385" lon="4.761285866">
			<ele>26.1</ele>
		</trkpt>
		<trkpt lat="44.082831609" lon="4.761106074">
			<ele>26</ele>
		</trkpt>
		<trkpt lat="44.082134905" lon="4.761020243">
			<ele>26.1</ele>
		</trkpt>
		<trkpt lat="44.081453624" lon="4.761041701">
			<ele>26.2</ele>
		</trkpt>
		<trkpt lat="44.080852474" lon="4.761178996">
			<ele>26</ele>
		</trkpt>
		<trkpt lat="44.080248223" lon="4.761389298">
			<ele>26.8</ele>
		</trkpt>
		<trkpt lat="44.07989677" lon="4.761586692">
			<ele>27.8</ele>
		</trkpt>
		<trkpt lat="44.079375751" lon="4.762003021">
			<ele>28.2</ele>
		</trkpt>
		<trkpt lat="44.078216533" lon="4.763045814">
			<ele>29.5</ele>
		</trkpt>
		<trkpt lat="44.077596859" lon="4.763638079">
			<ele>28.5</ele>
		</trkpt>
		<trkpt lat="44.076856905" lon="4.764449196">
			<ele>28.2</ele>
		</trkpt>
		<trkpt lat="44.075941517" lon="4.765698267">
			<ele>28</ele>
		</trkpt>
		<trkpt lat="44.075192007" lon="4.766989751">
			<ele>28.6</ele>
		</trkpt>
		<trkpt lat="44.074936108" lon="4.767603474">
			<ele>28</ele>
		</trkpt>
		<trkpt lat="44.074874501" lon="4.767976804">
			<ele>28.3</ele>
		</trkpt>
		<trkpt lat="44.0748714" lon="4.768290119">
			<ele>28.6</ele>
		</trkpt>
		<trkpt lat="44.074979275" lon="4.76869354">
			<ele>29.1</ele>
		</trkpt>
		<trkpt lat="44.075216734" lon="4.768946674">
			<ele>29.6</ele>
		</trkpt>
		<trkpt lat="44.075506496" lon="4.769148426">
			<ele>30</ele>
		</trkpt>
		<trkpt lat="44.076884649" lon="4.769852255">
			<ele>31.4</ele>
		</trkpt>
		<trkpt lat="44.076961595" lon="4.769938337">
			<ele>32</ele>
		</trkpt>
		<trkpt lat="44.076961762" lon="4.770148303">
			<ele>32.1</ele>
		</trkpt>
		<trkpt lat="44.076782893" lon="4.770830674">
			<ele>30.6</ele>
		</trkpt>
		<trkpt lat="44.076530094" lon="4.771414306">
			<ele>29.4</ele>
		</trkpt>
		<trkpt lat="44.0763643" lon="4.771652939">
			<ele>29.2</ele>
		</trkpt>
		<trkpt lat="44.076160117" lon="4.771714713">
			<ele>29.4</ele>
		</trkpt>
		<trkpt lat="44.076042938" lon="4.771899283">
			<ele>29.1</ele>
		</trkpt>
		<trkpt lat="44.075950486" lon="4.77183491">
			<ele>29.4</ele>
		</trkpt>
		<trkpt lat="44.075885694" lon="4.771607425">
			<ele>29.6</ele>
		</trkpt>
		<trkpt lat="44.075506496" lon="4.771216912">
			<ele>29.4</ele>
		</trkpt>
		<trkpt lat="44.074933007" lon="4.770813491">
			<ele>30</ele>
		</trkpt>
		<trkpt lat="44.074103701" lon="4.770324323">
			<ele>29.2</ele>
		</trkpt>
		<trkpt lat="44.074017954" lon="4.770348212">
			<ele>28.3</ele>
		</trkpt>
		<trkpt lat="44.073872444" lon="4.770285683">
			<ele>27.4</ele>
		</trkpt>
		<trkpt lat="44.073767587" lon="4.770101113">
			<ele>27.3</ele>
		</trkpt>
		<trkpt lat="44.073520907" lon="4.769976642">
			<ele>26.1</ele>
		</trkpt>
		<trkpt lat="44.073431556" lon="4.769946635">
			<ele>25.1</ele>
		</trkpt>
		<trkpt lat="44.073366764" lon="4.770023916">
			<ele>25.1</ele>
		</trkpt>
		<trkpt lat="44.072984466" lon="4.771427214">
			<ele>25.6</ele>
		</trkpt>
		<trkpt lat="44.072873489" lon="4.771551685">
			<ele>25.1</ele>
		</trkpt>
		<trkpt lat="44.072771733" lon="4.77160315">
			<ele>25.1</ele>
		</trkpt>
		<trkpt lat="44.072685399" lon="4.771843459">
			<ele>24.8</ele>
		</trkpt>
		<trkpt lat="44.072364708" lon="4.773568707">
			<ele>25.3</ele>
		</trkpt>
		<trkpt lat="44.072383232" lon="4.774002135">
			<ele>25.7</ele>
		</trkpt>
		<trkpt lat="44.072364708" lon="4.774259627">
			<ele>26.9</ele>
		</trkpt>
		<trkpt lat="44.070977167" lon="4.781761263">
			<ele>24.7</ele>
		</trkpt>
		<trkpt lat="44.070772062" lon="4.782524016">
			<ele>25.2</ele>
		</trkpt>
		<trkpt lat="44.070261856" lon="4.784164522">
			<ele>26.4</ele>
		</trkpt>
		<trkpt lat="44.070025989" lon="4.784785286">
			<ele>26.9</ele>
		</trkpt>
		<trkpt lat="44.069426264" lon="4.786052797">
			<ele>26.6</ele>
		</trkpt>
		<trkpt lat="44.068923601" lon="4.786885288">
			<ele>27.7</ele>
		</trkpt>
		<trkpt lat="44.068399481" lon="4.787640665">
			<ele>25.2</ele>
		</trkpt>
		<trkpt lat="44.067949289" lon="4.788220022">
			<ele>25.9</ele>
		</trkpt>
		<trkpt lat="44.067264739" lon="4.788919492">
			<ele>24.2</ele>
		</trkpt>
		<trkpt lat="44.067187625" lon="4.789086878">
			<ele>25.9</ele>
		</trkpt>
		<trkpt lat="44.067462049" lon="4.789679144">
			<ele>30.9</ele>
		</trkpt>
		<trkpt lat="44.067369512" lon="4.789794981">
			<ele>30.9</ele>
		</trkpt>
		<trkpt lat="44.066684962" lon="4.790327149">
			<ele>30.4</ele>
		</trkpt>
		<trkpt lat="44.065312761" lon="4.791198866">
			<ele>29.5</ele>
		</trkpt>
		<trkpt lat="44.064085483" lon="4.791756766">
			<ele>28</ele>
		</trkpt>
		<trkpt lat="44.063894292" lon="4.791962709">
			<ele>28.1</ele>
		</trkpt>
		<trkpt lat="44.063721541" lon="4.791919794">
			<ele>27.3</ele>
		</trkpt>
		<trkpt lat="44.062747061" lon="4.792160187">
			<ele>26.1</ele>
		</trkpt>
		<trkpt lat="44.062050189" lon="4.792246018">
			<ele>25.5</ele>
		</trkpt>
		<trkpt lat="44.0606686" lon="4.792220201">
			<ele>25.5</ele>
		</trkpt>
		<trkpt lat="44.058892223" lon="4.79185978">
			<ele>25.6</ele>
		</trkpt>
		<trkpt lat="44.057874493" lon="4.791576471">
			<ele>28.8</ele>
		</trkpt>
		<trkpt lat="44.056461974" lon="4.791250331">
			<ele>27.7</ele>
		</trkpt>
		<trkpt lat="44.05601723" lon="4.791353596">
			<ele>27</ele>
		</trkpt>
		<trkpt lat="44.055959814" lon="4.791073725">
			<ele>26.9</ele>
		</trkpt>
		<trkpt lat="44.055823525" lon="4.790769126">
			<ele>26.6</ele>
		</trkpt>
		<trkpt lat="44.055718667" lon="4.790721936">
			<ele>26.6</ele>
		</trkpt>
		<trkpt lat="44.053852772" lon="4.792632256">
			<ele>26.5</ele>
		</trkpt>
		<trkpt lat="44.053075518" lon="4.793301718">
			<ele>27.7</ele>
		</trkpt>
		<trkpt lat="44.052267418" lon="4.793928266">
			<ele>27.9</ele>
		</trkpt>
		<trkpt lat="44.049090426" lon="4.799344148">
			<ele>25.4</ele>
		</trkpt>
		<trkpt lat="44.048640066" lon="4.800185356">
			<ele>25.1</ele>
		</trkpt>
		<trkpt lat="44.048467399" lon="4.800889101">
			<ele>26</ele>
		</trkpt>
		<trkpt lat="44.045314881" lon="4.805704253">
			<ele>24.8</ele>
		</trkpt>
		<trkpt lat="44.042945736" lon="4.809403522">
			<ele>26.8</ele>
		</trkpt>
		<trkpt lat="44.042132608" lon="4.810600625">
			<ele>27.1</ele>
		</trkpt>
		<trkpt lat="44.041139436" lon="4.811830251">
			<ele>27.5</ele>
		</trkpt>
		<trkpt lat="44.040320105" lon="4.812707584">
			<ele>29</ele>
		</trkpt>
		<trkpt lat="44.038765765" lon="4.813778372">
			<ele>24.7</ele>
		</trkpt>
		<trkpt lat="44.035242432" lon="4.817157788">
			<ele>24.4</ele>
		</trkpt>
		<trkpt lat="44.034838257" lon="4.817831609">
			<ele>25.6</ele>
		</trkpt>
		<trkpt lat="44.034730298" lon="4.818222122">
			<ele>25.2</ele>
		</trkpt>
		<trkpt lat="44.034628458" lon="4.818432424">
			<ele>24.7</ele>
		</trkpt>
		<trkpt lat="44.033172186" lon="4.819402294">
			<ele>26.2</ele>
		</trkpt>
		<trkpt lat="44.031984302" lon="4.82012758">
			<ele>26.6</ele>
		</trkpt>
		<trkpt lat="44.031296316" lon="4.820706937">
			<ele>25.8</ele>
		</trkpt>
		<trkpt lat="44.030592823" lon="4.821060402">
			<ele>26</ele>
		</trkpt>
		<trkpt lat="44.030370618" lon="4.82112905">
			<ele>27.2</ele>
		</trkpt>
		<trkpt lat="44.030062081" lon="4.821094768">
			<ele>29.1</ele>
		</trkpt>
		<trkpt lat="44.029778185" lon="4.821232064">
			<ele>29.6</ele>
		</trkpt>
		<trkpt lat="44.029309218" lon="4.822107553">
			<ele>31.1</ele>
		</trkpt>
		<trkpt lat="44.028963632" lon="4.82255389">
			<ele>31.7</ele>
		</trkpt>
		<trkpt lat="44.026927165" lon="4.82351521">
			<ele>28.8</ele>
		</trkpt>
		<trkpt lat="44.026791378" lon="4.823686872">
			<ele>27.1</ele>
		</trkpt>
		<trkpt lat="44.026791378" lon="4.824081659">
			<ele>27.8</ele>
		</trkpt>
		<trkpt lat="44.027062868" lon="4.825729625">
			<ele>28.4</ele>
		</trkpt>
		<trkpt lat="44.025668119" lon="4.82633044">
			<ele>25.4</ele>
		</trkpt>
		<trkpt lat="44.025310212" lon="4.826519284">
			<ele>25.7</ele>
		</trkpt>
		<trkpt lat="44.024507896" lon="4.827068551">
			<ele>25.3</ele>
		</trkpt>
		<trkpt lat="44.024298097" lon="4.82739469">
			<ele>25.1</ele>
		</trkpt>
		<trkpt lat="44.024014202" lon="4.828167167">
			<ele>25.8</ele>
		</trkpt>
		<trkpt lat="44.023298304" lon="4.829128487">
			<ele>26.7</ele>
		</trkpt>
		<trkpt lat="44.022137997" lon="4.829214318">
			<ele>28.5</ele>
		</trkpt>
		<trkpt lat="44.02200221" lon="4.829523358">
			<ele>29.9</ele>
		</trkpt>
		<trkpt lat="44.021854102" lon="4.8303473">
			<ele>28.7</ele>
		</trkpt>
		<trkpt lat="44.021323276" lon="4.831651943">
			<ele>25.3</ele>
		</trkpt>
		<trkpt lat="44.021422015" lon="4.833540218">
			<ele>23.7</ele>
		</trkpt>
		<trkpt lat="44.02143442" lon="4.835119452">
			<ele>23</ele>
		</trkpt>
		<trkpt lat="44.023403161" lon="4.840902882">
			<ele>30.2</ele>
		</trkpt>
		<trkpt lat="44.023440209" lon="4.841812653">
			<ele>34.5</ele>
		</trkpt>
		<trkpt lat="44.023437108" lon="4.842228983">
			<ele>33.1</ele>
		</trkpt>
		<trkpt lat="44.023369215" lon="4.842872713">
			<ele>27.7</ele>
		</trkpt>
		<trkpt lat="44.023270476" lon="4.843074381">
			<ele>26.5</ele>
		</trkpt>
		<trkpt lat="44.022402111" lon="4.843416363">
			<ele>24.2</ele>
		</trkpt>
		<trkpt lat="44.022301193" lon="4.843287114">
			<ele>25.4</ele>
		</trkpt>
		<trkpt lat="44.021902633" lon="4.843318379">
			<ele>28.2</ele>
		</trkpt>
		<trkpt lat="44.021737426" lon="4.843416614">
			<ele>29</ele>
		</trkpt>
		<trkpt lat="44.021596945" lon="4.843429103">
			<ele>25.5</ele>
		</trkpt>
		<trkpt lat="44.021386475" lon="4.843532369">
			<ele>27.5</ele>
		</trkpt>
		<trkpt lat="44.021138455" lon="4.843702018">
			<ele>24.4</ele>
		</trkpt>
		<trkpt lat="44.020395148" lon="4.843659773">
			<ele>31.1</ele>
		</trkpt>
		<trkpt lat="44.020104044" lon="4.843761865">
			<ele>27.4</ele>
		</trkpt>
		<trkpt lat="44.0187331" lon="4.843499679">
			<ele>30.8</ele>
		</trkpt>
		<trkpt lat="44.018582729" lon="4.843551479">
			<ele>30.5</ele>
		</trkpt>
		<trkpt lat="44.018346024" lon="4.843820203">
			<ele>30.7</ele>
		</trkpt>
		<trkpt lat="44.018201268" lon="4.843886169">
			<ele>30.7</ele>
		</trkpt>
		<trkpt lat="44.018049305" lon="4.843869153">
			<ele>30.1</ele>
		</trkpt>
		<trkpt lat="44.017705395" lon="4.84371786">
			<ele>28.7</ele>
		</trkpt>
		<trkpt lat="44.017287222" lon="4.843947859">
			<ele>27.3</ele>
		</trkpt>
		<trkpt lat="44.01713266" lon="4.843909973">
			<ele>27.3</ele>
		</trkpt>
		<trkpt lat="44.016960412" lon="4.843806289">
			<ele>26.5</ele>
		</trkpt>
		<trkpt lat="44.016825379" lon="4.843788687">
			<ele>25.7</ele>
		</trkpt>
		<trkpt lat="44.016649611" lon="4.84380763">
			<ele>24.3</ele>
		</trkpt>
		<trkpt lat="44.016287009" lon="4.843950793">
			<ele>22.1</ele>
		</trkpt>
		<trkpt lat="44.016159772" lon="4.843942076">
			<ele>22.1</ele>
		</trkpt>
		<trkpt lat="44.015805553" lon="4.843814671">
			<ele>21.3</ele>
		</trkpt>
		<trkpt lat="44.01536433" lon="4.843574697">
			<ele>21.5</ele>
		</trkpt>
		<trkpt lat="44.015145227" lon="4.843366407">
			<ele>21.8</ele>
		</trkpt>
		<trkpt lat="44.014772064" lon="4.843310751">
			<ele>21.2</ele>
		</trkpt>
		<trkpt lat="44.014263199" lon="4.842195539">
			<ele>22.7</ele>
		</trkpt>
		<trkpt lat="44.014065805" lon="4.841541583">
			<ele>23.1</ele>
		</trkpt>
		<trkpt lat="44.014045689" lon="4.841245031">
			<ele>22.4</ele>
		</trkpt>
		<trkpt lat="44.014162113" lon="4.840963734">
			<ele>21.5</ele>
		</trkpt>
		<trkpt lat="44.015719722" lon="4.838363081">
			<ele>20.8</ele>
		</trkpt>
		<trkpt lat="44.017267105" lon="4.835646674">
			<ele>22.8</ele>
		</trkpt>
		<trkpt lat="44.017623169" lon="4.834946198">
			<ele>25.4</ele>
		</trkpt>
		<trkpt lat="44.017833554" lon="4.834260894">
			<ele>25.1</ele>
		</trkpt>
		<trkpt lat="44.017989877" lon="4.833000088">
			<ele>24.5</ele>
		</trkpt>
		<trkpt lat="44.017992224" lon="4.832376475">
			<ele>23.7</ele>
		</trkpt>
		<trkpt lat="44.017934808" lon="4.831937766">
			<ele>23.5</ele>
		</trkpt>
		<trkpt lat="44.017480425" lon="4.829722177">
			<ele>23.4</ele>
		</trkpt>
		<trkpt lat="44.017392247" lon="4.829149526">
			<ele>24.5</ele>
		</trkpt>
		<trkpt lat="44.017360647" lon="4.82873152">
			<ele>23.8</ele>
		</trkpt>
		<trkpt lat="44.017359809" lon="4.827494351">
			<ele>25</ele>
		</trkpt>
		<trkpt lat="44.01744564" lon="4.826810807">
			<ele>25.8</ele>
		</trkpt>
		<trkpt lat="44.017946291" lon="4.825297119">
			<ele>26.4</ele>
		</trkpt>
		<trkpt lat="44.018138237" lon="4.824482901">
			<ele>26.1</ele>
		</trkpt>
		<trkpt lat="44.018331104" lon="4.823463662">
			<ele>25.1</ele>
		</trkpt>
		<trkpt lat="44.018323225" lon="4.823308513">
			<ele>25.1</ele>
		</trkpt>
		<trkpt lat="44.018171094" lon="4.822848011">
			<ele>24</ele>
		</trkpt>
		<trkpt lat="44.018000354" lon="4.822648102">
			<ele>22.6</ele>
		</trkpt>
		<trkpt lat="44.01786616" lon="4.822610635">
			<ele>21.5</ele>
		</trkpt>
		<trkpt lat="44.017671448" lon="4.822637876">
			<ele>20.8</ele>
		</trkpt>
		<trkpt lat="44.017508672" lon="4.822735274">
			<ele>21</ele>
		</trkpt>
		<trkpt lat="44.017236176" lon="4.822993018">
			<ele>21.3</ele>
		</trkpt>
		<trkpt lat="44.016808364" lon="4.823498698">
			<ele>22</ele>
		</trkpt>
		<trkpt lat="44.016451965" lon="4.823983423">
			<ele>21.5</ele>
		</trkpt>
		<trkpt lat="44.016169495" lon="4.824456414">
			<ele>22.6</ele>
		</trkpt>
		<trkpt lat="44.015701953" lon="4.825512534">
			<ele>21.7</ele>
		</trkpt>
		<trkpt lat="44.015426775" lon="4.826300433">
			<ele>20.9</ele>
		</trkpt>
		<trkpt lat="44.015290233" lon="4.827015158">
			<ele>20.6</ele>
		</trkpt>
		<trkpt lat="44.01523835" lon="4.827683279">
			<ele>22.1</ele>
		</trkpt>
		<trkpt lat="44.015280427" lon="4.828058286">
			<ele>22.5</ele>
		</trkpt>
		<trkpt lat="44.015265255" lon="4.828508981">
			<ele>22.6</ele>
		</trkpt>
		<trkpt lat="44.015173306" lon="4.828837384">
			<ele>24.4</ele>
		</trkpt>
		<trkpt lat="44.015028215" lon="4.829146424">
			<ele>24</ele>
		</trkpt>
		<trkpt lat="44.014913132" lon="4.829639783">
			<ele>24.5</ele>
		</trkpt>
		<trkpt lat="44.014866277" lon="4.830159964">
			<ele>24.5</ele>
		</trkpt>
		<trkpt lat="44.014731831" lon="4.830441177">
			<ele>24.3</ele>
		</trkpt>
		<trkpt lat="44.01457224" lon="4.831158668">
			<ele>23</ele>
		</trkpt>
		<trkpt lat="44.014263283" lon="4.832065254">
			<ele>22.2</ele>
		</trkpt>
		<trkpt lat="44.01409246" lon="4.832160221">
			<ele>21.5</ele>
		</trkpt>
		<trkpt lat="44.013963713" lon="4.833014421">
			<ele>21.7</ele>
		</trkpt>
		<trkpt lat="44.012115671" lon="4.832500108">
			<ele>21.5</ele>
		</trkpt>
		<trkpt lat="44.012261768" lon="4.831634676">
			<ele>20.9</ele>
		</trkpt>
		<trkpt lat="44.012530743" lon="4.830726748">
			<ele>20.7</ele>
		</trkpt>
		<trkpt lat="44.012476764" lon="4.829130918">
			<ele>22.9</ele>
		</trkpt>
		<trkpt lat="44.01239789" lon="4.828770077">
			<ele>24.5</ele>
		</trkpt>
		<trkpt lat="44.012153725" lon="4.828540664">
			<ele>26.2</ele>
		</trkpt>
		<trkpt lat="44.011878045" lon="4.828093993">
			<ele>26.1</ele>
		</trkpt>
		<trkpt lat="44.011862287" lon="4.827946806">
			<ele>25.8</ele>
		</trkpt>
		<trkpt lat="44.011977454" lon="4.827611698">
			<ele>25.9</ele>
		</trkpt>
		<trkpt lat="44.011912997" lon="4.827126553">
			<ele>25</ele>
		</trkpt>
		<trkpt lat="44.01193194" lon="4.826476201">
			<ele>24.5</ele>
		</trkpt>
		<trkpt lat="44.01111965" lon="4.823957691">
			<ele>25.4</ele>
		</trkpt>
		<trkpt lat="44.010657304" lon="4.823674634">
			<ele>23</ele>
		</trkpt>
		<trkpt lat="44.008962735" lon="4.823510014">
			<ele>21.8</ele>
		</trkpt>
		<trkpt lat="44.008061764" lon="4.823575811">
			<ele>22.9</ele>
		</trkpt>
		<trkpt lat="44.000938404" lon="4.824499916">
			<ele>23</ele>
		</trkpt>
		<trkpt lat="43.999765189" lon="4.824493714">
			<ele>23.5</ele>
		</trkpt>
		<trkpt lat="43.998151756" lon="4.824252818">
			<ele>23.9</ele>
		</trkpt>
		<trkpt lat="43.996083102" lon="4.823800363">
			<ele>22.7</ele>
		</trkpt>
		<trkpt lat="43.996102381" lon="4.823592911">
			<ele>22.7</ele>
		</trkpt>
		<trkpt lat="43.996070781" lon="4.823520659">
			<ele>22.7</ele>
		</trkpt>
		<trkpt lat="43.995431996" lon="4.823433654">
			<ele>23.1</ele>
		</trkpt>
		<trkpt lat="43.995342813" lon="4.82337934">
			<ele>23.4</ele>
		</trkpt>
		<trkpt lat="43.995194956" lon="4.823145736">
			<ele>23.3</ele>
		</trkpt>
		<trkpt lat="43.995165619" lon="4.822881371">
			<ele>22.9</ele>
		</trkpt>
		<trkpt lat="43.995278188" lon="4.821836734">
			<ele>21.2</ele>
		</trkpt>
		<trkpt lat="43.995277099" lon="4.821524005">
			<ele>20.1</ele>
		</trkpt>
		<trkpt lat="43.995230328" lon="4.821356535">
			<ele>20.1</ele>
		</trkpt>
		<trkpt lat="43.99487988" lon="4.821274308">
			<ele>20.1</ele>
		</trkpt>
		<trkpt lat="43.994844089" lon="4.821302891">
			<ele>20.1</ele>
		</trkpt>
		<trkpt lat="43.994710482" lon="4.822924705">
			<ele>23.5</ele>
		</trkpt>
		<trkpt lat="43.994624316" lon="4.8231107">
			<ele>23.9</ele>
		</trkpt>
		<trkpt lat="43.9945353" lon="4.823134001">
			<ele>23.9</ele>
		</trkpt>
		<trkpt lat="43.991147335" lon="4.822451966">
			<ele>24.6</ele>
		</trkpt>
		<trkpt lat="43.990317359" lon="4.822248872">
			<ele>22.6</ele>
		</trkpt>
		<trkpt lat="43.990109655" lon="4.822066817">
			<ele>21.5</ele>
		</trkpt>
		<trkpt lat="43.989252689" lon="4.821834136">
			<ele>21.5</ele>
		</trkpt>
		<trkpt lat="43.988576102" lon="4.821858946">
			<ele>22.4</ele>
		</trkpt>
		<trkpt lat="43.987050931" lon="4.82147824">
			<ele>19.9</ele>
		</trkpt>
		<trkpt lat="43.986612222" lon="4.821458459">
			<ele>20.3</ele>
		</trkpt>
		<trkpt lat="43.986255824" lon="4.821272129">
			<ele>21.2</ele>
		</trkpt>
		<trkpt lat="43.985668588" lon="4.821294844">
			<ele>22.6</ele>
		</trkpt>
		<trkpt lat="43.984822937" lon="4.821104575">
			<ele>21.6</ele>
		</trkpt>
		<trkpt lat="43.981334641" lon="4.820629153">
			<ele>21.1</ele>
		</trkpt>
		<trkpt lat="43.978578923" lon="4.820323382">
			<ele>22.3</ele>
		</trkpt>
		<trkpt lat="43.977093482" lon="4.820321202">
			<ele>20.2</ele>
		</trkpt>
		<trkpt lat="43.976784608" lon="4.820374846">
			<ele>21.3</ele>
		</trkpt>
		<trkpt lat="43.976204832" lon="4.820330925">
			<ele>22.1</ele>
		</trkpt>
		<trkpt lat="43.97589663" lon="4.820351209">
			<ele>22.2</ele>
		</trkpt>
		<trkpt lat="43.97565565" lon="4.820526978">
			<ele>22.2</ele>
		</trkpt>
		<trkpt lat="43.975548948" lon="4.820537791">
			<ele>22</ele>
		</trkpt>
		<trkpt lat="43.975251475" lon="4.820469562">
			<ele>20.9</ele>
		</trkpt>
		<trkpt lat="43.974744034" lon="4.820166724">
			<ele>20</ele>
		</trkpt>
		<trkpt lat="43.974265344" lon="4.820007384">
			<ele>19.2</ele>
		</trkpt>
		<trkpt lat="43.973842225" lon="4.819642603">
			<ele>19.7</ele>
		</trkpt>
		<trkpt lat="43.973650699" lon="4.819385111">
			<ele>20.1</ele>
		</trkpt>
		<trkpt lat="43.973416005" lon="4.818951683">
			<ele>20.7</ele>
		</trkpt>
		<trkpt lat="43.97309171" lon="4.817874525">
			<ele>18.1</ele>
		</trkpt>
		<trkpt lat="43.972866236" lon="4.817762878">
			<ele>17</ele>
		</trkpt>
		<trkpt lat="43.971754377" lon="4.817664223">
			<ele>18.5</ele>
		</trkpt>
		<trkpt lat="43.967522941" lon="4.816977577">
			<ele>17</ele>
		</trkpt>
		<trkpt lat="43.965827198" lon="4.816526966">
			<ele>17.3</ele>
		</trkpt>
		<trkpt lat="43.965197046" lon="4.816801641">
			<ele>18.5</ele>
		</trkpt>
		<trkpt lat="43.965001245" lon="4.817155944">
			<ele>18.9</ele>
		</trkpt>
		<trkpt lat="43.964983895" lon="4.817312267">
			<ele>19.2</ele>
		</trkpt>
		<trkpt lat="43.964773844" lon="4.817514019">
			<ele>19.9</ele>
		</trkpt>
		<trkpt lat="43.964563039" lon="4.817824736">
			<ele>20.4</ele>
		</trkpt>
		<trkpt lat="43.964241007" lon="4.817381669">
			<ele>21.2</ele>
		</trkpt>
		<trkpt lat="43.964183842" lon="4.817219479">
			<ele>22</ele>
		</trkpt>
		<trkpt lat="43.964113602" lon="4.816501737">
			<ele>22</ele>
		</trkpt>
		<trkpt lat="43.963977563" lon="4.816120612">
			<ele>20.2</ele>
		</trkpt>
		<trkpt lat="43.96319461" lon="4.815203547">
			<ele>19.1</ele>
		</trkpt>
		<trkpt lat="43.962744334" lon="4.814599212">
			<ele>17.3</ele>
		</trkpt>
		<trkpt lat="43.962039332" lon="4.813859342">
			<ele>18.5</ele>
		</trkpt>
		<trkpt lat="43.961361823" lon="4.813422058">
			<ele>18.8</ele>
		</trkpt>
		<trkpt lat="43.960747178" lon="4.812616138">
			<ele>20.9</ele>
		</trkpt>
		<trkpt lat="43.959373887" lon="4.809329761">
			<ele>16.5</ele>
		</trkpt>
		<trkpt lat="43.959106253" lon="4.809116945">
			<ele>20</ele>
		</trkpt>
		<trkpt lat="43.958871476" lon="4.808995491">
			<ele>21.3</ele>
		</trkpt>
		<trkpt lat="43.958648349" lon="4.808788877">
			<ele>21.7</ele>
		</trkpt>
		<trkpt lat="43.958388846" lon="4.808400543">
			<ele>21.4</ele>
		</trkpt>
		<trkpt lat="43.958194385" lon="4.80760091">
			<ele>20.3</ele>
		</trkpt>
		<trkpt lat="43.958107633" lon="4.806828434">
			<ele>21.7</ele>
		</trkpt>
		<trkpt lat="43.958077374" lon="4.806167101">
			<ele>18.9</ele>
		</trkpt>
		<trkpt lat="43.958042924" lon="4.806127036">
			<ele>18.9</ele>
		</trkpt>
		<trkpt lat="43.957983413" lon="4.805727052">
			<ele>21.4</ele>
		</trkpt>
		<trkpt lat="43.957351334" lon="4.803683041">
			<ele>18.9</ele>
		</trkpt>
		<trkpt lat="43.956361766" lon="4.800844258">
			<ele>21.7</ele>
		</trkpt>
		<trkpt lat="43.954278109" lon="4.797322266">
			<ele>20.5</ele>
		</trkpt>
		<trkpt lat="43.954206192" lon="4.797246493">
			<ele>20.5</ele>
		</trkpt>
		<trkpt lat="43.953576041" lon="4.797111377">
			<ele>20.9</ele>
		</trkpt>
		<trkpt lat="43.952482118" lon="4.796967879">
			<ele>22.2</ele>
		</trkpt>
	</trkseg>
</trk>
<trk>
	<name>25: Avignon – Beaucaire (Developed + Signed)</name>
	<desc>Developed + Signed</desc>
	<trkseg>
		<trkpt lat="43.952482118" lon="4.796967879">
			<ele>22.2</ele>
		</trkpt>
		<trkpt lat="43.952639531" lon="4.796462283">
			<ele>21.6</ele>
		</trkpt>
		<trkpt lat="43.952620085" lon="4.796242509">
			<ele>21.5</ele>
		</trkpt>
		<trkpt lat="43.952656378" lon="4.79609021">
			<ele>21.5</ele>
		</trkpt>
		<trkpt lat="43.952846815" lon="4.795525186">
			<ele>21.8</ele>
		</trkpt>
		<trkpt lat="43.954101837" lon="4.792275438">
			<ele>16.2</ele>
		</trkpt>
		<trkpt lat="43.954195882" lon="4.792045271">
			<ele>20</ele>
		</trkpt>
		<trkpt lat="43.954291855" lon="4.792038649">
			<ele>20</ele>
		</trkpt>
		<trkpt lat="43.954439209" lon="4.791941">
			<ele>24</ele>
		</trkpt>
		<trkpt lat="43.954504169" lon="4.791995566">
			<ele>23.4</ele>
		</trkpt>
		<trkpt lat="43.954439125" lon="4.792189775">
			<ele>22.2</ele>
		</trkpt>
		<trkpt lat="43.954317671" lon="4.7924098">
			<ele>19.3</ele>
		</trkpt>
		<trkpt lat="43.95401081" lon="4.792134874">
			<ele>17.7</ele>
		</trkpt>
		<trkpt lat="43.953792713" lon="4.791796328">
			<ele>21.3</ele>
		</trkpt>
		<trkpt lat="43.953773854" lon="4.791607819">
			<ele>24.4</ele>
		</trkpt>
		<trkpt lat="43.953811153" lon="4.791526096">
			<ele>24.4</ele>
		</trkpt>
		<trkpt lat="43.953885333" lon="4.791503549">
			<ele>24.4</ele>
		</trkpt>
		<trkpt lat="43.954055569" lon="4.791594576">
			<ele>24.8</ele>
		</trkpt>
		<trkpt lat="43.954117595" lon="4.791463902">
			<ele>25.2</ele>
		</trkpt>
		<trkpt lat="43.954011648" lon="4.791352758">
			<ele>27.4</ele>
		</trkpt>
		<trkpt lat="43.954041488" lon="4.791234825">
			<ele>27.4</ele>
		</trkpt>
		<trkpt lat="43.953996812" lon="4.791161567">
			<ele>27.4</ele>
		</trkpt>
		<trkpt lat="43.954033022" lon="4.791021757">
			<ele>30.6</ele>
		</trkpt>
		<trkpt lat="43.95306508" lon="4.790632837">
			<ele>36.2</ele>
		</trkpt>
		<trkpt lat="43.952661575" lon="4.790514065">
			<ele>39.6</ele>
		</trkpt>
		<trkpt lat="43.952288245" lon="4.790486991">
			<ele>37.3</ele>
		</trkpt>
		<trkpt lat="43.952082888" lon="4.790298147">
			<ele>39.9</ele>
		</trkpt>
		<trkpt lat="43.951776697" lon="4.790227572">
			<ele>34.6</ele>
		</trkpt>
		<trkpt lat="43.950875894" lon="4.789591469">
			<ele>33.1</ele>
		</trkpt>
		<trkpt lat="43.950605662" lon="4.789324338">
			<ele>30.8</ele>
		</trkpt>
		<trkpt lat="43.950446489" lon="4.788999707">
			<ele>31</ele>
		</trkpt>
		<trkpt lat="43.950122697" lon="4.787317207">
			<ele>27.6</ele>
		</trkpt>
		<trkpt lat="43.950138538" lon="4.786345074">
			<ele>27.9</ele>
		</trkpt>
		<trkpt lat="43.950276085" lon="4.785300437">
			<ele>30.6</ele>
		</trkpt>
		<trkpt lat="43.949993783" lon="4.784454703">
			<ele>27.3</ele>
		</trkpt>
		<trkpt lat="43.949810387" lon="4.784051534">
			<ele>25</ele>
		</trkpt>
		<trkpt lat="43.949806866" lon="4.783579381">
			<ele>23.9</ele>
		</trkpt>
		<trkpt lat="43.950051199" lon="4.783435632">
			<ele>25.4</ele>
		</trkpt>
		<trkpt lat="43.949781302" lon="4.781829491">
			<ele>24.3</ele>
		</trkpt>
		<trkpt lat="43.949523474" lon="4.780788291">
			<ele>24.8</ele>
		</trkpt>
		<trkpt lat="43.949153497" lon="4.779925626">
			<ele>28.2</ele>
		</trkpt>
		<trkpt lat="43.948640189" lon="4.778962377">
			<ele>30.2</ele>
		</trkpt>
		<trkpt lat="43.948524854" lon="4.778639171">
			<ele>31.3</ele>
		</trkpt>
		<trkpt lat="43.948474395" lon="4.776965305">
			<ele>25.8</ele>
		</trkpt>
		<trkpt lat="43.948768935" lon="4.776442945">
			<ele>28.9</ele>
		</trkpt>
		<trkpt lat="43.948909081" lon="4.774603704">
			<ele>25.2</ele>
		</trkpt>
		<trkpt lat="43.94919549" lon="4.773198897">
			<ele>23.9</ele>
		</trkpt>
		<trkpt lat="43.949755988" lon="4.771132423">
			<ele>26.4</ele>
		</trkpt>
		<trkpt lat="43.949741823" lon="4.770614672">
			<ele>24.2</ele>
		</trkpt>
		<trkpt lat="43.949942653" lon="4.770454159">
			<ele>27.7</ele>
		</trkpt>
		<trkpt lat="43.950443304" lon="4.76937524">
			<ele>32.5</ele>
		</trkpt>
		<trkpt lat="43.950679255" lon="4.768363545">
			<ele>28.3</ele>
		</trkpt>
		<trkpt lat="43.95143723" lon="4.767031241">
			<ele>36.1</ele>
		</trkpt>
		<trkpt lat="43.951966464" lon="4.764873153">
			<ele>41.4</ele>
		</trkpt>
		<trkpt lat="43.951970822" lon="4.764600405">
			<ele>42</ele>
		</trkpt>
		<trkpt lat="43.951785247" lon="4.763818625">
			<ele>45.6</ele>
		</trkpt>
		<trkpt lat="43.951439158" lon="4.762864765">
			<ele>41</ele>
		</trkpt>
		<trkpt lat="43.951264731" lon="4.762084493">
			<ele>36.1</ele>
		</trkpt>
		<trkpt lat="43.950927108" lon="4.759839065">
			<ele>27.9</ele>
		</trkpt>
		<trkpt lat="43.950068885" lon="4.757852722">
			<ele>32.1</ele>
		</trkpt>
		<trkpt lat="43.948369538" lon="4.758324791">
			<ele>25.8</ele>
		</trkpt>
		<trkpt lat="43.947288104" lon="4.757938217">
			<ele>22.3</ele>
		</trkpt>
		<trkpt lat="43.946453937" lon="4.756736588">
			<ele>27.6</ele>
		</trkpt>
		<trkpt lat="43.945187013" lon="4.756436348">
			<ele>23.5</ele>
		</trkpt>
		<trkpt lat="43.94410558" lon="4.755792702">
			<ele>24.7</ele>
		</trkpt>
		<trkpt lat="43.943363865" lon="4.756093193">
			<ele>19.3</ele>
		</trkpt>
		<trkpt lat="43.942900346" lon="4.755191971">
			<ele>19.8</ele>
		</trkpt>
		<trkpt lat="43.9428695" lon="4.754505157">
			<ele>22.4</ele>
		</trkpt>
		<trkpt lat="43.941046269" lon="4.753089035">
			<ele>29.2</ele>
		</trkpt>
		<trkpt lat="43.938203379" lon="4.752917206">
			<ele>27.4</ele>
		</trkpt>
		<trkpt lat="43.93780155" lon="4.752230728">
			<ele>28.9</ele>
		</trkpt>
		<trkpt lat="43.936812737" lon="4.752788544">
			<ele>22.6</ele>
		</trkpt>
		<trkpt lat="43.936650715" lon="4.752985938">
			<ele>22.5</ele>
		</trkpt>
		<trkpt lat="43.936371346" lon="4.752105251">
			<ele>21.7</ele>
		</trkpt>
		<trkpt lat="43.935815626" lon="4.750646884">
			<ele>20.3</ele>
		</trkpt>
		<trkpt lat="43.934927899" lon="4.748671269">
			<ele>20</ele>
		</trkpt>
		<trkpt lat="43.934383913" lon="4.747624872">
			<ele>20.5</ele>
		</trkpt>
		<trkpt lat="43.933112295" lon="4.745505424">
			<ele>23.9</ele>
		</trkpt>
		<trkpt lat="43.932559089" lon="4.744709479">
			<ele>27.2</ele>
		</trkpt>
		<trkpt lat="43.932318025" lon="4.744565729">
			<ele>26.3</ele>
		</trkpt>
		<trkpt lat="43.93201284" lon="4.744450729">
			<ele>28</ele>
		</trkpt>
		<trkpt lat="43.931775549" lon="4.744284768">
			<ele>25.9</ele>
		</trkpt>
		<trkpt lat="43.93112176" lon="4.74361103">
			<ele>30.3</ele>
		</trkpt>
		<trkpt lat="43.930653463" lon="4.743267959">
			<ele>28.9</ele>
		</trkpt>
		<trkpt lat="43.928254311" lon="4.74062196">
			<ele>25.6</ele>
		</trkpt>
		<trkpt lat="43.928105197" lon="4.740404114">
			<ele>25.3</ele>
		</trkpt>
		<trkpt lat="43.927886765" lon="4.739926932">
			<ele>25.6</ele>
		</trkpt>
		<trkpt lat="43.927391897" lon="4.73910274">
			<ele>27</ele>
		</trkpt>
		<trkpt lat="43.927273796" lon="4.738816833">
			<ele>26.7</ele>
		</trkpt>
		<trkpt lat="43.927172878" lon="4.738748269">
			<ele>26.7</ele>
		</trkpt>
		<trkpt lat="43.92713407" lon="4.738679621">
			<ele>24.5</ele>
		</trkpt>
		<trkpt lat="43.927184026" lon="4.738513324">
			<ele>28.5</ele>
		</trkpt>
		<trkpt lat="43.927165334" lon="4.738390027">
			<ele>28.5</ele>
		</trkpt>
		<trkpt lat="43.927090568" lon="4.738256838">
			<ele>28.2</ele>
		</trkpt>
		<trkpt lat="43.926487071" lon="4.737495258">
			<ele>25.9</ele>
		</trkpt>
		<trkpt lat="43.92628339" lon="4.737296691">
			<ele>24</ele>
		</trkpt>
		<trkpt lat="43.924581696" lon="4.735234324">
			<ele>21.3</ele>
		</trkpt>
		<trkpt lat="43.92376949" lon="4.734116765">
			<ele>21.6</ele>
		</trkpt>
		<trkpt lat="43.922268626" lon="4.732343405">
			<ele>21.2</ele>
		</trkpt>
		<trkpt lat="43.921236563" lon="4.731282592">
			<ele>19.4</ele>
		</trkpt>
		<trkpt lat="43.920020768" lon="4.730250947">
			<ele>18.2</ele>
		</trkpt>
		<trkpt lat="43.917818758" lon="4.728708677">
			<ele>15.3</ele>
		</trkpt>
		<trkpt lat="43.917127418" lon="4.728335598">
			<ele>17</ele>
		</trkpt>
		<trkpt lat="43.915523457" lon="4.727294231">
			<ele>14.5</ele>
		</trkpt>
		<trkpt lat="43.914512935" lon="4.726564586">
			<ele>15.8</ele>
		</trkpt>
		<trkpt lat="43.912108251" lon="4.724936653">
			<ele>15.8</ele>
		</trkpt>
		<trkpt lat="43.911501737" lon="4.724451592">
			<ele>16.2</ele>
		</trkpt>
		<trkpt lat="43.910771337" lon="4.723774083">
			<ele>15.6</ele>
		</trkpt>
		<trkpt lat="43.909790068" lon="4.722679825">
			<ele>14.9</ele>
		</trkpt>
		<trkpt lat="43.909543808" lon="4.722340023">
			<ele>15.1</ele>
		</trkpt>
		<trkpt lat="43.908528508" lon="4.720650567">
			<ele>16.1</ele>
		</trkpt>
		<trkpt lat="43.907854016" lon="4.719366794">
			<ele>17.4</ele>
		</trkpt>
		<trkpt lat="43.907475406" lon="4.718541093">
			<ele>17.6</ele>
		</trkpt>
		<trkpt lat="43.90718623" lon="4.717796948">
			<ele>17.2</ele>
		</trkpt>
		<trkpt lat="43.903359556" lon="4.706860492">
			<ele>18.2</ele>
		</trkpt>
		<trkpt lat="43.90316937" lon="4.706443911">
			<ele>18.7</ele>
		</trkpt>
		<trkpt lat="43.902169326" lon="4.703731863">
			<ele>16.7</ele>
		</trkpt>
		<trkpt lat="43.901407913" lon="4.701911481">
			<ele>17.3</ele>
		</trkpt>
		<trkpt lat="43.901380253" lon="4.701502696">
			<ele>18</ele>
		</trkpt>
		<trkpt lat="43.901443956" lon="4.701185441">
			<ele>18.9</ele>
		</trkpt>
		<trkpt lat="43.901443201" lon="4.701022496">
			<ele>19.9</ele>
		</trkpt>
		<trkpt lat="43.901406405" lon="4.700855697">
			<ele>21</ele>
		</trkpt>
		<trkpt lat="43.901306576" lon="4.700685879">
			<ele>20</ele>
		</trkpt>
		<trkpt lat="43.901290734" lon="4.700437859">
			<ele>20.8</ele>
		</trkpt>
		<trkpt lat="43.90113919" lon="4.700195706">
			<ele>21.3</ele>
		</trkpt>
		<trkpt lat="43.901266008" lon="4.700048938">
			<ele>21.9</ele>
		</trkpt>
		<trkpt lat="43.901080684" lon="4.699696731">
			<ele>21.5</ele>
		</trkpt>
		<trkpt lat="43.901071129" lon="4.699549209">
			<ele>21.5</ele>
		</trkpt>
		<trkpt lat="43.901133574" lon="4.699488943">
			<ele>23.6</ele>
		</trkpt>
		<trkpt lat="43.901134244" lon="4.699295992">
			<ele>23.6</ele>
		</trkpt>
		<trkpt lat="43.901011869" lon="4.699256346">
			<ele>22.5</ele>
		</trkpt>
		<trkpt lat="43.900704169" lon="4.69866165">
			<ele>22.3</ele>
		</trkpt>
		<trkpt lat="43.90031265" lon="4.698395524">
			<ele>20.2</ele>
		</trkpt>
		<trkpt lat="43.900050045" lon="4.697743664">
			<ele>19.1</ele>
		</trkpt>
		<trkpt lat="43.899632626" lon="4.697336722">
			<ele>18.3</ele>
		</trkpt>
		<trkpt lat="43.899313192" lon="4.696561312">
			<ele>18</ele>
		</trkpt>
		<trkpt lat="43.899519387" lon="4.696254032">
			<ele>19.7</ele>
		</trkpt>
		<trkpt lat="43.89882612" lon="4.694968583">
			<ele>20.4</ele>
		</trkpt>
		<trkpt lat="43.897523069" lon="4.691877924">
			<ele>17.7</ele>
		</trkpt>
		<trkpt lat="43.896679263" lon="4.690013621">
			<ele>18.4</ele>
		</trkpt>
		<trkpt lat="43.896328229" lon="4.690304222">
			<ele>16.5</ele>
		</trkpt>
		<trkpt lat="43.896073251" lon="4.690348143">
			<ele>16.3</ele>
		</trkpt>
		<trkpt lat="43.895132466" lon="4.691279037">
			<ele>15.4</ele>
		</trkpt>
		<trkpt lat="43.89500305" lon="4.691234613">
			<ele>15.3</ele>
		</trkpt>
		<trkpt lat="43.893129275" lon="4.689499475">
			<ele>15.3</ele>
		</trkpt>
		<trkpt lat="43.889762181" lon="4.686870156">
			<ele>15</ele>
		</trkpt>
		<trkpt lat="43.890895079" lon="4.684165148">
			<ele>15.4</ele>
		</trkpt>
		<trkpt lat="43.890399625" lon="4.683777653">
			<ele>16.4</ele>
		</trkpt>
		<trkpt lat="43.890077927" lon="4.683371382">
			<ele>16.5</ele>
		</trkpt>
		<trkpt lat="43.889918839" lon="4.683052702">
			<ele>17</ele>
		</trkpt>
		<trkpt lat="43.889159019" lon="4.680330092">
			<ele>15.7</ele>
		</trkpt>
		<trkpt lat="43.889209646" lon="4.680282483">
			<ele>15.7</ele>
		</trkpt>
		<trkpt lat="43.889219201" lon="4.680221714">
			<ele>15.7</ele>
		</trkpt>
		<trkpt lat="43.890011375" lon="4.680171255">
			<ele>16.7</ele>
		</trkpt>
		<trkpt lat="43.890375317" lon="4.680170752">
			<ele>17.1</ele>
		</trkpt>
		<trkpt lat="43.891155002" lon="4.680324476">
			<ele>17.5</ele>
		</trkpt>
		<trkpt lat="43.890977222" lon="4.678761084">
			<ele>13</ele>
		</trkpt>
		<trkpt lat="43.890844536" lon="4.678094387">
			<ele>12</ele>
		</trkpt>
		<trkpt lat="43.88980518" lon="4.676506352">
			<ele>12.7</ele>
		</trkpt>
		<trkpt lat="43.889867122" lon="4.674575496">
			<ele>12.4</ele>
		</trkpt>
		<trkpt lat="43.889867039" lon="4.672579682">
			<ele>12.3</ele>
		</trkpt>
		<trkpt lat="43.89020726" lon="4.670305168">
			<ele>11.8</ele>
		</trkpt>
		<trkpt lat="43.890408342" lon="4.66704377">
			<ele>11.1</ele>
		</trkpt>
		<trkpt lat="43.890702211" lon="4.663438965">
			<ele>12.1</ele>
		</trkpt>
		<trkpt lat="43.891305206" lon="4.66099279">
			<ele>12.4</ele>
		</trkpt>
		<trkpt lat="43.891336135" lon="4.658868229">
			<ele>11.5</ele>
		</trkpt>
		<trkpt lat="43.891073362" lon="4.657023037">
			<ele>11.1</ele>
		</trkpt>
		<trkpt lat="43.891336219" lon="4.65225935">
			<ele>12.1</ele>
		</trkpt>
		<trkpt lat="43.891599075" lon="4.649104904">
			<ele>11.1</ele>
		</trkpt>
		<trkpt lat="43.890594001" lon="4.645071113">
			<ele>11</ele>
		</trkpt>
		<trkpt lat="43.890269118" lon="4.642946888">
			<ele>10.6</ele>
		</trkpt>
		<trkpt lat="43.890037191" lon="4.641830837">
			<ele>9.6</ele>
		</trkpt>
		<trkpt lat="43.889681463" lon="4.640693665">
			<ele>9.4</ele>
		</trkpt>
		<trkpt lat="43.889789757" lon="4.639255917">
			<ele>10.5</ele>
		</trkpt>
		<trkpt lat="43.889588759" lon="4.636573624">
			<ele>10.3</ele>
		</trkpt>
		<trkpt lat="43.889264044" lon="4.633569717">
			<ele>11.6</ele>
		</trkpt>
		<trkpt lat="43.888954752" lon="4.631273914">
			<ele>11.4</ele>
		</trkpt>
		<trkpt lat="43.889465126" lon="4.630372524">
			<ele>12.2</ele>
		</trkpt>
		<trkpt lat="43.890949561" lon="4.629063606">
			<ele>10.8</ele>
		</trkpt>
		<trkpt lat="43.893160875" lon="4.627239788">
			<ele>10.3</ele>
		</trkpt>
		<trkpt lat="43.893300015" lon="4.62552309">
			<ele>13.2</ele>
		</trkpt>
		<trkpt lat="43.891985648" lon="4.625823582">
			<ele>11.8</ele>
		</trkpt>
		<trkpt lat="43.890547565" lon="4.626531685">
			<ele>10.4</ele>
		</trkpt>
		<trkpt lat="43.88944962" lon="4.626638889">
			<ele>10.3</ele>
		</trkpt>
		<trkpt lat="43.886681412" lon="4.628226757">
			<ele>10.6</ele>
		</trkpt>
		<trkpt lat="43.879613624" lon="4.628526997">
			<ele>11.5</ele>
		</trkpt>
		<trkpt lat="43.876148964" lon="4.626252651">
			<ele>12.1</ele>
		</trkpt>
		<trkpt lat="43.873039865" lon="4.624278629">
			<ele>11.7</ele>
		</trkpt>
		<trkpt lat="43.87245221" lon="4.623506069">
			<ele>11.7</ele>
		</trkpt>
		<trkpt lat="43.870858894" lon="4.622711968">
			<ele>12.2</ele>
		</trkpt>
		<trkpt lat="43.870286578" lon="4.622905087">
			<ele>12.8</ele>
		</trkpt>
		<trkpt lat="43.869528518" lon="4.621317387">
			<ele>12.4</ele>
		</trkpt>
		<trkpt lat="43.868368295" lon="4.620137047">
			<ele>11.2</ele>
		</trkpt>
		<trkpt lat="43.868693178" lon="4.619171703">
			<ele>11.5</ele>
		</trkpt>
		<trkpt lat="43.869064496" lon="4.618935501">
			<ele>12.3</ele>
		</trkpt>
		<trkpt lat="43.8691572" lon="4.618527889">
			<ele>12.9</ele>
		</trkpt>
		<trkpt lat="43.869776036" lon="4.613893116">
			<ele>13.7</ele>
		</trkpt>
		<trkpt lat="43.870054399" lon="4.613335133">
			<ele>13.7</ele>
		</trkpt>
		<trkpt lat="43.870394788" lon="4.611318279">
			<ele>12.4</ele>
		</trkpt>
		<trkpt lat="43.871075315" lon="4.610588718">
			<ele>12.1</ele>
		</trkpt>
		<trkpt lat="43.871137257" lon="4.608550156">
			<ele>12.8</ele>
		</trkpt>
		<trkpt lat="43.871271367" lon="4.607676426">
			<ele>13.1</ele>
		</trkpt>
		<trkpt lat="43.868089848" lon="4.603357147">
			<ele>11.9</ele>
		</trkpt>
		<trkpt lat="43.867393647" lon="4.601898026">
			<ele>12</ele>
		</trkpt>
		<trkpt lat="43.867440083" lon="4.600138748">
			<ele>11.5</ele>
		</trkpt>
		<trkpt lat="43.867857753" lon="4.598228931">
			<ele>11.3</ele>
		</trkpt>
		<trkpt lat="43.868198059" lon="4.596147537">
			<ele>11.3</ele>
		</trkpt>
		<trkpt lat="43.870348352" lon="4.593679905">
			<ele>12.7</ele>
		</trkpt>
		<trkpt lat="43.871137341" lon="4.592692936">
			<ele>13.3</ele>
		</trkpt>
		<trkpt lat="43.871802445" lon="4.591555512">
			<ele>13.1</ele>
		</trkpt>
		<trkpt lat="43.872993513" lon="4.591427017">
			<ele>13.5</ele>
		</trkpt>
		<trkpt lat="43.873307499" lon="4.590804074">
			<ele>15.6</ele>
		</trkpt>
		<trkpt lat="43.872220031" lon="4.590525711">
			<ele>14.2</ele>
		</trkpt>
		<trkpt lat="43.871647799" lon="4.589388454">
			<ele>10.4</ele>
		</trkpt>
		<trkpt lat="43.870998033" lon="4.587585758">
			<ele>15.9</ele>
		</trkpt>
		<trkpt lat="43.869188213" lon="4.587542927">
			<ele>14.9</ele>
		</trkpt>
		<trkpt lat="43.86771853" lon="4.587006401">
			<ele>14.7</ele>
		</trkpt>
		<trkpt lat="43.867177227" lon="4.586083973">
			<ele>14.2</ele>
		</trkpt>
		<trkpt lat="43.866620249" lon="4.584410274">
			<ele>14.9</ele>
		</trkpt>
		<trkpt lat="43.865382577" lon="4.582157051">
			<ele>17.9</ele>
		</trkpt>
		<trkpt lat="43.864339114" lon="4.581252895">
			<ele>21.6</ele>
		</trkpt>
		<trkpt lat="43.858853745" lon="4.586448502">
			<ele>20.3</ele>
		</trkpt>
		<trkpt lat="43.858900265" lon="4.586920822">
			<ele>18.7</ele>
		</trkpt>
		<trkpt lat="43.858853829" lon="4.58758601">
			<ele>17.2</ele>
		</trkpt>
		<trkpt lat="43.857832662" lon="4.587693131">
			<ele>18.1</ele>
		</trkpt>
		<trkpt lat="43.857182729" lon="4.588208282">
			<ele>18.1</ele>
		</trkpt>
		<trkpt lat="43.854134566" lon="4.590976322">
			<ele>17.1</ele>
		</trkpt>
		<trkpt lat="43.85260269" lon="4.592456901">
			<ele>17.6</ele>
		</trkpt>
		<trkpt lat="43.851597029" lon="4.593250835">
			<ele>19.2</ele>
		</trkpt>
		<trkpt lat="43.850699411" lon="4.594516922">
			<ele>20.7</ele>
		</trkpt>
		<trkpt lat="43.850188785" lon="4.595439602">
			<ele>23.9</ele>
		</trkpt>
		<trkpt lat="43.849554443" lon="4.597928524">
			<ele>18.1</ele>
		</trkpt>
		<trkpt lat="43.84916745" lon="4.60106126">
			<ele>17.8</ele>
		</trkpt>
		<trkpt lat="43.848873413" lon="4.602906704">
			<ele>16.6</ele>
		</trkpt>
		<trkpt lat="43.848687754" lon="4.603722012">
			<ele>16.9</ele>
		</trkpt>
		<trkpt lat="43.847805726" lon="4.605202759">
			<ele>17.1</ele>
		</trkpt>
		<trkpt lat="43.846134375" lon="4.606704628">
			<ele>20.8</ele>
		</trkpt>
		<trkpt lat="43.844849932" lon="4.607927715">
			<ele>15.8</ele>
		</trkpt>
		<trkpt lat="43.844478446" lon="4.608893227">
			<ele>17.7</ele>
		</trkpt>
		<trkpt lat="43.844045186" lon="4.610953247">
			<ele>20.7</ele>
		</trkpt>
		<trkpt lat="43.84336424" lon="4.613013268">
			<ele>23.8</ele>
		</trkpt>
		<trkpt lat="43.841971419" lon="4.616854358">
			<ele>20.4</ele>
		</trkpt>
		<trkpt lat="43.841414274" lon="4.618077194">
			<ele>23.3</ele>
		</trkpt>
		<trkpt lat="43.840516572" lon="4.618914295">
			<ele>29.6</ele>
		</trkpt>
		<trkpt lat="43.838968937" lon="4.619450569">
			<ele>27.8</ele>
		</trkpt>
		<trkpt lat="43.838195036" lon="4.619493568">
			<ele>23.1</ele>
		</trkpt>
		<trkpt lat="43.837421135" lon="4.61927874">
			<ele>21.3</ele>
		</trkpt>
		<trkpt lat="43.835765039" lon="4.618012737">
			<ele>23.5</ele>
		</trkpt>
		<trkpt lat="43.833597981" lon="4.617562294">
			<ele>24.1</ele>
		</trkpt>
		<trkpt lat="43.832220416" lon="4.617347633">
			<ele>21.8</ele>
		</trkpt>
		<trkpt lat="43.831570315" lon="4.617454922">
			<ele>21.8</ele>
		</trkpt>
		<trkpt lat="43.830889286" lon="4.617798245">
			<ele>22</ele>
		</trkpt>
		<trkpt lat="43.829403258" lon="4.619622231">
			<ele>20.2</ele>
		</trkpt>
		<trkpt lat="43.828195845" lon="4.620673824">
			<ele>21.5</ele>
		</trkpt>
		<trkpt lat="43.827514648" lon="4.621575046">
			<ele>18.8</ele>
		</trkpt>
		<trkpt lat="43.827158668" lon="4.622497391">
			<ele>17.3</ele>
		</trkpt>
		<trkpt lat="43.826725156" lon="4.624085594">
			<ele>18.4</ele>
		</trkpt>
		<trkpt lat="43.826245292" lon="4.625265431">
			<ele>18.7</ele>
		</trkpt>
		<trkpt lat="43.825362845" lon="4.626317108">
			<ele>20.3</ele>
		</trkpt>
		<trkpt lat="43.822390539" lon="4.627561402">
			<ele>18.9</ele>
		</trkpt>
		<trkpt lat="43.820519698" lon="4.628089713">
			<ele>24.4</ele>
		</trkpt>
		<trkpt lat="43.820486925" lon="4.628404789">
			<ele>19.7</ele>
		</trkpt>
		<trkpt lat="43.820544425" lon="4.628840731">
			<ele>17.5</ele>
		</trkpt>
		<trkpt lat="43.820479297" lon="4.62930534">
			<ele>12.1</ele>
		</trkpt>
		<trkpt lat="43.820000188" lon="4.630602608">
			<ele>11.1</ele>
		</trkpt>
		<trkpt lat="43.819292168" lon="4.63326009">
			<ele>13.2</ele>
		</trkpt>
		<trkpt lat="43.818834433" lon="4.634658191">
			<ele>13.6</ele>
		</trkpt>
		<trkpt lat="43.818161449" lon="4.637033204">
			<ele>16.5</ele>
		</trkpt>
		<trkpt lat="43.818092383" lon="4.637404438">
			<ele>17.8</ele>
		</trkpt>
		<trkpt lat="43.818047959" lon="4.638035093">
			<ele>15.5</ele>
		</trkpt>
		<trkpt lat="43.817852157" lon="4.63856156">
			<ele>15.1</ele>
		</trkpt>
		<trkpt lat="43.817017571" lon="4.63977769">
			<ele>14</ele>
		</trkpt>
		<trkpt lat="43.816181979" lon="4.640481099">
			<ele>16.5</ele>
		</trkpt>
		<trkpt lat="43.816084833" lon="4.641455496">
			<ele>11.5</ele>
		</trkpt>
		<trkpt lat="43.815870843" lon="4.641756155">
			<ele>10.9</ele>
		</trkpt>
		<trkpt lat="43.813937976" lon="4.642419247">
			<ele>15.6</ele>
		</trkpt>
		<trkpt lat="43.812672225" lon="4.643031377">
			<ele>14.4</ele>
		</trkpt>
		<trkpt lat="43.814423037" lon="4.645605711">
			<ele>11.8</ele>
		</trkpt>
		<trkpt lat="43.813414526" lon="4.646732993">
			<ele>9.8</ele>
		</trkpt>
		<trkpt lat="43.813291983" lon="4.646761492">
			<ele>9.8</ele>
		</trkpt>
		<trkpt lat="43.813081178" lon="4.646711033">
			<ele>11.6</ele>
		</trkpt>
		<trkpt lat="43.812974476" lon="4.64687054">
			<ele>11.6</ele>
		</trkpt>
		<trkpt lat="43.812841875" lon="4.646959053">
			<ele>12.2</ele>
		</trkpt>
		<trkpt lat="43.811529855" lon="4.647262814">
			<ele>14.2</ele>
		</trkpt>
		<trkpt lat="43.810174166" lon="4.647308914">
			<ele>13.2</ele>
		</trkpt>
		<trkpt lat="43.808580515" lon="4.647262981">
			<ele>13.2</ele>
		</trkpt>
		<trkpt lat="43.808566936" lon="4.646616485">
			<ele>19.6</ele>
		</trkpt>
		<trkpt lat="43.808364178" lon="4.646672308">
			<ele>19.6</ele>
		</trkpt>
		<trkpt lat="43.808247837" lon="4.646771718">
			<ele>17.2</ele>
		</trkpt>
		<trkpt lat="43.807481145" lon="4.647674784">
			<ele>12.9</ele>
		</trkpt>
		<trkpt lat="43.807291127" lon="4.647825072">
			<ele>12</ele>
		</trkpt>
		<trkpt lat="43.80586151" lon="4.648424042">
			<ele>11</ele>
		</trkpt>
		<trkpt lat="43.805066989" lon="4.648700897">
			<ele>9.2</ele>
		</trkpt>
	</trkseg>
</trk>
<trk>
	<name>26: Beaucaire – Arles (Developed + Signed)</name>
	<desc>Developed + Signed</desc>
	<trkseg>
		<trkpt lat="43.805066989" lon="4.648700897">
			<ele>9.2</ele>
		</trkpt>
		<trkpt lat="43.805643664" lon="4.644458145">
			<ele>8.7</ele>
		</trkpt>
		<trkpt lat="43.805692027" lon="4.644350857">
			<ele>8.7</ele>
		</trkpt>
		<trkpt lat="43.806059071" lon="4.641902084">
			<ele>8.8</ele>
		</trkpt>
		<trkpt lat="43.806027136" lon="4.641769063">
			<ele>8.7</ele>
		</trkpt>
		<trkpt lat="43.806432149" lon="4.638875043">
			<ele>8.1</ele>
		</trkpt>
		<trkpt lat="43.806511945" lon="4.638520237">
			<ele>7.9</ele>
		</trkpt>
		<trkpt lat="43.806480932" lon="4.638259392">
			<ele>7.4</ele>
		</trkpt>
		<trkpt lat="43.806337183" lon="4.638084797">
			<ele>7.1</ele>
		</trkpt>
		<trkpt lat="43.806109027" lon="4.638048252">
			<ele>6.6</ele>
		</trkpt>
		<trkpt lat="43.806009953" lon="4.63808924">
			<ele>7.4</ele>
		</trkpt>
		<trkpt lat="43.805599324" lon="4.63809737">
			<ele>7.8</ele>
		</trkpt>
		<trkpt lat="43.805779367" lon="4.638246987">
			<ele>7.6</ele>
		</trkpt>
		<trkpt lat="43.80584902" lon="4.638350839">
			<ele>7.9</ele>
		</trkpt>
		<trkpt lat="43.805885649" lon="4.638533313">
			<ele>7.9</ele>
		</trkpt>
		<trkpt lat="43.805886823" lon="4.638756523">
			<ele>7.8</ele>
		</trkpt>
		<trkpt lat="43.80539338" lon="4.642210621">
			<ele>7.2</ele>
		</trkpt>
		<trkpt lat="43.805111245" lon="4.64214935">
			<ele>7.9</ele>
		</trkpt>
		<trkpt lat="43.804104998" lon="4.641586505">
			<ele>8.1</ele>
		</trkpt>
		<trkpt lat="43.803106881" lon="4.641510816">
			<ele>9.1</ele>
		</trkpt>
		<trkpt lat="43.802316551" lon="4.641398499">
			<ele>8.2</ele>
		</trkpt>
		<trkpt lat="43.80069876" lon="4.641495645">
			<ele>7.4</ele>
		</trkpt>
		<trkpt lat="43.799828802" lon="4.641483994">
			<ele>7.9</ele>
		</trkpt>
		<trkpt lat="43.800153433" lon="4.643362127">
			<ele>8.1</ele>
		</trkpt>
		<trkpt lat="43.801359589" lon="4.64447801">
			<ele>8.3</ele>
		</trkpt>
		<trkpt lat="43.801352632" lon="4.644617904">
			<ele>8.3</ele>
		</trkpt>
		<trkpt lat="43.800928257" lon="4.64519307">
			<ele>7.9</ele>
		</trkpt>
		<trkpt lat="43.800809485" lon="4.64552843">
			<ele>8.1</ele>
		</trkpt>
		<trkpt lat="43.80068141" lon="4.645610154">
			<ele>8.1</ele>
		</trkpt>
		<trkpt lat="43.800455517" lon="4.645612165">
			<ele>7.9</ele>
		</trkpt>
		<trkpt lat="43.799724364" lon="4.646295961">
			<ele>8.1</ele>
		</trkpt>
		<trkpt lat="43.800083696" lon="4.646703824">
			<ele>8.6</ele>
		</trkpt>
		<trkpt lat="43.798926155" lon="4.647076651">
			<ele>9.5</ele>
		</trkpt>
		<trkpt lat="43.798715602" lon="4.647238674">
			<ele>9.9</ele>
		</trkpt>
		<trkpt lat="43.797607347" lon="4.646937596">
			<ele>9.9</ele>
		</trkpt>
		<trkpt lat="43.796198432" lon="4.646669207">
			<ele>10</ele>
		</trkpt>
		<trkpt lat="43.79597254" lon="4.64670944">
			<ele>10.6</ele>
		</trkpt>
		<trkpt lat="43.795710354" lon="4.646667112">
			<ele>11.1</ele>
		</trkpt>
		<trkpt lat="43.792795044" lon="4.647375885">
			<ele>10.3</ele>
		</trkpt>
		<trkpt lat="43.792362706" lon="4.647551654">
			<ele>9.3</ele>
		</trkpt>
		<trkpt lat="43.791463412" lon="4.647697667">
			<ele>8.9</ele>
		</trkpt>
		<trkpt lat="43.790436964" lon="4.647836471">
			<ele>8.4</ele>
		</trkpt>
		<trkpt lat="43.789768842" lon="4.647586439">
			<ele>8.6</ele>
		</trkpt>
		<trkpt lat="43.78815147" lon="4.647514354">
			<ele>10.5</ele>
		</trkpt>
		<trkpt lat="43.788038817" lon="4.647547044">
			<ele>10.5</ele>
		</trkpt>
		<trkpt lat="43.787802615" lon="4.647798082">
			<ele>11.3</ele>
		</trkpt>
		<trkpt lat="43.787510422" lon="4.647976952">
			<ele>12.2</ele>
		</trkpt>
		<trkpt lat="43.786972723" lon="4.647888439">
			<ele>12.5</ele>
		</trkpt>
		<trkpt lat="43.786886725" lon="4.647815851">
			<ele>12.5</ele>
		</trkpt>
		<trkpt lat="43.78689167" lon="4.647308411">
			<ele>12.5</ele>
		</trkpt>
		<trkpt lat="43.786996109" lon="4.646395873">
			<ele>11.6</ele>
		</trkpt>
		<trkpt lat="43.786924779" lon="4.645979544">
			<ele>11.5</ele>
		</trkpt>
		<trkpt lat="43.786833332" lon="4.645830346">
			<ele>11.5</ele>
		</trkpt>
		<trkpt lat="43.785970164" lon="4.645440336">
			<ele>12.1</ele>
		</trkpt>
		<trkpt lat="43.783330032" lon="4.644134603">
			<ele>10.4</ele>
		</trkpt>
		<trkpt lat="43.783117299" lon="4.643976269">
			<ele>10.1</ele>
		</trkpt>
		<trkpt lat="43.783105816" lon="4.64388717">
			<ele>10.1</ele>
		</trkpt>
		<trkpt lat="43.783752983" lon="4.642213555">
			<ele>11.2</ele>
		</trkpt>
		<trkpt lat="43.783739152" lon="4.642063854">
			<ele>11.3</ele>
		</trkpt>
		<trkpt lat="43.783037839" lon="4.641718939">
			<ele>10.8</ele>
		</trkpt>
		<trkpt lat="43.78273039" lon="4.641513079">
			<ele>10.2</ele>
		</trkpt>
		<trkpt lat="43.782074674" lon="4.640801037">
			<ele>10.3</ele>
		</trkpt>
		<trkpt lat="43.77952624" lon="4.637845829">
			<ele>10</ele>
		</trkpt>
		<trkpt lat="43.777423221" lon="4.635486407">
			<ele>8.1</ele>
		</trkpt>
		<trkpt lat="43.777261115" lon="4.635445839">
			<ele>8.2</ele>
		</trkpt>
		<trkpt lat="43.77710848" lon="4.6355139">
			<ele>8.2</ele>
		</trkpt>
		<trkpt lat="43.776549407" lon="4.636394838">
			<ele>8.6</ele>
		</trkpt>
		<trkpt lat="43.776459805" lon="4.636408836">
			<ele>8.5</ele>
		</trkpt>
		<trkpt lat="43.775527402" lon="4.636121839">
			<ele>8.3</ele>
		</trkpt>
		<trkpt lat="43.773102601" lon="4.633050459">
			<ele>10.7</ele>
		</trkpt>
		<trkpt lat="43.773098075" lon="4.632993294">
			<ele>10.7</ele>
		</trkpt>
		<trkpt lat="43.773270491" lon="4.632611079">
			<ele>10.8</ele>
		</trkpt>
		<trkpt lat="43.773765945" lon="4.631055063">
			<ele>10.4</ele>
		</trkpt>
		<trkpt lat="43.773777009" lon="4.630985912">
			<ele>10.4</ele>
		</trkpt>
		<trkpt lat="43.773734345" lon="4.6308544">
			<ele>10.4</ele>
		</trkpt>
		<trkpt lat="43.770117554" lon="4.626931418">
			<ele>9.1</ele>
		</trkpt>
		<trkpt lat="43.769568875" lon="4.626434539">
			<ele>9.5</ele>
		</trkpt>
		<trkpt lat="43.769484385" lon="4.626476783">
			<ele>9.6</ele>
		</trkpt>
		<trkpt lat="43.76862239" lon="4.62817722">
			<ele>10.3</ele>
		</trkpt>
		<trkpt lat="43.768327263" lon="4.628677201">
			<ele>10.7</ele>
		</trkpt>
		<trkpt lat="43.768223076" lon="4.628199432">
			<ele>10.6</ele>
		</trkpt>
		<trkpt lat="43.768210755" lon="4.627995668">
			<ele>10.5</ele>
		</trkpt>
		<trkpt lat="43.768332376" lon="4.627461154">
			<ele>10.5</ele>
		</trkpt>
		<trkpt lat="43.768337573" lon="4.627113892">
			<ele>10.5</ele>
		</trkpt>
		<trkpt lat="43.768303542" lon="4.626718936">
			<ele>10</ele>
		</trkpt>
		<trkpt lat="43.768265992" lon="4.626679458">
			<ele>10</ele>
		</trkpt>
		<trkpt lat="43.768403371" lon="4.626534116">
			<ele>9.8</ele>
		</trkpt>
		<trkpt lat="43.767159916" lon="4.624658916">
			<ele>7.4</ele>
		</trkpt>
		<trkpt lat="43.766761943" lon="4.624374351">
			<ele>7.4</ele>
		</trkpt>
		<trkpt lat="43.765597361" lon="4.623427782">
			<ele>8</ele>
		</trkpt>
		<trkpt lat="43.764878864" lon="4.622438382">
			<ele>5.8</ele>
		</trkpt>
		<trkpt lat="43.76444552" lon="4.622041918">
			<ele>6.3</ele>
		</trkpt>
		<trkpt lat="43.764060036" lon="4.621335156">
			<ele>5.8</ele>
		</trkpt>
		<trkpt lat="43.763799527" lon="4.620960737">
			<ele>5.8</ele>
		</trkpt>
		<trkpt lat="43.76364069" lon="4.620828135">
			<ele>6.1</ele>
		</trkpt>
		<trkpt lat="43.763219499" lon="4.620649768">
			<ele>6.4</ele>
		</trkpt>
		<trkpt lat="43.762943734" lon="4.62047115">
			<ele>6.6</ele>
		</trkpt>
		<trkpt lat="43.762588007" lon="4.6200513">
			<ele>6.9</ele>
		</trkpt>
		<trkpt lat="43.762181233" lon="4.619736727">
			<ele>6.2</ele>
		</trkpt>
		<trkpt lat="43.761947713" lon="4.619627679">
			<ele>6.2</ele>
		</trkpt>
		<trkpt lat="43.761546555" lon="4.619560875">
			<ele>6.2</ele>
		</trkpt>
		<trkpt lat="43.76011568" lon="4.618005026">
			<ele>5.5</ele>
		</trkpt>
		<trkpt lat="43.75931655" lon="4.617026355">
			<ele>5.1</ele>
		</trkpt>
		<trkpt lat="43.758305608" lon="4.61614416">
			<ele>6.2</ele>
		</trkpt>
		<trkpt lat="43.757687694" lon="4.61567427">
			<ele>5.3</ele>
		</trkpt>
		<trkpt lat="43.757327859" lon="4.615531778">
			<ele>5.6</ele>
		</trkpt>
		<trkpt lat="43.756726542" lon="4.615194742">
			<ele>5.6</ele>
		</trkpt>
		<trkpt lat="43.755805622" lon="4.614916882">
			<ele>5.4</ele>
		</trkpt>
		<trkpt lat="43.753525577" lon="4.614084307">
			<ele>4.4</ele>
		</trkpt>
		<trkpt lat="43.752735918" lon="4.614134599">
			<ele>5.8</ele>
		</trkpt>
		<trkpt lat="43.751212674" lon="4.613801418">
			<ele>4.9</ele>
		</trkpt>
		<trkpt lat="43.750499793" lon="4.613892278">
			<ele>5.2</ele>
		</trkpt>
		<trkpt lat="43.747917497" lon="4.613623219">
			<ele>7.2</ele>
		</trkpt>
		<trkpt lat="43.747440734" lon="4.613643922">
			<ele>8.1</ele>
		</trkpt>
		<trkpt lat="43.746760626" lon="4.613611903">
			<ele>7.5</ele>
		</trkpt>
		<trkpt lat="43.745541143" lon="4.613654315">
			<ele>6.1</ele>
		</trkpt>
		<trkpt lat="43.744199871" lon="4.613561025">
			<ele>3.7</ele>
		</trkpt>
		<trkpt lat="43.742959685" lon="4.613534622">
			<ele>3.7</ele>
		</trkpt>
		<trkpt lat="43.739347252" lon="4.613348544">
			<ele>5.6</ele>
		</trkpt>
		<trkpt lat="43.739015664" lon="4.613212505">
			<ele>6.7</ele>
		</trkpt>
		<trkpt lat="43.738716095" lon="4.613154586">
			<ele>7.5</ele>
		</trkpt>
		<trkpt lat="43.738306471" lon="4.613006478">
			<ele>8.1</ele>
		</trkpt>
		<trkpt lat="43.733048168" lon="4.610784519">
			<ele>7.4</ele>
		</trkpt>
		<trkpt lat="43.727625747" lon="4.60887068">
			<ele>6.7</ele>
		</trkpt>
		<trkpt lat="43.72661028" lon="4.6082961">
			<ele>7.5</ele>
		</trkpt>
		<trkpt lat="43.725641499" lon="4.607906258">
			<ele>6.8</ele>
		</trkpt>
		<trkpt lat="43.725133891" lon="4.607508117">
			<ele>5.9</ele>
		</trkpt>
		<trkpt lat="43.724990309" lon="4.607452629">
			<ele>6.1</ele>
		</trkpt>
		<trkpt lat="43.724937839" lon="4.607117353">
			<ele>6</ele>
		</trkpt>
		<trkpt lat="43.724914621" lon="4.607098494">
			<ele>6.1</ele>
		</trkpt>
		<trkpt lat="43.724233256" lon="4.607098661">
			<ele>5.4</ele>
		</trkpt>
		<trkpt lat="43.724184473" lon="4.607030097">
			<ele>5.7</ele>
		</trkpt>
		<trkpt lat="43.724021445" lon="4.607025906">
			<ele>5</ele>
		</trkpt>
		<trkpt lat="43.72397853" lon="4.607201591">
			<ele>4.6</ele>
		</trkpt>
		<trkpt lat="43.723842408" lon="4.607200082">
			<ele>2.5</ele>
		</trkpt>
		<trkpt lat="43.723821034" lon="4.607069325">
			<ele>2.7</ele>
		</trkpt>
		<trkpt lat="43.723723971" lon="4.607045352">
			<ele>0.8</ele>
		</trkpt>
		<trkpt lat="43.723659012" lon="4.607269401">
			<ele>0.8</ele>
		</trkpt>
		<trkpt lat="43.723580389" lon="4.607321871">
			<ele>0.8</ele>
		</trkpt>
		<trkpt lat="43.723101866" lon="4.607319692">
			<ele>6.9</ele>
		</trkpt>
		<trkpt lat="43.722841692" lon="4.607387502">
			<ele>7.5</ele>
		</trkpt>
		<trkpt lat="43.720896923" lon="4.606949044">
			<ele>6.1</ele>
		</trkpt>
		<trkpt lat="43.719680038" lon="4.606808983">
			<ele>6.2</ele>
		</trkpt>
		<trkpt lat="43.718930026" lon="4.606882827">
			<ele>8.2</ele>
		</trkpt>
		<trkpt lat="43.718261234" lon="4.607207207">
			<ele>8.8</ele>
		</trkpt>
		<trkpt lat="43.717856723" lon="4.607607024">
			<ele>8.8</ele>
		</trkpt>
		<trkpt lat="43.716033324" lon="4.608299956">
			<ele>7.8</ele>
		</trkpt>
		<trkpt lat="43.714850972" lon="4.608422164">
			<ele>6.9</ele>
		</trkpt>
		<trkpt lat="43.713295878" lon="4.608213119">
			<ele>8.7</ele>
		</trkpt>
		<trkpt lat="43.713007792" lon="4.608051935">
			<ele>8</ele>
		</trkpt>
		<trkpt lat="43.712840489" lon="4.607905755">
			<ele>7.8</ele>
		</trkpt>
		<trkpt lat="43.712667068" lon="4.607841466">
			<ele>7.5</ele>
		</trkpt>
		<trkpt lat="43.711703149" lon="4.607862588">
			<ele>5.7</ele>
		</trkpt>
		<trkpt lat="43.710045208" lon="4.608217394">
			<ele>6.6</ele>
		</trkpt>
		<trkpt lat="43.70916888" lon="4.608334238">
			<ele>6.9</ele>
		</trkpt>
		<trkpt lat="43.707353863" lon="4.608142627">
			<ele>6.8</ele>
		</trkpt>
		<trkpt lat="43.706449959" lon="4.608253855">
			<ele>7.3</ele>
		</trkpt>
		<trkpt lat="43.706120131" lon="4.608330801">
			<ele>7.1</ele>
		</trkpt>
		<trkpt lat="43.705365843" lon="4.608743023">
			<ele>6.9</ele>
		</trkpt>
		<trkpt lat="43.70469462" lon="4.608975453">
			<ele>7</ele>
		</trkpt>
		<trkpt lat="43.704123561" lon="4.609442577">
			<ele>6.6</ele>
		</trkpt>
		<trkpt lat="43.703626514" lon="4.610239444">
			<ele>6.5</ele>
		</trkpt>
		<trkpt lat="43.703226698" lon="4.610564662">
			<ele>6.7</ele>
		</trkpt>
		<trkpt lat="43.701976537" lon="4.611289781">
			<ele>6.6</ele>
		</trkpt>
		<trkpt lat="43.701668921" lon="4.611617429">
			<ele>7.1</ele>
		</trkpt>
		<trkpt lat="43.701427774" lon="4.611756988">
			<ele>7.6</ele>
		</trkpt>
		<trkpt lat="43.701121583" lon="4.61185162">
			<ele>7</ele>
		</trkpt>
		<trkpt lat="43.699946524" lon="4.612726439">
			<ele>5.7</ele>
		</trkpt>
		<trkpt lat="43.699575541" lon="4.612920564">
			<ele>6.4</ele>
		</trkpt>
		<trkpt lat="43.699270942" lon="4.612998683">
			<ele>6.7</ele>
		</trkpt>
		<trkpt lat="43.698478769" lon="4.613098679">
			<ele>8.1</ele>
		</trkpt>
		<trkpt lat="43.697412004" lon="4.612804474">
			<ele>6.9</ele>
		</trkpt>
		<trkpt lat="43.696911353" lon="4.612781676">
			<ele>6.8</ele>
		</trkpt>
		<trkpt lat="43.695557089" lon="4.612825429">
			<ele>6.7</ele>
		</trkpt>
		<trkpt lat="43.695395318" lon="4.61287396">
			<ele>6.6</ele>
		</trkpt>
		<trkpt lat="43.695261627" lon="4.612977309">
			<ele>6.5</ele>
		</trkpt>
		<trkpt lat="43.694923836" lon="4.61345491">
			<ele>6.7</ele>
		</trkpt>
		<trkpt lat="43.694749073" lon="4.613578711">
			<ele>6.5</ele>
		</trkpt>
		<trkpt lat="43.694546985" lon="4.61364937">
			<ele>6.7</ele>
		</trkpt>
		<trkpt lat="43.694350095" lon="4.613652136">
			<ele>7</ele>
		</trkpt>
		<trkpt lat="43.694171141" lon="4.613597738">
			<ele>7.3</ele>
		</trkpt>
		<trkpt lat="43.693994115" lon="4.61344636">
			<ele>7.9</ele>
		</trkpt>
		<trkpt lat="43.694322434" lon="4.613502603">
			<ele>7.7</ele>
		</trkpt>
		<trkpt lat="43.694268622" lon="4.613220552">
			<ele>7.8</ele>
		</trkpt>
		<trkpt lat="43.694194694" lon="4.613197166">
			<ele>7.8</ele>
		</trkpt>
		<trkpt lat="43.6940921" lon="4.613232622">
			<ele>8.1</ele>
		</trkpt>
		<trkpt lat="43.693947679" lon="4.613168836">
			<ele>8.2</ele>
		</trkpt>
		<trkpt lat="43.693615505" lon="4.612844875">
			<ele>8.3</ele>
		</trkpt>
		<trkpt lat="43.692306251" lon="4.611722119">
			<ele>9.2</ele>
		</trkpt>
		<trkpt lat="43.692241459" lon="4.611570742">
			<ele>9.3</ele>
		</trkpt>
		<trkpt lat="43.69218815" lon="4.611283829">
			<ele>9.2</ele>
		</trkpt>
		<trkpt lat="43.691437467" lon="4.611293636">
			<ele>8.8</ele>
		</trkpt>
		<trkpt lat="43.688881238" lon="4.613690777">
			<ele>1.1</ele>
		</trkpt>
		<trkpt lat="43.688233149" lon="4.614247167">
			<ele>5.3</ele>
		</trkpt>
		<trkpt lat="43.687718417" lon="4.614609182">
			<ele>8</ele>
		</trkpt>
		<trkpt lat="43.687559328" lon="4.614222944">
			<ele>8.4</ele>
		</trkpt>
		<trkpt lat="43.687475928" lon="4.61420157">
			<ele>8</ele>
		</trkpt>
		<trkpt lat="43.687254897" lon="4.614533912">
			<ele>7</ele>
		</trkpt>
		<trkpt lat="43.687006542" lon="4.614622593">
			<ele>6.5</ele>
		</trkpt>
		<trkpt lat="43.685827292" lon="4.614901459">
			<ele>5.4</ele>
		</trkpt>
		<trkpt lat="43.683825609" lon="4.615159119">
			<ele>6.3</ele>
		</trkpt>
		<trkpt lat="43.683794512" lon="4.615437984">
			<ele>5.9</ele>
		</trkpt>
		<trkpt lat="43.68353065" lon="4.615502357">
			<ele>5.9</ele>
		</trkpt>
		<trkpt lat="43.683391091" lon="4.615438152">
			<ele>5.9</ele>
		</trkpt>
		<trkpt lat="43.68183935" lon="4.615523899">
			<ele>7.6</ele>
		</trkpt>
		<trkpt lat="43.680427167" lon="4.615373528">
			<ele>7.5</ele>
		</trkpt>
		<trkpt lat="43.680287524" lon="4.61575985">
			<ele>6.9</ele>
		</trkpt>
		<trkpt lat="43.680396237" lon="4.616532326">
			<ele>6.1</ele>
		</trkpt>
		<trkpt lat="43.679977226" lon="4.618399227">
			<ele>9</ele>
		</trkpt>
		<trkpt lat="43.67965117" lon="4.618334938">
			<ele>8.5</ele>
		</trkpt>
	</trkseg>
</trk>
<trk>
	<name>27: Arles – Port-Saint-Louis-du-Rhône (Developed + Signed)</name>
	<desc>Developed + Signed</desc>
	<trkseg>
		<trkpt lat="43.679651202" lon="4.618334943">
			<ele>8.5</ele>
		</trkpt>
		<trkpt lat="43.67955812" lon="4.618012746">
			<ele>8.1</ele>
		</trkpt>
		<trkpt lat="43.67921675" lon="4.61751948">
			<ele>8.1</ele>
		</trkpt>
		<trkpt lat="43.678626974" lon="4.617326123">
			<ele>8.4</ele>
		</trkpt>
		<trkpt lat="43.678130381" lon="4.614858679">
			<ele>8.4</ele>
		</trkpt>
		<trkpt lat="43.676718224" lon="4.616489554">
			<ele>7.8</ele>
		</trkpt>
		<trkpt lat="43.675135254" lon="4.618892621">
			<ele>3.3</ele>
		</trkpt>
		<trkpt lat="43.673917951" lon="4.62115934">
			<ele>8.6</ele>
		</trkpt>
		<trkpt lat="43.673867169" lon="4.621061186">
			<ele>8</ele>
		</trkpt>
		<trkpt lat="43.673737798" lon="4.621082078">
			<ele>8</ele>
		</trkpt>
		<trkpt lat="43.673507289" lon="4.621340038">
			<ele>7.7</ele>
		</trkpt>
		<trkpt lat="43.673467781" lon="4.621427452">
			<ele>7.1</ele>
		</trkpt>
		<trkpt lat="43.673484548" lon="4.621588623">
			<ele>7.1</ele>
		</trkpt>
		<trkpt lat="43.672283149" lon="4.623030257">
			<ele>6.7</ele>
		</trkpt>
		<trkpt lat="43.67207782" lon="4.623237955">
			<ele>6.3</ele>
		</trkpt>
		<trkpt lat="43.67195368" lon="4.623270148">
			<ele>7.4</ele>
		</trkpt>
		<trkpt lat="43.671697577" lon="4.623044546">
			<ele>4</ele>
		</trkpt>
		<trkpt lat="43.671107758" lon="4.622004185">
			<ele>5.6</ele>
		</trkpt>
		<trkpt lat="43.670712007" lon="4.621628457">
			<ele>6.3</ele>
		</trkpt>
		<trkpt lat="43.670525693" lon="4.621982503">
			<ele>6.2</ele>
		</trkpt>
		<trkpt lat="43.670603291" lon="4.622283015">
			<ele>5.9</ele>
		</trkpt>
		<trkpt lat="43.671092282" lon="4.622562071">
			<ele>4.4</ele>
		</trkpt>
		<trkpt lat="43.670874986" lon="4.623001907">
			<ele>4.3</ele>
		</trkpt>
		<trkpt lat="43.668748588" lon="4.62548027">
			<ele>5.3</ele>
		</trkpt>
		<trkpt lat="43.668632212" lon="4.625769696">
			<ele>5.1</ele>
		</trkpt>
		<trkpt lat="43.668407096" lon="4.626027395">
			<ele>4.5</ele>
		</trkpt>
		<trkpt lat="43.668004827" lon="4.626163203">
			<ele>4.5</ele>
		</trkpt>
		<trkpt lat="43.667685787" lon="4.626524835">
			<ele>4.1</ele>
		</trkpt>
		<trkpt lat="43.666796716" lon="4.627378727">
			<ele>4.9</ele>
		</trkpt>
		<trkpt lat="43.666194543" lon="4.627519083">
			<ele>4.9</ele>
		</trkpt>
		<trkpt lat="43.665545353" lon="4.627618737">
			<ele>4.5</ele>
		</trkpt>
		<trkpt lat="43.664967129" lon="4.627431745">
			<ele>3.8</ele>
		</trkpt>
		<trkpt lat="43.664111125" lon="4.626712044">
			<ele>3.7</ele>
		</trkpt>
		<trkpt lat="43.659502377" lon="4.622159945">
			<ele>3.9</ele>
		</trkpt>
		<trkpt lat="43.659219746" lon="4.621312297">
			<ele>3.5</ele>
		</trkpt>
		<trkpt lat="43.658732283" lon="4.620786852">
			<ele>3.9</ele>
		</trkpt>
		<trkpt lat="43.656744815" lon="4.620852635">
			<ele>4</ele>
		</trkpt>
		<trkpt lat="43.656380405" lon="4.620676133">
			<ele>3.6</ele>
		</trkpt>
		<trkpt lat="43.655317878" lon="4.620868211">
			<ele>4.1</ele>
		</trkpt>
		<trkpt lat="43.653490358" lon="4.621716181">
			<ele>2.3</ele>
		</trkpt>
		<trkpt lat="43.652948533" lon="4.622019408">
			<ele>2.1</ele>
		</trkpt>
		<trkpt lat="43.652175775" lon="4.622359476">
			<ele>3</ele>
		</trkpt>
		<trkpt lat="43.651274099" lon="4.622834698">
			<ele>3.2</ele>
		</trkpt>
		<trkpt lat="43.645501643" lon="4.625663064">
			<ele>4.5</ele>
		</trkpt>
		<trkpt lat="43.64475788" lon="4.626049727">
			<ele>5</ele>
		</trkpt>
		<trkpt lat="43.644241879" lon="4.626431668">
			<ele>4.6</ele>
		</trkpt>
		<trkpt lat="43.643791693" lon="4.626925772">
			<ele>4.7</ele>
		</trkpt>
		<trkpt lat="43.643481878" lon="4.627421367">
			<ele>4.6</ele>
		</trkpt>
		<trkpt lat="43.643176986" lon="4.628069545">
			<ele>4</ele>
		</trkpt>
		<trkpt lat="43.642961656" lon="4.628866482">
			<ele>3.1</ele>
		</trkpt>
		<trkpt lat="43.642867291" lon="4.629457422">
			<ele>3.4</ele>
		</trkpt>
		<trkpt lat="43.642957581" lon="4.63003875">
			<ele>3</ele>
		</trkpt>
		<trkpt lat="43.641717701" lon="4.644777987">
			<ele>5.7</ele>
		</trkpt>
		<trkpt lat="43.641545796" lon="4.646205646">
			<ele>5.1</ele>
		</trkpt>
		<trkpt lat="43.641340683" lon="4.647566677">
			<ele>4.2</ele>
		</trkpt>
		<trkpt lat="43.64081533" lon="4.649569071">
			<ele>4.4</ele>
		</trkpt>
		<trkpt lat="43.640249603" lon="4.651145201">
			<ele>3.8</ele>
		</trkpt>
		<trkpt lat="43.639716294" lon="4.652364117">
			<ele>4.2</ele>
		</trkpt>
		<trkpt lat="43.639333702" lon="4.653081746">
			<ele>4.6</ele>
		</trkpt>
		<trkpt lat="43.638129603" lon="4.655204468">
			<ele>2.9</ele>
		</trkpt>
		<trkpt lat="43.635446051" lon="4.659736594">
			<ele>2.5</ele>
		</trkpt>
		<trkpt lat="43.635100193" lon="4.660225957">
			<ele>2.4</ele>
		</trkpt>
		<trkpt lat="43.634926585" lon="4.660572846">
			<ele>2.3</ele>
		</trkpt>
		<trkpt lat="43.633610032" lon="4.662802273">
			<ele>2.9</ele>
		</trkpt>
		<trkpt lat="43.633129617" lon="4.663497094">
			<ele>2.6</ele>
		</trkpt>
		<trkpt lat="43.632519929" lon="4.664169553">
			<ele>2.9</ele>
		</trkpt>
		<trkpt lat="43.631769236" lon="4.664763592">
			<ele>3.6</ele>
		</trkpt>
		<trkpt lat="43.631348695" lon="4.66501531">
			<ele>2.7</ele>
		</trkpt>
		<trkpt lat="43.630617356" lon="4.665344709">
			<ele>3.1</ele>
		</trkpt>
		<trkpt lat="43.629499428" lon="4.665531567">
			<ele>2.9</ele>
		</trkpt>
		<trkpt lat="43.629019996" lon="4.665513901">
			<ele>3.2</ele>
		</trkpt>
		<trkpt lat="43.617589895" lon="4.663776033">
			<ele>2.3</ele>
		</trkpt>
		<trkpt lat="43.617249075" lon="4.663700508">
			<ele>2.7</ele>
		</trkpt>
		<trkpt lat="43.616994033" lon="4.6635457">
			<ele>3.2</ele>
		</trkpt>
		<trkpt lat="43.616946713" lon="4.663580231">
			<ele>3.2</ele>
		</trkpt>
		<trkpt lat="43.616617" lon="4.663601658">
			<ele>3.8</ele>
		</trkpt>
		<trkpt lat="43.616267086" lon="4.663590253">
			<ele>3.9</ele>
		</trkpt>
		<trkpt lat="43.611151599" lon="4.662769353">
			<ele>6.2</ele>
		</trkpt>
		<trkpt lat="43.607118637" lon="4.662194199">
			<ele>6.7</ele>
		</trkpt>
		<trkpt lat="43.603443764" lon="4.66139174">
			<ele>3.4</ele>
		</trkpt>
		<trkpt lat="43.602809527" lon="4.661316406">
			<ele>4.3</ele>
		</trkpt>
		<trkpt lat="43.602269352" lon="4.661329235">
			<ele>4.9</ele>
		</trkpt>
		<trkpt lat="43.601393532" lon="4.661457441">
			<ele>4</ele>
		</trkpt>
		<trkpt lat="43.600647819" lon="4.661669908">
			<ele>2.6</ele>
		</trkpt>
		<trkpt lat="43.600179569" lon="4.661863137">
			<ele>4.4</ele>
		</trkpt>
		<trkpt lat="43.599552183" lon="4.662164483">
			<ele>4.3</ele>
		</trkpt>
		<trkpt lat="43.597506996" lon="4.663312594">
			<ele>6.5</ele>
		</trkpt>
		<trkpt lat="43.596761702" lon="4.663791258">
			<ele>6.4</ele>
		</trkpt>
		<trkpt lat="43.596067097" lon="4.664367972">
			<ele>5.5</ele>
		</trkpt>
		<trkpt lat="43.595629386" lon="4.664801057">
			<ele>5</ele>
		</trkpt>
		<trkpt lat="43.594779992" lon="4.665846268">
			<ele>3.7</ele>
		</trkpt>
		<trkpt lat="43.594134883" lon="4.666892443">
			<ele>3.6</ele>
		</trkpt>
		<trkpt lat="43.593755448" lon="4.667689985">
			<ele>3</ele>
		</trkpt>
		<trkpt lat="43.591057357" lon="4.674476041">
			<ele>3.6</ele>
		</trkpt>
		<trkpt lat="43.590737771" lon="4.675183624">
			<ele>3.4</ele>
		</trkpt>
		<trkpt lat="43.590392825" lon="4.67578397">
			<ele>3</ele>
		</trkpt>
		<trkpt lat="43.589729411" lon="4.676668461">
			<ele>2.6</ele>
		</trkpt>
		<trkpt lat="43.583169811" lon="4.684970824">
			<ele>5.3</ele>
		</trkpt>
		<trkpt lat="43.58293885" lon="4.685297085">
			<ele>5.3</ele>
		</trkpt>
		<trkpt lat="43.582748972" lon="4.685702512">
			<ele>5.1</ele>
		</trkpt>
		<trkpt lat="43.58254372" lon="4.686343955">
			<ele>4.8</ele>
		</trkpt>
		<trkpt lat="43.582373262" lon="4.687121378">
			<ele>4.9</ele>
		</trkpt>
		<trkpt lat="43.582297758" lon="4.687926339">
			<ele>5.3</ele>
		</trkpt>
		<trkpt lat="43.582302028" lon="4.688750973">
			<ele>4.3</ele>
		</trkpt>
		<trkpt lat="43.582863515" lon="4.692573134">
			<ele>4</ele>
		</trkpt>
		<trkpt lat="43.583100163" lon="4.694652549">
			<ele>3.2</ele>
		</trkpt>
		<trkpt lat="43.583341155" lon="4.69564636">
			<ele>3</ele>
		</trkpt>
		<trkpt lat="43.583444266" lon="4.696477643">
			<ele>3.8</ele>
		</trkpt>
		<trkpt lat="43.583501659" lon="4.697296445">
			<ele>3.8</ele>
		</trkpt>
		<trkpt lat="43.583486887" lon="4.698357011">
			<ele>2.5</ele>
		</trkpt>
		<trkpt lat="43.583398209" lon="4.699365835">
			<ele>2.2</ele>
		</trkpt>
		<trkpt lat="43.583333775" lon="4.699745245">
			<ele>1.8</ele>
		</trkpt>
		<trkpt lat="43.583251811" lon="4.700152596">
			<ele>1.9</ele>
		</trkpt>
		<trkpt lat="43.582989343" lon="4.701108017">
			<ele>2.1</ele>
		</trkpt>
		<trkpt lat="43.582805653" lon="4.701631185">
			<ele>2</ele>
		</trkpt>
		<trkpt lat="43.582445409" lon="4.70245244">
			<ele>1.6</ele>
		</trkpt>
		<trkpt lat="43.582014993" lon="4.703213426">
			<ele>1.3</ele>
		</trkpt>
		<trkpt lat="43.581597012" lon="4.703812603">
			<ele>1.1</ele>
		</trkpt>
		<trkpt lat="43.580962682" lon="4.704548929">
			<ele>0.6</ele>
		</trkpt>
		<trkpt lat="43.580332273" lon="4.705150425">
			<ele>1.7</ele>
		</trkpt>
		<trkpt lat="43.560013692" lon="4.724087521">
			<ele>2.7</ele>
		</trkpt>
		<trkpt lat="43.557610158" lon="4.726167316">
			<ele>2.5</ele>
		</trkpt>
		<trkpt lat="43.556451236" lon="4.727228881">
			<ele>3.3</ele>
		</trkpt>
		<trkpt lat="43.543020685" lon="4.739721166">
			<ele>2.3</ele>
		</trkpt>
		<trkpt lat="43.541793022" lon="4.740796168">
			<ele>1.6</ele>
		</trkpt>
		<trkpt lat="43.540333906" lon="4.741992754">
			<ele>1.2</ele>
		</trkpt>
		<trkpt lat="43.536983998" lon="4.744575334">
			<ele>0.7</ele>
		</trkpt>
		<trkpt lat="43.533976292" lon="4.746973658">
			<ele>0.3</ele>
		</trkpt>
		<trkpt lat="43.531617245" lon="4.748705151">
			<ele>-0.6</ele>
		</trkpt>
		<trkpt lat="43.530158556" lon="4.749883894">
			<ele>1.2</ele>
		</trkpt>
		<trkpt lat="43.529361998" lon="4.750537109">
			<ele>0.1</ele>
		</trkpt>
		<trkpt lat="43.52933626" lon="4.75075084">
			<ele>-0.2</ele>
		</trkpt>
		<trkpt lat="43.528531899" lon="4.75139702">
			<ele>0.2</ele>
		</trkpt>
		<trkpt lat="43.528322929" lon="4.75168345">
			<ele>0.3</ele>
		</trkpt>
		<trkpt lat="43.527620751" lon="4.752199406">
			<ele>-0.3</ele>
		</trkpt>
		<trkpt lat="43.526754215" lon="4.75276819">
			<ele>0.1</ele>
		</trkpt>
		<trkpt lat="43.526197128" lon="4.753118347">
			<ele>0.1</ele>
		</trkpt>
		<trkpt lat="43.525481986" lon="4.753484265">
			<ele>0.1</ele>
		</trkpt>
		<trkpt lat="43.523604312" lon="4.754279332">
			<ele>0.5</ele>
		</trkpt>
		<trkpt lat="43.522848195" lon="4.75453136">
			<ele>0.6</ele>
		</trkpt>
		<trkpt lat="43.521053131" lon="4.755038411">
			<ele>1.3</ele>
		</trkpt>
		<trkpt lat="43.520082429" lon="4.755234468">
			<ele>0.4</ele>
		</trkpt>
		<trkpt lat="43.515397753" lon="4.756656878">
			<ele>0.2</ele>
		</trkpt>
		<trkpt lat="43.512520038" lon="4.757640958">
			<ele>-0.9</ele>
		</trkpt>
		<trkpt lat="43.512358606" lon="4.757675619">
			<ele>-0.9</ele>
		</trkpt>
		<trkpt lat="43.512219873" lon="4.757614468">
			<ele>-0.7</ele>
		</trkpt>
		<trkpt lat="43.5121197" lon="4.757632417">
			<ele>-0.7</ele>
		</trkpt>
		<trkpt lat="43.511201318" lon="4.757938185">
			<ele>0.1</ele>
		</trkpt>
		<trkpt lat="43.509800089" lon="4.758329298">
			<ele>-0.5</ele>
		</trkpt>
		<trkpt lat="43.504342056" lon="4.759990844">
			<ele>0.2</ele>
		</trkpt>
		<trkpt lat="43.50423546" lon="4.760016029">
			<ele>0.3</ele>
		</trkpt>
		<trkpt lat="43.504112359" lon="4.759672253">
			<ele>0.6</ele>
		</trkpt>
		<trkpt lat="43.503995428" lon="4.759834356">
			<ele>0.6</ele>
		</trkpt>
		<trkpt lat="43.503855655" lon="4.759907958">
			<ele>0.2</ele>
		</trkpt>
		<trkpt lat="43.488428989" lon="4.764572477">
			<ele>0.1</ele>
		</trkpt>
		<trkpt lat="43.488238673" lon="4.764764392">
			<ele>0.2</ele>
		</trkpt>
		<trkpt lat="43.488102993" lon="4.764807194">
			<ele>0.3</ele>
		</trkpt>
		<trkpt lat="43.47714836" lon="4.768120145">
			<ele>1.4</ele>
		</trkpt>
		<trkpt lat="43.477079506" lon="4.767982084">
			<ele>1.3</ele>
		</trkpt>
		<trkpt lat="43.476265489" lon="4.768233866">
			<ele>1.4</ele>
		</trkpt>
		<trkpt lat="43.475006704" lon="4.768553507">
			<ele>1.1</ele>
		</trkpt>
		<trkpt lat="43.473920395" lon="4.76872521">
			<ele>-0.3</ele>
		</trkpt>
		<trkpt lat="43.471470648" lon="4.769013141">
			<ele>2.8</ele>
		</trkpt>
		<trkpt lat="43.471432634" lon="4.769026788">
			<ele>2.8</ele>
		</trkpt>
		<trkpt lat="43.47132974" lon="4.76921021">
			<ele>4.2</ele>
		</trkpt>
		<trkpt lat="43.471184489" lon="4.769232921">
			<ele>4</ele>
		</trkpt>
		<trkpt lat="43.470955366" lon="4.769211028">
			<ele>3.7</ele>
		</trkpt>
		<trkpt lat="43.470606489" lon="4.769084164">
			<ele>3.4</ele>
		</trkpt>
		<trkpt lat="43.470138985" lon="4.769111776">
			<ele>2.8</ele>
		</trkpt>
		<trkpt lat="43.469985371" lon="4.769040326">
			<ele>2.5</ele>
		</trkpt>
		<trkpt lat="43.463090603" lon="4.769517611">
			<ele>0.4</ele>
		</trkpt>
		<trkpt lat="43.462081718" lon="4.769633585">
			<ele>0.8</ele>
		</trkpt>
		<trkpt lat="43.460944556" lon="4.769834569">
			<ele>0.8</ele>
		</trkpt>
		<trkpt lat="43.457894947" lon="4.770652394">
			<ele>0.7</ele>
		</trkpt>
		<trkpt lat="43.453935119" lon="4.771825044">
			<ele>1.1</ele>
		</trkpt>
		<trkpt lat="43.440213853" lon="4.776017043">
			<ele>1.1</ele>
		</trkpt>
		<trkpt lat="43.438962499" lon="4.776317034">
			<ele>1.3</ele>
		</trkpt>
		<trkpt lat="43.437951585" lon="4.776606653">
			<ele>0.4</ele>
		</trkpt>
		<trkpt lat="43.437817143" lon="4.776606577">
			<ele>0.4</ele>
		</trkpt>
		<trkpt lat="43.437702146" lon="4.776746029">
			<ele>0.5</ele>
		</trkpt>
		<trkpt lat="43.437216273" lon="4.776091589">
			<ele>0.5</ele>
		</trkpt>
		<trkpt lat="43.437130402" lon="4.776027069">
			<ele>0.9</ele>
		</trkpt>
		<trkpt lat="43.436872979" lon="4.776241775">
			<ele>0.8</ele>
		</trkpt>
		<trkpt lat="43.436508165" lon="4.775662585">
			<ele>1.2</ele>
		</trkpt>
		<trkpt lat="43.436658434" lon="4.775512367">
			<ele>1.8</ele>
		</trkpt>
		<trkpt lat="43.436787185" lon="4.775447804">
			<ele>1.7</ele>
		</trkpt>
		<trkpt lat="43.437066059" lon="4.775447889">
			<ele>1.5</ele>
		</trkpt>
		<trkpt lat="43.437194776" lon="4.775533736">
			<ele>1</ele>
		</trkpt>
		<trkpt lat="43.437624027" lon="4.776241623">
			<ele>0.2</ele>
		</trkpt>
		<trkpt lat="43.43773128" lon="4.776327551">
			<ele>0.2</ele>
		</trkpt>
		<trkpt lat="43.437783979" lon="4.776233595">
			<ele>0.1</ele>
		</trkpt>
		<trkpt lat="43.437780028" lon="4.77615345">
			<ele>0.1</ele>
		</trkpt>
		<trkpt lat="43.437653413" lon="4.77590651">
			<ele>0.3</ele>
		</trkpt>
		<trkpt lat="43.436679796" lon="4.774331973">
			<ele>1.4</ele>
		</trkpt>
		<trkpt lat="43.43637947" lon="4.773795537">
			<ele>1.7</ele>
		</trkpt>
		<trkpt lat="43.433783022" lon="4.768903349">
			<ele>0.4</ele>
		</trkpt>
		<trkpt lat="43.43275304" lon="4.767079482">
			<ele>1.1</ele>
		</trkpt>
		<trkpt lat="43.43266719" lon="4.76697201">
			<ele>1.4</ele>
		</trkpt>
		<trkpt lat="43.431658695" lon="4.765169618">
			<ele>0</ele>
		</trkpt>
		<trkpt lat="43.429664922" lon="4.762010314">
			<ele>1.6</ele>
		</trkpt>
		<trkpt lat="43.429405253" lon="4.762093424">
			<ele>2.3</ele>
		</trkpt>
		<trkpt lat="43.429213503" lon="4.762206632">
			<ele>2.7</ele>
		</trkpt>
		<trkpt lat="43.428819715" lon="4.762626059">
			<ele>4.9</ele>
		</trkpt>
		<trkpt lat="43.428167158" lon="4.763198656">
			<ele>3.2</ele>
		</trkpt>
		<trkpt lat="43.427653979" lon="4.76373909">
			<ele>4.4</ele>
		</trkpt>
		<trkpt lat="43.427453363" lon="4.764083165">
			<ele>5.3</ele>
		</trkpt>
		<trkpt lat="43.427409174" lon="4.764226103">
			<ele>5.2</ele>
		</trkpt>
		<trkpt lat="43.427426101" lon="4.76437792">
			<ele>5.2</ele>
		</trkpt>
		<trkpt lat="43.427605412" lon="4.76465239">
			<ele>4.1</ele>
		</trkpt>
		<trkpt lat="43.427679223" lon="4.764947444">
			<ele>3.3</ele>
		</trkpt>
		<trkpt lat="43.427638303" lon="4.765265594">
			<ele>2.7</ele>
		</trkpt>
		<trkpt lat="43.427549454" lon="4.765454792">
			<ele>2.4</ele>
		</trkpt>
		<trkpt lat="43.427364001" lon="4.765620012">
			<ele>2</ele>
		</trkpt>
		<trkpt lat="43.427148035" lon="4.76565261">
			<ele>2</ele>
		</trkpt>
		<trkpt lat="43.426969385" lon="4.765588291">
			<ele>2.2</ele>
		</trkpt>
		<trkpt lat="43.426788006" lon="4.765378196">
			<ele>3.4</ele>
		</trkpt>
		<trkpt lat="43.42541417" lon="4.762654821">
			<ele>0.2</ele>
		</trkpt>
		<trkpt lat="43.424555391" lon="4.760841058">
			<ele>0.9</ele>
		</trkpt>
		<trkpt lat="43.422701044" lon="4.757080651">
			<ele>0</ele>
		</trkpt>
		<trkpt lat="43.422018492" lon="4.755412511">
			<ele>0.1</ele>
		</trkpt>
		<trkpt lat="43.421733209" lon="4.754556351">
			<ele>0.1</ele>
		</trkpt>
		<trkpt lat="43.421381378" lon="4.753143475">
			<ele>0.2</ele>
		</trkpt>
		<trkpt lat="43.421187145" lon="4.751959535">
			<ele>0.1</ele>
		</trkpt>
		<trkpt lat="43.420980656" lon="4.749700863">
			<ele>0.8</ele>
		</trkpt>
		<trkpt lat="43.420923561" lon="4.749379759">
			<ele>1.9</ele>
		</trkpt>
		<trkpt lat="43.420573243" lon="4.748414767">
			<ele>3.9</ele>
		</trkpt>
		<trkpt lat="43.420330193" lon="4.748426981">
			<ele>4.2</ele>
		</trkpt>
		<trkpt lat="43.419883431" lon="4.748315417">
			<ele>3.5</ele>
		</trkpt>
		<trkpt lat="43.419742246" lon="4.748368958">
			<ele>1.6</ele>
		</trkpt>
		<trkpt lat="43.410817348" lon="4.756604706">
			<ele>1</ele>
		</trkpt>
		<trkpt lat="43.408462003" lon="4.761627342">
			<ele>3.8</ele>
		</trkpt>
		<trkpt lat="43.408161499" lon="4.762536623">
			<ele>3.3</ele>
		</trkpt>
		<trkpt lat="43.405998618" lon="4.769829102">
			<ele>2.2</ele>
		</trkpt>
		<trkpt lat="43.403660891" lon="4.780090321">
			<ele>1.5</ele>
		</trkpt>
		<trkpt lat="43.402782887" lon="4.782981042">
			<ele>0.1</ele>
		</trkpt>
		<trkpt lat="43.400075844" lon="4.7878086">
			<ele>1.6</ele>
		</trkpt>
		<trkpt lat="43.399802433" lon="4.788085405">
			<ele>1.8</ele>
		</trkpt>
		<trkpt lat="43.397352203" lon="4.789487054">
			<ele>2.2</ele>
		</trkpt>
		<trkpt lat="43.397145364" lon="4.789687618">
			<ele>2.1</ele>
		</trkpt>
		<trkpt lat="43.393683983" lon="4.796113155">
			<ele>2.2</ele>
		</trkpt>
		<trkpt lat="43.393438497" lon="4.796272007">
			<ele>2.5</ele>
		</trkpt>
		<trkpt lat="43.392430592" lon="4.796749876">
			<ele>2.4</ele>
		</trkpt>
		<trkpt lat="43.392141946" lon="4.796926963">
			<ele>2.4</ele>
		</trkpt>
		<trkpt lat="43.389830659" lon="4.799616762">
			<ele>3</ele>
		</trkpt>
		<trkpt lat="43.389688205" lon="4.799592721">
			<ele>2.6</ele>
		</trkpt>
		<trkpt lat="43.38954203" lon="4.799362889">
			<ele>1.4</ele>
		</trkpt>
		<trkpt lat="43.389399902" lon="4.799319271">
			<ele>1</ele>
		</trkpt>
		<trkpt lat="43.389241869" lon="4.799373096">
			<ele>1</ele>
		</trkpt>
		<trkpt lat="43.388659411" lon="4.798676667">
			<ele>0.1</ele>
		</trkpt>
		<trkpt lat="43.388162297" lon="4.7992202">
			<ele>0.7</ele>
		</trkpt>
		<trkpt lat="43.387095838" lon="4.80071305">
			<ele>0.8</ele>
		</trkpt>
		<trkpt lat="43.387073658" lon="4.80079397">
			<ele>0.8</ele>
		</trkpt>
		<trkpt lat="43.387161392" lon="4.801066038">
			<ele>1.8</ele>
		</trkpt>
		<trkpt lat="43.385303196" lon="4.803456248">
			<ele>1.6</ele>
		</trkpt>
		<trkpt lat="43.385141003" lon="4.803604869">
			<ele>2</ele>
		</trkpt>
		<trkpt lat="43.383610479" lon="4.806152088">
			<ele>0.5</ele>
		</trkpt>
		<trkpt lat="43.383498318" lon="4.806809599">
			<ele>0.3</ele>
		</trkpt>
		<trkpt lat="43.383470803" lon="4.807388158">
			<ele>0.1</ele>
		</trkpt>
		<trkpt lat="43.383542964" lon="4.807700535">
			<ele>0</ele>
		</trkpt>
		<trkpt lat="43.383862293" lon="4.808395006">
			<ele>0.3</ele>
		</trkpt>
		<trkpt lat="43.383880814" lon="4.808498671">
			<ele>0.3</ele>
		</trkpt>
		<trkpt lat="43.383817711" lon="4.808712953">
			<ele>0.9</ele>
		</trkpt>
		<trkpt lat="43.383789212" lon="4.808993609">
			<ele>1.3</ele>
		</trkpt>
		<trkpt lat="43.383344319" lon="4.80943664">
			<ele>2.7</ele>
		</trkpt>
		<trkpt lat="43.383315801" lon="4.809362296">
			<ele>3</ele>
		</trkpt>
		<trkpt lat="43.380288675" lon="4.812245061">
			<ele>2.1</ele>
		</trkpt>
		<trkpt lat="43.380115044" lon="4.812472842">
			<ele>2.3</ele>
		</trkpt>
		<trkpt lat="43.379966052" lon="4.812839449">
			<ele>1.1</ele>
		</trkpt>
		<trkpt lat="43.379442827" lon="4.814581524">
			<ele>3</ele>
		</trkpt>
		<trkpt lat="43.379344703" lon="4.814753878">
			<ele>2.2</ele>
		</trkpt>
		<trkpt lat="43.37929123" lon="4.815103085">
			<ele>2.3</ele>
		</trkpt>
		<trkpt lat="43.376987735" lon="4.823123949">
			<ele>2.7</ele>
		</trkpt>
		<trkpt lat="43.376822817" lon="4.823767008">
			<ele>2.7</ele>
		</trkpt>
		<trkpt lat="43.376918366" lon="4.823807408">
			<ele>2.7</ele>
		</trkpt>
		<trkpt lat="43.373534015" lon="4.835562523">
			<ele>1.8</ele>
		</trkpt>
		<trkpt lat="43.371648522" lon="4.840809212">
			<ele>1.3</ele>
		</trkpt>
		<trkpt lat="43.366377935" lon="4.85519886">
			<ele>0.7</ele>
		</trkpt>
		<trkpt lat="43.365852125" lon="4.856288215">
			<ele>1.5</ele>
		</trkpt>
		<trkpt lat="43.365572884" lon="4.857576409">
			<ele>1.2</ele>
		</trkpt>
		<trkpt lat="43.364945285" lon="4.859807875">
			<ele>1.3</ele>
		</trkpt>
		<trkpt lat="43.364196561" lon="4.863264014">
			<ele>0.6</ele>
		</trkpt>
		<trkpt lat="43.364060909" lon="4.864297356">
			<ele>0.5</ele>
		</trkpt>
		<trkpt lat="43.363950823" lon="4.864675598">
			<ele>0.7</ele>
		</trkpt>
		<trkpt lat="43.363419773" lon="4.866063241">
			<ele>1.2</ele>
		</trkpt>
		<trkpt lat="43.362308691" lon="4.872082123">
			<ele>0.8</ele>
		</trkpt>
		<trkpt lat="43.362213701" lon="4.872411883">
			<ele>0.7</ele>
		</trkpt>
		<trkpt lat="43.362110543" lon="4.872584083">
			<ele>0.1</ele>
		</trkpt>
		<trkpt lat="43.361943899" lon="4.872731063">
			<ele>0.1</ele>
		</trkpt>
		<trkpt lat="43.361028471" lon="4.87338974">
			<ele>0</ele>
		</trkpt>
		<trkpt lat="43.360952911" lon="4.873521201">
			<ele>0.1</ele>
		</trkpt>
		<trkpt lat="43.360309735" lon="4.875648345">
			<ele>0</ele>
		</trkpt>
		<trkpt lat="43.360187955" lon="4.875963171">
			<ele>0</ele>
		</trkpt>
		<trkpt lat="43.359975283" lon="4.876254099">
			<ele>0</ele>
		</trkpt>
		<trkpt lat="43.359700988" lon="4.876504154">
			<ele>0</ele>
		</trkpt>
		<trkpt lat="43.359523148" lon="4.876612077">
			<ele>0</ele>
		</trkpt>
		<trkpt lat="43.35572407" lon="4.877594423">
			<ele>0.4</ele>
		</trkpt>
		<trkpt lat="43.354872202" lon="4.877909252">
			<ele>1.2</ele>
		</trkpt>
		<trkpt lat="43.354316926" lon="4.878214165">
			<ele>1.2</ele>
		</trkpt>
		<trkpt lat="43.353715591" lon="4.878703546">
			<ele>0.9</ele>
		</trkpt>
	</trkseg>
</trk>
<trk>
	<name>28: Beaucaire – Saint-Gilles (Developed + Signed)</name>
	<desc>Developed + Signed</desc>
	<trkseg>
		<trkpt lat="43.805066989" lon="4.648700897">
			<ele>9.2</ele>
		</trkpt>
		<trkpt lat="43.805643664" lon="4.644458145">
			<ele>8.7</ele>
		</trkpt>
		<trkpt lat="43.805692027" lon="4.644350857">
			<ele>8.7</ele>
		</trkpt>
		<trkpt lat="43.806059071" lon="4.641902084">
			<ele>8.8</ele>
		</trkpt>
		<trkpt lat="43.806027136" lon="4.641769063">
			<ele>8.7</ele>
		</trkpt>
		<trkpt lat="43.806432149" lon="4.638875043">
			<ele>8.1</ele>
		</trkpt>
		<trkpt lat="43.806516304" lon="4.638466677">
			<ele>7.9</ele>
		</trkpt>
		<trkpt lat="43.806476071" lon="4.638247658">
			<ele>7.1</ele>
		</trkpt>
		<trkpt lat="43.806355036" lon="4.63809561">
			<ele>7.1</ele>
		</trkpt>
		<trkpt lat="43.806109027" lon="4.638048252">
			<ele>6.6</ele>
		</trkpt>
		<trkpt lat="43.806009953" lon="4.63808924">
			<ele>7.4</ele>
		</trkpt>
		<trkpt lat="43.805599324" lon="4.63809737">
			<ele>7.8</ele>
		</trkpt>
		<trkpt lat="43.805394554" lon="4.637743486">
			<ele>7</ele>
		</trkpt>
		<trkpt lat="43.805465884" lon="4.637696799">
			<ele>7</ele>
		</trkpt>
		<trkpt lat="43.805583733" lon="4.637828898">
			<ele>7.3</ele>
		</trkpt>
		<trkpt lat="43.805876932" lon="4.637806686">
			<ele>7</ele>
		</trkpt>
		<trkpt lat="43.805994614" lon="4.637656817">
			<ele>6.4</ele>
		</trkpt>
		<trkpt lat="43.806544551" lon="4.634130634">
			<ele>7</ele>
		</trkpt>
		<trkpt lat="43.806622251" lon="4.633979592">
			<ele>7.2</ele>
		</trkpt>
		<trkpt lat="43.806824171" lon="4.632112524">
			<ele>8.2</ele>
		</trkpt>
		<trkpt lat="43.806881587" lon="4.630890861">
			<ele>8.5</ele>
		</trkpt>
		<trkpt lat="43.806838756" lon="4.630119056">
			<ele>8.3</ele>
		</trkpt>
		<trkpt lat="43.806785111" lon="4.629697781">
			<ele>8.4</ele>
		</trkpt>
		<trkpt lat="43.80642251" lon="4.628080912">
			<ele>9.1</ele>
		</trkpt>
		<trkpt lat="43.806378841" lon="4.627633318">
			<ele>9.2</ele>
		</trkpt>
		<trkpt lat="43.806382696" lon="4.627372976">
			<ele>9.2</ele>
		</trkpt>
		<trkpt lat="43.806282281" lon="4.627112718">
			<ele>8.8</ele>
		</trkpt>
		<trkpt lat="43.806175412" lon="4.626990175">
			<ele>8.9</ele>
		</trkpt>
		<trkpt lat="43.805781714" lon="4.62602064">
			<ele>9.1</ele>
		</trkpt>
		<trkpt lat="43.805016278" lon="4.624587335">
			<ele>8.2</ele>
		</trkpt>
		<trkpt lat="43.800367423" lon="4.616333172">
			<ele>5.2</ele>
		</trkpt>
		<trkpt lat="43.799965008" lon="4.615766974">
			<ele>5.2</ele>
		</trkpt>
		<trkpt lat="43.800301039" lon="4.615390124">
			<ele>6.2</ele>
		</trkpt>
		<trkpt lat="43.800304643" lon="4.615319464">
			<ele>6.2</ele>
		</trkpt>
		<trkpt lat="43.799925865" lon="4.614768438">
			<ele>6.6</ele>
		</trkpt>
		<trkpt lat="43.79195325" lon="4.600401605">
			<ele>3.8</ele>
		</trkpt>
		<trkpt lat="43.790169832" lon="4.597300803">
			<ele>5.9</ele>
		</trkpt>
		<trkpt lat="43.777090459" lon="4.57388822">
			<ele>2.7</ele>
		</trkpt>
		<trkpt lat="43.776790219" lon="4.573475746">
			<ele>2.3</ele>
		</trkpt>
		<trkpt lat="43.776567177" lon="4.572936706">
			<ele>2.3</ele>
		</trkpt>
		<trkpt lat="43.775325063" lon="4.570752885">
			<ele>4.3</ele>
		</trkpt>
		<trkpt lat="43.772985171" lon="4.566518012">
			<ele>4</ele>
		</trkpt>
		<trkpt lat="43.769694519" lon="4.560800046">
			<ele>2.7</ele>
		</trkpt>
		<trkpt lat="43.764124996" lon="4.552112203">
			<ele>4.6</ele>
		</trkpt>
		<trkpt lat="43.745820847" lon="4.523090534">
			<ele>2.8</ele>
		</trkpt>
		<trkpt lat="43.744968073" lon="4.521874236">
			<ele>3.6</ele>
		</trkpt>
		<trkpt lat="43.744721309" lon="4.521276942">
			<ele>3.4</ele>
		</trkpt>
		<trkpt lat="43.744401288" lon="4.521467378">
			<ele>3.4</ele>
		</trkpt>
		<trkpt lat="43.74322866" lon="4.52154642">
			<ele>3.5</ele>
		</trkpt>
		<trkpt lat="43.742680148" lon="4.521421613">
			<ele>3.3</ele>
		</trkpt>
		<trkpt lat="43.741669123" lon="4.521370232">
			<ele>2</ele>
		</trkpt>
		<trkpt lat="43.741564349" lon="4.52124509">
			<ele>2</ele>
		</trkpt>
		<trkpt lat="43.741417582" lon="4.520947365">
			<ele>1.8</ele>
		</trkpt>
		<trkpt lat="43.741034026" lon="4.521084074">
			<ele>2.1</ele>
		</trkpt>
		<trkpt lat="43.740822802" lon="4.521592604">
			<ele>2.9</ele>
		</trkpt>
		<trkpt lat="43.739427551" lon="4.521726882">
			<ele>3.4</ele>
		</trkpt>
		<trkpt lat="43.738781055" lon="4.521624036">
			<ele>3.4</ele>
		</trkpt>
		<trkpt lat="43.737376583" lon="4.521146016">
			<ele>3</ele>
		</trkpt>
		<trkpt lat="43.735838336" lon="4.520713426">
			<ele>3.2</ele>
		</trkpt>
		<trkpt lat="43.735571959" lon="4.520718623">
			<ele>3.8</ele>
		</trkpt>
		<trkpt lat="43.734708707" lon="4.520891542">
			<ele>3.9</ele>
		</trkpt>
		<trkpt lat="43.733065267" lon="4.521631245">
			<ele>3.3</ele>
		</trkpt>
		<trkpt lat="43.732337047" lon="4.522297271">
			<ele>2.1</ele>
		</trkpt>
		<trkpt lat="43.728269729" lon="4.526913352">
			<ele>3</ele>
		</trkpt>
		<trkpt lat="43.72845631" lon="4.52753026">
			<ele>3</ele>
		</trkpt>
		<trkpt lat="43.72775617" lon="4.528152868">
			<ele>0.9</ele>
		</trkpt>
		<trkpt lat="43.727340595" lon="4.528614208">
			<ele>2.7</ele>
		</trkpt>
		<trkpt lat="43.726733075" lon="4.529528087">
			<ele>3.5</ele>
		</trkpt>
		<trkpt lat="43.72539658" lon="4.531793213">
			<ele>3.1</ele>
		</trkpt>
		<trkpt lat="43.724805153" lon="4.532193448">
			<ele>2.6</ele>
		</trkpt>
		<trkpt lat="43.721264889" lon="4.534020033">
			<ele>4</ele>
		</trkpt>
		<trkpt lat="43.720071306" lon="4.534954783">
			<ele>3.9</ele>
		</trkpt>
		<trkpt lat="43.716312441" lon="4.53842707">
			<ele>2.9</ele>
		</trkpt>
		<trkpt lat="43.712549134" lon="4.541580593">
			<ele>3.7</ele>
		</trkpt>
		<trkpt lat="43.710871077" lon="4.542881297">
			<ele>3.2</ele>
		</trkpt>
		<trkpt lat="43.710241177" lon="4.543488314">
			<ele>3.1</ele>
		</trkpt>
		<trkpt lat="43.709545563" lon="4.544350477">
			<ele>3.8</ele>
		</trkpt>
		<trkpt lat="43.709245659" lon="4.544844003">
			<ele>4.4</ele>
		</trkpt>
		<trkpt lat="43.708478379" lon="4.547001086">
			<ele>3.6</ele>
		</trkpt>
		<trkpt lat="43.708162884" lon="4.548909813">
			<ele>3.5</ele>
		</trkpt>
		<trkpt lat="43.708051992" lon="4.548888775">
			<ele>3.5</ele>
		</trkpt>
		<trkpt lat="43.708188281" lon="4.547813293">
			<ele>3.6</ele>
		</trkpt>
		<trkpt lat="43.708184761" lon="4.547529146">
			<ele>3.6</ele>
		</trkpt>
		<trkpt lat="43.707841354" lon="4.545882605">
			<ele>5.3</ele>
		</trkpt>
		<trkpt lat="43.707734988" lon="4.545034943">
			<ele>5.7</ele>
		</trkpt>
		<trkpt lat="43.707492751" lon="4.544231705">
			<ele>6.1</ele>
		</trkpt>
		<trkpt lat="43.707461822" lon="4.543828536">
			<ele>5.5</ele>
		</trkpt>
		<trkpt lat="43.70755419" lon="4.543340793">
			<ele>4.6</ele>
		</trkpt>
		<trkpt lat="43.708536969" lon="4.540608041">
			<ele>5.2</ele>
		</trkpt>
		<trkpt lat="43.708636378" lon="4.540077886">
			<ele>6.1</ele>
		</trkpt>
		<trkpt lat="43.708664709" lon="4.538075114">
			<ele>6.6</ele>
		</trkpt>
		<trkpt lat="43.708868221" lon="4.535613265">
			<ele>8</ele>
		</trkpt>
		<trkpt lat="43.708833772" lon="4.535227111">
			<ele>8.4</ele>
		</trkpt>
		<trkpt lat="43.708695554" lon="4.534727549">
			<ele>7.7</ele>
		</trkpt>
		<trkpt lat="43.708695219" lon="4.534541471">
			<ele>7.1</ele>
		</trkpt>
		<trkpt lat="43.708753725" lon="4.534398895">
			<ele>7.1</ele>
		</trkpt>
		<trkpt lat="43.710367995" lon="4.532830641">
			<ele>3.4</ele>
		</trkpt>
		<trkpt lat="43.711299476" lon="4.532717401">
			<ele>2.3</ele>
		</trkpt>
		<trkpt lat="43.71137835" lon="4.532588404">
			<ele>2.1</ele>
		</trkpt>
		<trkpt lat="43.711384553" lon="4.532382712">
			<ele>2.3</ele>
		</trkpt>
		<trkpt lat="43.710921788" lon="4.52659023">
			<ele>3.4</ele>
		</trkpt>
		<trkpt lat="43.710866551" lon="4.526316812">
			<ele>3.2</ele>
		</trkpt>
		<trkpt lat="43.710731351" lon="4.526124196">
			<ele>3.1</ele>
		</trkpt>
		<trkpt lat="43.710631355" lon="4.526077677">
			<ele>3</ele>
		</trkpt>
		<trkpt lat="43.709736168" lon="4.526173985">
			<ele>4.6</ele>
		</trkpt>
		<trkpt lat="43.709529721" lon="4.526095027">
			<ele>5.2</ele>
		</trkpt>
		<trkpt lat="43.709248173" lon="4.52590392">
			<ele>5.2</ele>
		</trkpt>
		<trkpt lat="43.708787168" lon="4.525318108">
			<ele>4.8</ele>
		</trkpt>
		<trkpt lat="43.707853508" lon="4.523903327">
			<ele>3.9</ele>
		</trkpt>
		<trkpt lat="43.707405998" lon="4.523364957">
			<ele>4.2</ele>
		</trkpt>
		<trkpt lat="43.706755144" lon="4.522686778">
			<ele>3.8</ele>
		</trkpt>
		<trkpt lat="43.706658249" lon="4.522488462">
			<ele>3.8</ele>
		</trkpt>
		<trkpt lat="43.706326996" lon="4.521184908">
			<ele>4</ele>
		</trkpt>
		<trkpt lat="43.706292546" lon="4.520800179">
			<ele>4</ele>
		</trkpt>
		<trkpt lat="43.706314172" lon="4.518601187">
			<ele>5.1</ele>
		</trkpt>
		<trkpt lat="43.706253235" lon="4.518250991">
			<ele>5</ele>
		</trkpt>
		<trkpt lat="43.706079898" lon="4.517652187">
			<ele>5.3</ele>
		</trkpt>
		<trkpt lat="43.7060343" lon="4.51725279">
			<ele>5.2</ele>
		</trkpt>
		<trkpt lat="43.706191293" lon="4.514569072">
			<ele>4.9</ele>
		</trkpt>
		<trkpt lat="43.706643161" lon="4.50853385">
			<ele>5.2</ele>
		</trkpt>
		<trkpt lat="43.706502429" lon="4.50702318">
			<ele>4.2</ele>
		</trkpt>
		<trkpt lat="43.705828524" lon="4.500852758">
			<ele>4.9</ele>
		</trkpt>
		<trkpt lat="43.70564144" lon="4.49954208">
			<ele>4.3</ele>
		</trkpt>
		<trkpt lat="43.705507581" lon="4.498865241">
			<ele>4</ele>
		</trkpt>
		<trkpt lat="43.705309936" lon="4.498082455">
			<ele>4</ele>
		</trkpt>
		<trkpt lat="43.704137727" lon="4.495440731">
			<ele>3.9</ele>
		</trkpt>
		<trkpt lat="43.703858526" lon="4.494977212">
			<ele>3.8</ele>
		</trkpt>
		<trkpt lat="43.703134245" lon="4.493947243">
			<ele>2.8</ele>
		</trkpt>
		<trkpt lat="43.702726633" lon="4.493464613">
			<ele>4.3</ele>
		</trkpt>
		<trkpt lat="43.702760999" lon="4.493494369">
			<ele>3.8</ele>
		</trkpt>
		<trkpt lat="43.702262611" lon="4.492968572">
			<ele>5.1</ele>
		</trkpt>
		<trkpt lat="43.702134284" lon="4.492945271">
			<ele>5.7</ele>
		</trkpt>
		<trkpt lat="43.702014004" lon="4.492777381">
			<ele>5.5</ele>
		</trkpt>
		<trkpt lat="43.701950301" lon="4.492613096">
			<ele>5.5</ele>
		</trkpt>
		<trkpt lat="43.701506731" lon="4.490053179">
			<ele>3.4</ele>
		</trkpt>
		<trkpt lat="43.701086965" lon="4.488936793">
			<ele>3.5</ele>
		</trkpt>
		<trkpt lat="43.700722688" lon="4.487410868">
			<ele>4.7</ele>
		</trkpt>
		<trkpt lat="43.70057634" lon="4.486634284">
			<ele>5.8</ele>
		</trkpt>
		<trkpt lat="43.700150036" lon="4.485326037">
			<ele>5.5</ele>
		</trkpt>
		<trkpt lat="43.699930179" lon="4.484829325">
			<ele>4.7</ele>
		</trkpt>
		<trkpt lat="43.699606973" lon="4.483567597">
			<ele>3.8</ele>
		</trkpt>
		<trkpt lat="43.699141945" lon="4.481457202">
			<ele>3.3</ele>
		</trkpt>
		<trkpt lat="43.698931727" lon="4.480942385">
			<ele>3.8</ele>
		</trkpt>
		<trkpt lat="43.698354716" lon="4.48000906">
			<ele>2.7</ele>
		</trkpt>
		<trkpt lat="43.696427885" lon="4.477684842">
			<ele>3.7</ele>
		</trkpt>
		<trkpt lat="43.696256894" lon="4.477529358">
			<ele>4.1</ele>
		</trkpt>
		<trkpt lat="43.695826734" lon="4.476985037">
			<ele>4.9</ele>
		</trkpt>
		<trkpt lat="43.695044787" lon="4.476150619">
			<ele>6</ele>
		</trkpt>
		<trkpt lat="43.694415138" lon="4.475326259">
			<ele>6.5</ele>
		</trkpt>
		<trkpt lat="43.693989086" lon="4.474887215">
			<ele>5.3</ele>
		</trkpt>
		<trkpt lat="43.693745424" lon="4.47434281">
			<ele>4.5</ele>
		</trkpt>
		<trkpt lat="43.693566638" lon="4.474054975">
			<ele>4.4</ele>
		</trkpt>
		<trkpt lat="43.693200265" lon="4.47372322">
			<ele>4.4</ele>
		</trkpt>
		<trkpt lat="43.693200936" lon="4.473481905">
			<ele>4</ele>
		</trkpt>
		<trkpt lat="43.693326245" lon="4.472819315">
			<ele>3.5</ele>
		</trkpt>
		<trkpt lat="43.693285341" lon="4.472494097">
			<ele>3.5</ele>
		</trkpt>
		<trkpt lat="43.693127929" lon="4.472062262">
			<ele>4.1</ele>
		</trkpt>
		<trkpt lat="43.69187056" lon="4.469478121">
			<ele>3.8</ele>
		</trkpt>
		<trkpt lat="43.691363622" lon="4.468647055">
			<ele>3.8</ele>
		</trkpt>
		<trkpt lat="43.690742104" lon="4.467720939">
			<ele>4.4</ele>
		</trkpt>
		<trkpt lat="43.690416048" lon="4.467328247">
			<ele>4.6</ele>
		</trkpt>
		<trkpt lat="43.689898382" lon="4.466831954">
			<ele>4.8</ele>
		</trkpt>
		<trkpt lat="43.688873946" lon="4.465961745">
			<ele>2.7</ele>
		</trkpt>
		<trkpt lat="43.687428151" lon="4.463626463">
			<ele>3.4</ele>
		</trkpt>
		<trkpt lat="43.686689873" lon="4.462508736">
			<ele>4</ele>
		</trkpt>
		<trkpt lat="43.683513551" lon="4.460215699">
			<ele>2.4</ele>
		</trkpt>
		<trkpt lat="43.683282378" lon="4.46012903">
			<ele>2.3</ele>
		</trkpt>
		<trkpt lat="43.680488271" lon="4.460040601">
			<ele>2.6</ele>
		</trkpt>
		<trkpt lat="43.678448535" lon="4.45993918">
			<ele>1.9</ele>
		</trkpt>
		<trkpt lat="43.678166148" lon="4.459891738">
			<ele>2.1</ele>
		</trkpt>
		<trkpt lat="43.677643788" lon="4.459582781">
			<ele>2.7</ele>
		</trkpt>
		<trkpt lat="43.676924956" lon="4.459046507">
			<ele>2.9</ele>
		</trkpt>
		<trkpt lat="43.676448529" lon="4.458756242">
			<ele>2.5</ele>
		</trkpt>
		<trkpt lat="43.675927677" lon="4.458522554">
			<ele>2.4</ele>
		</trkpt>
		<trkpt lat="43.674883292" lon="4.458145956">
			<ele>2.2</ele>
		</trkpt>
		<trkpt lat="43.674627393" lon="4.45801151">
			<ele>1.7</ele>
		</trkpt>
		<trkpt lat="43.674447433" lon="4.457837334">
			<ele>1.6</ele>
		</trkpt>
		<trkpt lat="43.674236209" lon="4.457574058">
			<ele>1.5</ele>
		</trkpt>
		<trkpt lat="43.674122634" lon="4.457324278">
			<ele>1.6</ele>
		</trkpt>
		<trkpt lat="43.674068655" lon="4.457082376">
			<ele>1.6</ele>
		</trkpt>
		<trkpt lat="43.674004533" lon="4.456519363">
			<ele>1.9</ele>
		</trkpt>
		<trkpt lat="43.673741845" lon="4.45648022">
			<ele>2</ele>
		</trkpt>
		<trkpt lat="43.671111771" lon="4.452219615">
			<ele>3.6</ele>
		</trkpt>
		<trkpt lat="43.672363441" lon="4.449244123">
			<ele>2.4</ele>
		</trkpt>
		<trkpt lat="43.672509034" lon="4.44879326">
			<ele>2.9</ele>
		</trkpt>
		<trkpt lat="43.672455306" lon="4.448538367">
			<ele>3</ele>
		</trkpt>
		<trkpt lat="43.669193656" lon="4.446047684">
			<ele>4.2</ele>
		</trkpt>
		<trkpt lat="43.669170355" lon="4.445776111">
			<ele>4.3</ele>
		</trkpt>
		<trkpt lat="43.669956577" lon="4.443923878">
			<ele>3.3</ele>
		</trkpt>
	</trkseg>
</trk>
<trk>
	<name>29: Saint-Gilles – Aigues-Mortes (Developed + Signed)</name>
	<desc>Developed + Signed</desc>
	<trkseg>
		<trkpt lat="43.669956577" lon="4.443923878">
			<ele>3.3</ele>
		</trkpt>
		<trkpt lat="43.669050996" lon="4.443397662">
			<ele>2.5</ele>
		</trkpt>
		<trkpt lat="43.668345324" lon="4.443157017">
			<ele>2</ele>
		</trkpt>
		<trkpt lat="43.666783105" lon="4.442776814">
			<ele>3</ele>
		</trkpt>
		<trkpt lat="43.666040384" lon="4.44232109">
			<ele>1.7</ele>
		</trkpt>
		<trkpt lat="43.665340998" lon="4.441953795">
			<ele>1.8</ele>
		</trkpt>
		<trkpt lat="43.664793409" lon="4.441572502">
			<ele>2.4</ele>
		</trkpt>
		<trkpt lat="43.6633394" lon="4.442105591">
			<ele>0.9</ele>
		</trkpt>
		<trkpt lat="43.66286029" lon="4.442124451">
			<ele>0.6</ele>
		</trkpt>
		<trkpt lat="43.661425476" lon="4.441750785">
			<ele>1.4</ele>
		</trkpt>
		<trkpt lat="43.658626926" lon="4.440726852">
			<ele>2.3</ele>
		</trkpt>
		<trkpt lat="43.657029252" lon="4.440470114">
			<ele>2.1</ele>
		</trkpt>
		<trkpt lat="43.654776028" lon="4.439520445">
			<ele>0.7</ele>
		</trkpt>
		<trkpt lat="43.651798441" lon="4.438136509">
			<ele>2.1</ele>
		</trkpt>
		<trkpt lat="43.651021271" lon="4.437841382">
			<ele>1.8</ele>
		</trkpt>
		<trkpt lat="43.649075999" lon="4.436453842">
			<ele>2.5</ele>
		</trkpt>
		<trkpt lat="43.647809829" lon="4.435682539">
			<ele>4.4</ele>
		</trkpt>
		<trkpt lat="43.647281517" lon="4.43517711">
			<ele>4.9</ele>
		</trkpt>
		<trkpt lat="43.646496552" lon="4.432911901">
			<ele>4.1</ele>
		</trkpt>
		<trkpt lat="43.645790628" lon="4.431001581">
			<ele>4.6</ele>
		</trkpt>
		<trkpt lat="43.64543775" lon="4.430655325">
			<ele>4.6</ele>
		</trkpt>
		<trkpt lat="43.645115801" lon="4.430600926">
			<ele>4.9</ele>
		</trkpt>
		<trkpt lat="43.644713218" lon="4.430621797">
			<ele>4.7</ele>
		</trkpt>
		<trkpt lat="43.644365621" lon="4.430735456">
			<ele>4.1</ele>
		</trkpt>
		<trkpt lat="43.641787012" lon="4.432546701">
			<ele>2.6</ele>
		</trkpt>
		<trkpt lat="43.641450814" lon="4.432646614">
			<ele>1.8</ele>
		</trkpt>
		<trkpt lat="43.641093493" lon="4.432637645">
			<ele>1.6</ele>
		</trkpt>
		<trkpt lat="43.640882856" lon="4.432586012">
			<ele>1.6</ele>
		</trkpt>
		<trkpt lat="43.638024879" lon="4.431422185">
			<ele>3.1</ele>
		</trkpt>
		<trkpt lat="43.636171891" lon="4.430622384">
			<ele>2.5</ele>
		</trkpt>
		<trkpt lat="43.633292959" lon="4.428257681">
			<ele>2.4</ele>
		</trkpt>
		<trkpt lat="43.632289813" lon="4.427355537">
			<ele>2.5</ele>
		</trkpt>
		<trkpt lat="43.629713635" lon="4.425570779">
			<ele>4.4</ele>
		</trkpt>
		<trkpt lat="43.629423118" lon="4.425532641">
			<ele>4.4</ele>
		</trkpt>
		<trkpt lat="43.629128746" lon="4.42586272">
			<ele>4.3</ele>
		</trkpt>
		<trkpt lat="43.628637985" lon="4.425912341">
			<ele>4.2</ele>
		</trkpt>
		<trkpt lat="43.626896394" lon="4.425499365">
			<ele>3.2</ele>
		</trkpt>
		<trkpt lat="43.625073665" lon="4.424886229">
			<ele>1.8</ele>
		</trkpt>
		<trkpt lat="43.624830673" lon="4.424726972">
			<ele>1.7</ele>
		</trkpt>
		<trkpt lat="43.624319545" lon="4.422823777">
			<ele>2.4</ele>
		</trkpt>
		<trkpt lat="43.624191302" lon="4.422404515">
			<ele>2.6</ele>
		</trkpt>
		<trkpt lat="43.624050151" lon="4.422110058">
			<ele>2.9</ele>
		</trkpt>
		<trkpt lat="43.623159406" lon="4.421438584">
			<ele>1.8</ele>
		</trkpt>
		<trkpt lat="43.622796469" lon="4.42099954">
			<ele>0.9</ele>
		</trkpt>
		<trkpt lat="43.622293304" lon="4.420204181">
			<ele>0.6</ele>
		</trkpt>
		<trkpt lat="43.620773329" lon="4.418690745">
			<ele>1.4</ele>
		</trkpt>
		<trkpt lat="43.620046702" lon="4.418034693">
			<ele>2.3</ele>
		</trkpt>
		<trkpt lat="43.618949176" lon="4.417477716">
			<ele>2.2</ele>
		</trkpt>
		<trkpt lat="43.61842296" lon="4.416882852">
			<ele>2.2</ele>
		</trkpt>
		<trkpt lat="43.617167267" lon="4.416083051">
			<ele>2.4</ele>
		</trkpt>
		<trkpt lat="43.615876035" lon="4.415109577">
			<ele>3.1</ele>
		</trkpt>
		<trkpt lat="43.614409705" lon="4.414252695">
			<ele>2.4</ele>
		</trkpt>
		<trkpt lat="43.614104939" lon="4.413818009">
			<ele>2.7</ele>
		</trkpt>
		<trkpt lat="43.61321696" lon="4.413402602">
			<ele>0.9</ele>
		</trkpt>
		<trkpt lat="43.613095925" lon="4.413127005">
			<ele>1.1</ele>
		</trkpt>
		<trkpt lat="43.611439996" lon="4.398666797">
			<ele>1.6</ele>
		</trkpt>
		<trkpt lat="43.611178816" lon="4.395873779">
			<ele>0.6</ele>
		</trkpt>
		<trkpt lat="43.610796937" lon="4.394525299">
			<ele>0.3</ele>
		</trkpt>
		<trkpt lat="43.609995878" lon="4.392094463">
			<ele>0.4</ele>
		</trkpt>
		<trkpt lat="43.609617854" lon="4.390598545">
			<ele>0.8</ele>
		</trkpt>
		<trkpt lat="43.609338821" lon="4.390062019">
			<ele>0.9</ele>
		</trkpt>
		<trkpt lat="43.609020895" lon="4.38969464">
			<ele>1</ele>
		</trkpt>
		<trkpt lat="43.608815539" lon="4.389228774">
			<ele>0.9</ele>
		</trkpt>
		<trkpt lat="43.608580343" lon="4.389171023">
			<ele>1.1</ele>
		</trkpt>
		<trkpt lat="43.606562986" lon="4.385235552">
			<ele>1.1</ele>
		</trkpt>
		<trkpt lat="43.605569395" lon="4.382356452">
			<ele>1.3</ele>
		</trkpt>
		<trkpt lat="43.605704428" lon="4.37663245">
			<ele>1.8</ele>
		</trkpt>
		<trkpt lat="43.605167986" lon="4.372870736">
			<ele>0.2</ele>
		</trkpt>
		<trkpt lat="43.604819383" lon="4.369990379">
			<ele>0.9</ele>
		</trkpt>
		<trkpt lat="43.6049058" lon="4.367103567">
			<ele>1.4</ele>
		</trkpt>
		<trkpt lat="43.604890713" lon="4.361390127">
			<ele>0.8</ele>
		</trkpt>
		<trkpt lat="43.60471419" lon="4.360565348">
			<ele>0.9</ele>
		</trkpt>
		<trkpt lat="43.604759033" lon="4.360001581">
			<ele>1.3</ele>
		</trkpt>
		<trkpt lat="43.604904794" lon="4.359287024">
			<ele>1.4</ele>
		</trkpt>
		<trkpt lat="43.605240825" lon="4.358218666">
			<ele>1.7</ele>
		</trkpt>
		<trkpt lat="43.605247446" lon="4.357689098">
			<ele>1.5</ele>
		</trkpt>
		<trkpt lat="43.604809073" lon="4.354936061">
			<ele>-0.6</ele>
		</trkpt>
		<trkpt lat="43.604448567" lon="4.349030424">
			<ele>2.1</ele>
		</trkpt>
		<trkpt lat="43.604718213" lon="4.346228018">
			<ele>1.4</ele>
		</trkpt>
		<trkpt lat="43.604791471" lon="4.344349718">
			<ele>1</ele>
		</trkpt>
		<trkpt lat="43.604808151" lon="4.342999812">
			<ele>0.9</ele>
		</trkpt>
		<trkpt lat="43.604984003" lon="4.34083309">
			<ele>1.9</ele>
		</trkpt>
		<trkpt lat="43.605228" lon="4.339260897">
			<ele>2.1</ele>
		</trkpt>
		<trkpt lat="43.605279717" lon="4.338048035">
			<ele>2</ele>
		</trkpt>
		<trkpt lat="43.605414749" lon="4.337196937">
			<ele>2.1</ele>
		</trkpt>
		<trkpt lat="43.605336378" lon="4.336510794">
			<ele>1.8</ele>
		</trkpt>
		<trkpt lat="43.606027131" lon="4.336139057">
			<ele>0.9</ele>
		</trkpt>
		<trkpt lat="43.607155335" lon="4.334896524">
			<ele>0.3</ele>
		</trkpt>
		<trkpt lat="43.610306428" lon="4.330969183">
			<ele>1.2</ele>
		</trkpt>
		<trkpt lat="43.614626545" lon="4.325949848">
			<ele>-0.4</ele>
		</trkpt>
		<trkpt lat="43.627535514" lon="4.31054743">
			<ele>0.3</ele>
		</trkpt>
		<trkpt lat="43.632082696" lon="4.305164739">
			<ele>-0.6</ele>
		</trkpt>
		<trkpt lat="43.635912136" lon="4.300519824">
			<ele>-0.2</ele>
		</trkpt>
		<trkpt lat="43.63626141" lon="4.30000199">
			<ele>0.2</ele>
		</trkpt>
		<trkpt lat="43.636818136" lon="4.298953163">
			<ele>1.2</ele>
		</trkpt>
		<trkpt lat="43.637041933" lon="4.298684103">
			<ele>1.7</ele>
		</trkpt>
		<trkpt lat="43.637403528" lon="4.298503892">
			<ele>2</ele>
		</trkpt>
		<trkpt lat="43.638266194" lon="4.298268948">
			<ele>1.4</ele>
		</trkpt>
		<trkpt lat="43.63868311" lon="4.298234666">
			<ele>1.3</ele>
		</trkpt>
		<trkpt lat="43.638448249" lon="4.298111033">
			<ele>1.2</ele>
		</trkpt>
		<trkpt lat="43.638062262" lon="4.297994524">
			<ele>1.3</ele>
		</trkpt>
		<trkpt lat="43.637785156" lon="4.296469772">
			<ele>1</ele>
		</trkpt>
		<trkpt lat="43.637577453" lon="4.295559833">
			<ele>0.3</ele>
		</trkpt>
		<trkpt lat="43.636676817" lon="4.290336398">
			<ele>0.3</ele>
		</trkpt>
		<trkpt lat="43.636213214" lon="4.288478214">
			<ele>0.4</ele>
		</trkpt>
		<trkpt lat="43.635117951" lon="4.285982167">
			<ele>0</ele>
		</trkpt>
		<trkpt lat="43.631877004" lon="4.278313732">
			<ele>0.5</ele>
		</trkpt>
		<trkpt lat="43.631699643" lon="4.277839819">
			<ele>1</ele>
		</trkpt>
		<trkpt lat="43.630631034" lon="4.275378725">
			<ele>0.3</ele>
		</trkpt>
		<trkpt lat="43.630121498" lon="4.274312295">
			<ele>1</ele>
		</trkpt>
		<trkpt lat="43.629884877" lon="4.273911975">
			<ele>1.2</ele>
		</trkpt>
		<trkpt lat="43.628719709" lon="4.27226929">
			<ele>0.3</ele>
		</trkpt>
		<trkpt lat="43.62012742" lon="4.260428846">
			<ele>0.1</ele>
		</trkpt>
		<trkpt lat="43.61973104" lon="4.259838173">
			<ele>-0.3</ele>
		</trkpt>
		<trkpt lat="43.61940029" lon="4.259433998">
			<ele>0.4</ele>
		</trkpt>
		<trkpt lat="43.61898505" lon="4.258804936">
			<ele>1.2</ele>
		</trkpt>
		<trkpt lat="43.607012675" lon="4.242311278">
			<ele>0.5</ele>
		</trkpt>
		<trkpt lat="43.606377914" lon="4.241539724">
			<ele>0.3</ele>
		</trkpt>
		<trkpt lat="43.606178173" lon="4.241137309">
			<ele>0.4</ele>
		</trkpt>
		<trkpt lat="43.605842142" lon="4.240674376">
			<ele>0.2</ele>
		</trkpt>
		<trkpt lat="43.595135937" lon="4.22598551">
			<ele>0</ele>
		</trkpt>
		<trkpt lat="43.594887917" lon="4.225756265">
			<ele>0.2</ele>
		</trkpt>
		<trkpt lat="43.594701587" lon="4.225499863">
			<ele>0.3</ele>
		</trkpt>
		<trkpt lat="43.594604106" lon="4.225302469">
			<ele>0.3</ele>
		</trkpt>
		<trkpt lat="43.594179143" lon="4.224678101">
			<ele>0.3</ele>
		</trkpt>
		<trkpt lat="43.591454857" lon="4.220889481">
			<ele>1.5</ele>
		</trkpt>
		<trkpt lat="43.591181942" lon="4.220438031">
			<ele>1.4</ele>
		</trkpt>
		<trkpt lat="43.590810289" lon="4.219721211">
			<ele>0.6</ele>
		</trkpt>
		<trkpt lat="43.590389433" lon="4.218700295">
			<ele>-0.9</ele>
		</trkpt>
		<trkpt lat="43.588704419" lon="4.213513574">
			<ele>0.1</ele>
		</trkpt>
		<trkpt lat="43.588348691" lon="4.212147156">
			<ele>0.1</ele>
		</trkpt>
		<trkpt lat="43.588136462" lon="4.210598432">
			<ele>1.1</ele>
		</trkpt>
		<trkpt lat="43.588183065" lon="4.21051369">
			<ele>1.1</ele>
		</trkpt>
		<trkpt lat="43.588412813" lon="4.210414281">
			<ele>1.5</ele>
		</trkpt>
		<trkpt lat="43.588688745" lon="4.210430039">
			<ele>1.7</ele>
		</trkpt>
		<trkpt lat="43.588823861" lon="4.210598599">
			<ele>1.7</ele>
		</trkpt>
		<trkpt lat="43.588943806" lon="4.210607233">
			<ele>1.8</ele>
		</trkpt>
		<trkpt lat="43.589293835" lon="4.21049701">
			<ele>1.8</ele>
		</trkpt>
		<trkpt lat="43.589371619" lon="4.210445629">
			<ele>1.8</ele>
		</trkpt>
		<trkpt lat="43.589372289" lon="4.210343957">
			<ele>1.8</ele>
		</trkpt>
		<trkpt lat="43.588549103" lon="4.210091997">
			<ele>1.3</ele>
		</trkpt>
		<trkpt lat="43.586991158" lon="4.210083028">
			<ele>2.8</ele>
		</trkpt>
		<trkpt lat="43.586651272" lon="4.209891921">
			<ele>4</ele>
		</trkpt>
		<trkpt lat="43.58640476" lon="4.209654965">
			<ele>5.2</ele>
		</trkpt>
		<trkpt lat="43.586284815" lon="4.209603248">
			<ele>5.7</ele>
		</trkpt>
		<trkpt lat="43.585969404" lon="4.209588747">
			<ele>6</ele>
		</trkpt>
		<trkpt lat="43.585965213" lon="4.209471149">
			<ele>7.2</ele>
		</trkpt>
		<trkpt lat="43.586049535" lon="4.20944944">
			<ele>7.2</ele>
		</trkpt>
		<trkpt lat="43.586609363" lon="4.209514484">
			<ele>5.3</ele>
		</trkpt>
		<trkpt lat="43.586867106" lon="4.20958112">
			<ele>4.2</ele>
		</trkpt>
		<trkpt lat="43.587208753" lon="4.209726127">
			<ele>1.6</ele>
		</trkpt>
		<trkpt lat="43.587297265" lon="4.209785052">
			<ele>-0.4</ele>
		</trkpt>
		<trkpt lat="43.587380665" lon="4.209912959">
			<ele>-0.5</ele>
		</trkpt>
		<trkpt lat="43.587392903" lon="4.210176403">
			<ele>-0.6</ele>
		</trkpt>
		<trkpt lat="43.587256781" lon="4.210560378">
			<ele>0.9</ele>
		</trkpt>
		<trkpt lat="43.587249489" lon="4.210799849">
			<ele>1</ele>
		</trkpt>
		<trkpt lat="43.587281507" lon="4.211362023">
			<ele>-0.6</ele>
		</trkpt>
		<trkpt lat="43.587384689" lon="4.21212025">
			<ele>-0.8</ele>
		</trkpt>
		<trkpt lat="43.587514105" lon="4.21280371">
			<ele>-0.9</ele>
		</trkpt>
		<trkpt lat="43.587767406" lon="4.213777101">
			<ele>0.2</ele>
		</trkpt>
		<trkpt lat="43.58865966" lon="4.216481941">
			<ele>-0.8</ele>
		</trkpt>
		<trkpt lat="43.588701737" lon="4.216780756">
			<ele>-0.6</ele>
		</trkpt>
		<trkpt lat="43.588670221" lon="4.216852169">
			<ele>-0.6</ele>
		</trkpt>
		<trkpt lat="43.588576679" lon="4.216897348">
			<ele>0.4</ele>
		</trkpt>
		<trkpt lat="43.588285324" lon="4.216613453">
			<ele>1.1</ele>
		</trkpt>
		<trkpt lat="43.587872096" lon="4.216039879">
			<ele>1.3</ele>
		</trkpt>
		<trkpt lat="43.587640169" lon="4.21586059">
			<ele>2.2</ele>
		</trkpt>
		<trkpt lat="43.587517709" lon="4.215658251">
			<ele>2.4</ele>
		</trkpt>
		<trkpt lat="43.58744244" lon="4.215443507">
			<ele>3</ele>
		</trkpt>
		<trkpt lat="43.580749071" lon="4.20621017">
			<ele>2.7</ele>
		</trkpt>
		<trkpt lat="43.579668812" lon="4.20462532">
			<ele>2.2</ele>
		</trkpt>
		<trkpt lat="43.575973566" lon="4.199553765">
			<ele>1.4</ele>
		</trkpt>
		<trkpt lat="43.575755552" lon="4.199118996">
			<ele>1.4</ele>
		</trkpt>
		<trkpt lat="43.575207544" lon="4.198387675">
			<ele>1.3</ele>
		</trkpt>
		<trkpt lat="43.574972347" lon="4.19820847">
			<ele>0.9</ele>
		</trkpt>
		<trkpt lat="43.573356903" lon="4.196026493">
			<ele>1.4</ele>
		</trkpt>
		<trkpt lat="43.573164958" lon="4.195814431">
			<ele>1.5</ele>
		</trkpt>
		<trkpt lat="43.573048281" lon="4.195646122">
			<ele>1.5</ele>
		</trkpt>
		<trkpt lat="43.572993212" lon="4.195450908">
			<ele>1.7</ele>
		</trkpt>
		<trkpt lat="43.572550564" lon="4.19480064">
			<ele>2.1</ele>
		</trkpt>
		<trkpt lat="43.572249318" lon="4.194499142">
			<ele>2.3</ele>
		</trkpt>
		<trkpt lat="43.572007584" lon="4.19417074">
			<ele>2.4</ele>
		</trkpt>
		<trkpt lat="43.57190214" lon="4.193907045">
			<ele>2.4</ele>
		</trkpt>
		<trkpt lat="43.570501356" lon="4.192021452">
			<ele>2.3</ele>
		</trkpt>
		<trkpt lat="43.570459447" lon="4.192076186">
			<ele>2.1</ele>
		</trkpt>
		<trkpt lat="43.570314943" lon="4.191902932">
			<ele>2.1</ele>
		</trkpt>
		<trkpt lat="43.570189382" lon="4.191905027">
			<ele>1.9</ele>
		</trkpt>
		<trkpt lat="43.570102126" lon="4.191816011">
			<ele>1.9</ele>
		</trkpt>
		<trkpt lat="43.570090643" lon="4.191776281">
			<ele>1.9</ele>
		</trkpt>
		<trkpt lat="43.570158956" lon="4.191600261">
			<ele>2.1</ele>
		</trkpt>
		<trkpt lat="43.570473612" lon="4.191164821">
			<ele>2.8</ele>
		</trkpt>
		<trkpt lat="43.570603783" lon="4.191269847">
			<ele>2.7</ele>
		</trkpt>
		<trkpt lat="43.570608812" lon="4.191315444">
			<ele>2.7</ele>
		</trkpt>
		<trkpt lat="43.570578302" lon="4.191337572">
			<ele>2.7</ele>
		</trkpt>
		<trkpt lat="43.570343525" lon="4.191418625">
			<ele>2.6</ele>
		</trkpt>
		<trkpt lat="43.569884113" lon="4.192056656">
			<ele>1.7</ele>
		</trkpt>
		<trkpt lat="43.569800881" lon="4.192104181">
			<ele>1.7</ele>
		</trkpt>
		<trkpt lat="43.56939285" lon="4.191906787">
			<ele>1.8</ele>
		</trkpt>
		<trkpt lat="43.569374661" lon="4.191969652">
			<ele>1.8</ele>
		</trkpt>
	</trkseg>
</trk>
<trk>
	<name>30: Aigues-Mortes – Palavas-les-Flots (Developed + Signed)</name>
	<desc>Developed + Signed</desc>
	<trkseg>
		<trkpt lat="43.569374661" lon="4.191969627">
			<ele>1.8</ele>
		</trkpt>
		<trkpt lat="43.568877782" lon="4.191573821">
			<ele>2.4</ele>
		</trkpt>
		<trkpt lat="43.568515858" lon="4.191160947">
			<ele>3.3</ele>
		</trkpt>
		<trkpt lat="43.568456541" lon="4.190985258">
			<ele>3.3</ele>
		</trkpt>
		<trkpt lat="43.568480448" lon="4.190823003">
			<ele>3</ele>
		</trkpt>
		<trkpt lat="43.568709314" lon="4.190323257">
			<ele>1.5</ele>
		</trkpt>
		<trkpt lat="43.569091755" lon="4.189735618">
			<ele>-0.1</ele>
		</trkpt>
		<trkpt lat="43.569185635" lon="4.188554036">
			<ele>0.3</ele>
		</trkpt>
		<trkpt lat="43.568989948" lon="4.18845515">
			<ele>0.5</ele>
		</trkpt>
		<trkpt lat="43.568044876" lon="4.18716528">
			<ele>1.1</ele>
		</trkpt>
		<trkpt lat="43.566957483" lon="4.185918698">
			<ele>1.2</ele>
		</trkpt>
		<trkpt lat="43.566733499" lon="4.185783884">
			<ele>0.7</ele>
		</trkpt>
		<trkpt lat="43.566048605" lon="4.185603864">
			<ele>0.1</ele>
		</trkpt>
		<trkpt lat="43.565937075" lon="4.185322256">
			<ele>0.2</ele>
		</trkpt>
		<trkpt lat="43.565862219" lon="4.185001362">
			<ele>0.2</ele>
		</trkpt>
		<trkpt lat="43.565798753" lon="4.184896634">
			<ele>0.1</ele>
		</trkpt>
		<trkpt lat="43.565595501" lon="4.184779122">
			<ele>-0.3</ele>
		</trkpt>
		<trkpt lat="43.56520165" lon="4.184709689">
			<ele>-0.5</ele>
		</trkpt>
		<trkpt lat="43.564092661" lon="4.18471919">
			<ele>-0.3</ele>
		</trkpt>
		<trkpt lat="43.563992753" lon="4.184766058">
			<ele>-0.2</ele>
		</trkpt>
		<trkpt lat="43.563730126" lon="4.185016668">
			<ele>0</ele>
		</trkpt>
		<trkpt lat="43.563518697" lon="4.185065416">
			<ele>0.1</ele>
		</trkpt>
		<trkpt lat="43.561831845" lon="4.184585465">
			<ele>-0.7</ele>
		</trkpt>
		<trkpt lat="43.56081336" lon="4.184149951">
			<ele>0.9</ele>
		</trkpt>
		<trkpt lat="43.559786716" lon="4.183498611">
			<ele>0.7</ele>
		</trkpt>
		<trkpt lat="43.559373215" lon="4.183197106">
			<ele>0.5</ele>
		</trkpt>
		<trkpt lat="43.558889925" lon="4.182760609">
			<ele>-0.2</ele>
		</trkpt>
		<trkpt lat="43.55814502" lon="4.181938511">
			<ele>-0.7</ele>
		</trkpt>
		<trkpt lat="43.557684463" lon="4.181322731">
			<ele>-0.7</ele>
		</trkpt>
		<trkpt lat="43.55736234" lon="4.18081306">
			<ele>-0.9</ele>
		</trkpt>
		<trkpt lat="43.556618497" lon="4.179510255">
			<ele>-1.3</ele>
		</trkpt>
		<trkpt lat="43.554476623" lon="4.175520808">
			<ele>-0.9</ele>
		</trkpt>
		<trkpt lat="43.551239947" lon="4.167789668">
			<ele>2.6</ele>
		</trkpt>
		<trkpt lat="43.550019487" lon="4.164952377">
			<ele>0.3</ele>
		</trkpt>
		<trkpt lat="43.549292336" lon="4.163081685">
			<ele>0.8</ele>
		</trkpt>
		<trkpt lat="43.54838125" lon="4.16092464">
			<ele>-1.3</ele>
		</trkpt>
		<trkpt lat="43.541529067" lon="4.145257165">
			<ele>-2.6</ele>
		</trkpt>
		<trkpt lat="43.540721118" lon="4.143510105">
			<ele>0.8</ele>
		</trkpt>
		<trkpt lat="43.540502115" lon="4.143062956">
			<ele>1.2</ele>
		</trkpt>
		<trkpt lat="43.540326735" lon="4.142783975">
			<ele>1.4</ele>
		</trkpt>
		<trkpt lat="43.540311806" lon="4.142707111">
			<ele>1.6</ele>
		</trkpt>
		<trkpt lat="43.540339862" lon="4.142630262">
			<ele>1.6</ele>
		</trkpt>
		<trkpt lat="43.541101409" lon="4.141952097">
			<ele>1.1</ele>
		</trkpt>
		<trkpt lat="43.541170787" lon="4.14191852">
			<ele>1.7</ele>
		</trkpt>
		<trkpt lat="43.541238369" lon="4.141940249">
			<ele>0.7</ele>
		</trkpt>
		<trkpt lat="43.540038995" lon="4.143085158">
			<ele>1.4</ele>
		</trkpt>
		<trkpt lat="43.539926479" lon="4.143099024">
			<ele>1.6</ele>
		</trkpt>
		<trkpt lat="43.539831276" lon="4.143032636">
			<ele>1.6</ele>
		</trkpt>
		<trkpt lat="43.539758611" lon="4.142918505">
			<ele>1.9</ele>
		</trkpt>
		<trkpt lat="43.539467353" lon="4.142223151">
			<ele>2.4</ele>
		</trkpt>
		<trkpt lat="43.539492881" lon="4.142199155">
			<ele>2.5</ele>
		</trkpt>
		<trkpt lat="43.539426417" lon="4.142019964">
			<ele>2.3</ele>
		</trkpt>
		<trkpt lat="43.53821668" lon="4.139390048">
			<ele>1.8</ele>
		</trkpt>
		<trkpt lat="43.537561714" lon="4.13801582">
			<ele>2.5</ele>
		</trkpt>
		<trkpt lat="43.537504334" lon="4.138033632">
			<ele>2.5</ele>
		</trkpt>
		<trkpt lat="43.537376971" lon="4.137754977">
			<ele>3</ele>
		</trkpt>
		<trkpt lat="43.537376504" lon="4.137568607">
			<ele>3.3</ele>
		</trkpt>
		<trkpt lat="43.538113763" lon="4.136926951">
			<ele>4.7</ele>
		</trkpt>
		<trkpt lat="43.539290583" lon="4.1363683">
			<ele>2.6</ele>
		</trkpt>
		<trkpt lat="43.53960499" lon="4.13588768">
			<ele>1.9</ele>
		</trkpt>
		<trkpt lat="43.540060456" lon="4.134080239">
			<ele>4.7</ele>
		</trkpt>
		<trkpt lat="43.540850544" lon="4.133167706">
			<ele>3.5</ele>
		</trkpt>
		<trkpt lat="43.541761825" lon="4.131762998">
			<ele>4.7</ele>
		</trkpt>
		<trkpt lat="43.543006444" lon="4.130132881">
			<ele>3</ele>
		</trkpt>
		<trkpt lat="43.543471537" lon="4.129467778">
			<ele>1.4</ele>
		</trkpt>
		<trkpt lat="43.545382554" lon="4.126388017">
			<ele>2.4</ele>
		</trkpt>
		<trkpt lat="43.546102279" lon="4.125171319">
			<ele>3.7</ele>
		</trkpt>
		<trkpt lat="43.546439601" lon="4.124502129">
			<ele>4.7</ele>
		</trkpt>
		<trkpt lat="43.546597248" lon="4.124275628">
			<ele>5.9</ele>
		</trkpt>
		<trkpt lat="43.547083243" lon="4.123691491">
			<ele>5.6</ele>
		</trkpt>
		<trkpt lat="43.547430005" lon="4.123390946">
			<ele>5.3</ele>
		</trkpt>
		<trkpt lat="43.549197179" lon="4.122290104">
			<ele>4.3</ele>
		</trkpt>
		<trkpt lat="43.5496465" lon="4.121763093">
			<ele>2.9</ele>
		</trkpt>
		<trkpt lat="43.549998827" lon="4.12119594">
			<ele>4</ele>
		</trkpt>
		<trkpt lat="43.550244471" lon="4.120584067">
			<ele>6</ele>
		</trkpt>
		<trkpt lat="43.550886343" lon="4.118426176">
			<ele>6.7</ele>
		</trkpt>
		<trkpt lat="43.551043538" lon="4.118513043">
			<ele>7.6</ele>
		</trkpt>
		<trkpt lat="43.551109975" lon="4.118349361">
			<ele>6.8</ele>
		</trkpt>
		<trkpt lat="43.551309547" lon="4.118205281">
			<ele>6.4</ele>
		</trkpt>
		<trkpt lat="43.551379124" lon="4.11810713">
			<ele>6.6</ele>
		</trkpt>
		<trkpt lat="43.5514149" lon="4.117869535">
			<ele>6.2</ele>
		</trkpt>
		<trkpt lat="43.551374409" lon="4.11763961">
			<ele>6.1</ele>
		</trkpt>
		<trkpt lat="43.551388217" lon="4.117501093">
			<ele>6.1</ele>
		</trkpt>
		<trkpt lat="43.551644489" lon="4.11656596">
			<ele>6.1</ele>
		</trkpt>
		<trkpt lat="43.55359799" lon="4.110781069">
			<ele>1.8</ele>
		</trkpt>
		<trkpt lat="43.553833305" lon="4.110213417">
			<ele>2.5</ele>
		</trkpt>
		<trkpt lat="43.554103701" lon="4.109660839">
			<ele>1.6</ele>
		</trkpt>
		<trkpt lat="43.554336305" lon="4.109264656">
			<ele>1.3</ele>
		</trkpt>
		<trkpt lat="43.55457873" lon="4.108933181">
			<ele>1.7</ele>
		</trkpt>
		<trkpt lat="43.554767505" lon="4.10889163">
			<ele>1.9</ele>
		</trkpt>
		<trkpt lat="43.554899792" lon="4.108725609">
			<ele>2.2</ele>
		</trkpt>
		<trkpt lat="43.554933067" lon="4.108512468">
			<ele>2.3</ele>
		</trkpt>
		<trkpt lat="43.554854289" lon="4.108135938">
			<ele>2.4</ele>
		</trkpt>
		<trkpt lat="43.554946119" lon="4.107407215">
			<ele>2</ele>
		</trkpt>
		<trkpt lat="43.555662327" lon="4.103729432">
			<ele>2.8</ele>
		</trkpt>
		<trkpt lat="43.556113953" lon="4.102042469">
			<ele>0</ele>
		</trkpt>
		<trkpt lat="43.556507103" lon="4.100789264">
			<ele>4.1</ele>
		</trkpt>
		<trkpt lat="43.556817838" lon="4.100080094">
			<ele>6</ele>
		</trkpt>
		<trkpt lat="43.556932646" lon="4.099954927">
			<ele>5.8</ele>
		</trkpt>
		<trkpt lat="43.557039862" lon="4.099901464">
			<ele>5.5</ele>
		</trkpt>
		<trkpt lat="43.557182514" lon="4.100015701">
			<ele>5.5</ele>
		</trkpt>
		<trkpt lat="43.559660565" lon="4.098105877">
			<ele>4.6</ele>
		</trkpt>
		<trkpt lat="43.560452473" lon="4.097536466">
			<ele>5.5</ele>
		</trkpt>
		<trkpt lat="43.561435741" lon="4.096734083">
			<ele>5.2</ele>
		</trkpt>
		<trkpt lat="43.561483054" lon="4.096588815">
			<ele>4.7</ele>
		</trkpt>
		<trkpt lat="43.561709111" lon="4.096375586">
			<ele>4.6</ele>
		</trkpt>
		<trkpt lat="43.562462237" lon="4.096001471">
			<ele>5.3</ele>
		</trkpt>
		<trkpt lat="43.563149004" lon="4.095289773">
			<ele>6.7</ele>
		</trkpt>
		<trkpt lat="43.563316127" lon="4.095186456">
			<ele>6.5</ele>
		</trkpt>
		<trkpt lat="43.563563227" lon="4.095207207">
			<ele>6.1</ele>
		</trkpt>
		<trkpt lat="43.563621758" lon="4.095123633">
			<ele>6.1</ele>
		</trkpt>
		<trkpt lat="43.563722351" lon="4.095095804">
			<ele>5.4</ele>
		</trkpt>
		<trkpt lat="43.563729618" lon="4.094807101">
			<ele>5.4</ele>
		</trkpt>
		<trkpt lat="43.563346257" lon="4.092931168">
			<ele>5.9</ele>
		</trkpt>
		<trkpt lat="43.562561521" lon="4.09241232">
			<ele>7.2</ele>
		</trkpt>
		<trkpt lat="43.562478007" lon="4.091942744">
			<ele>7.7</ele>
		</trkpt>
		<trkpt lat="43.562367328" lon="4.091742321">
			<ele>7.8</ele>
		</trkpt>
		<trkpt lat="43.562175863" lon="4.091081695">
			<ele>8</ele>
		</trkpt>
		<trkpt lat="43.562186996" lon="4.090763536">
			<ele>7.8</ele>
		</trkpt>
		<trkpt lat="43.562052912" lon="4.090581814">
			<ele>7.4</ele>
		</trkpt>
		<trkpt lat="43.561830205" lon="4.090580851">
			<ele>7.5</ele>
		</trkpt>
		<trkpt lat="43.56083429" lon="4.087926522">
			<ele>7.9</ele>
		</trkpt>
		<trkpt lat="43.561303298" lon="4.08745486">
			<ele>7.7</ele>
		</trkpt>
		<trkpt lat="43.561013339" lon="4.086585694">
			<ele>7.6</ele>
		</trkpt>
		<trkpt lat="43.560990426" lon="4.086330596">
			<ele>7.6</ele>
		</trkpt>
		<trkpt lat="43.560689369" lon="4.085414125">
			<ele>6.9</ele>
		</trkpt>
		<trkpt lat="43.561979272" lon="4.084377147">
			<ele>7.6</ele>
		</trkpt>
		<trkpt lat="43.560983796" lon="4.081836991">
			<ele>6.4</ele>
		</trkpt>
		<trkpt lat="43.558324425" lon="4.075768419">
			<ele>4.6</ele>
		</trkpt>
		<trkpt lat="43.558342386" lon="4.075214204">
			<ele>5.2</ele>
		</trkpt>
		<trkpt lat="43.560117879" lon="4.073681162">
			<ele>5.1</ele>
		</trkpt>
		<trkpt lat="43.560275148" lon="4.073704012">
			<ele>4.9</ele>
		</trkpt>
		<trkpt lat="43.560282897" lon="4.072549519">
			<ele>6.5</ele>
		</trkpt>
		<trkpt lat="43.56076824" lon="4.072191806">
			<ele>6</ele>
		</trkpt>
		<trkpt lat="43.560596682" lon="4.071900817">
			<ele>6.5</ele>
		</trkpt>
		<trkpt lat="43.560213735" lon="4.070830386">
			<ele>7.6</ele>
		</trkpt>
		<trkpt lat="43.560224647" lon="4.070654563">
			<ele>7.8</ele>
		</trkpt>
		<trkpt lat="43.560284909" lon="4.070481022">
			<ele>8.1</ele>
		</trkpt>
		<trkpt lat="43.561077844" lon="4.069316417">
			<ele>7</ele>
		</trkpt>
		<trkpt lat="43.561180741" lon="4.069208393">
			<ele>6.7</ele>
		</trkpt>
		<trkpt lat="43.561157646" lon="4.068888151">
			<ele>6.7</ele>
		</trkpt>
		<trkpt lat="43.56159655" lon="4.068209055">
			<ele>6.3</ele>
		</trkpt>
		<trkpt lat="43.561682398" lon="4.067921377">
			<ele>7</ele>
		</trkpt>
		<trkpt lat="43.562121195" lon="4.061519163">
			<ele>6.6</ele>
		</trkpt>
		<trkpt lat="43.562050526" lon="4.061299779">
			<ele>6.2</ele>
		</trkpt>
		<trkpt lat="43.561765456" lon="4.060897186">
			<ele>5.7</ele>
		</trkpt>
		<trkpt lat="43.561452923" lon="4.06007525">
			<ele>4.9</ele>
		</trkpt>
		<trkpt lat="43.56120392" lon="4.059804716">
			<ele>4.8</ele>
		</trkpt>
		<trkpt lat="43.561147055" lon="4.059183695">
			<ele>3.8</ele>
		</trkpt>
		<trkpt lat="43.560894323" lon="4.058805386">
			<ele>3.4</ele>
		</trkpt>
		<trkpt lat="43.56046259" lon="4.058640169">
			<ele>3.1</ele>
		</trkpt>
		<trkpt lat="43.560106702" lon="4.058456555">
			<ele>2.8</ele>
		</trkpt>
		<trkpt lat="43.559940912" lon="4.058318814">
			<ele>3</ele>
		</trkpt>
		<trkpt lat="43.559773137" lon="4.057967361">
			<ele>3.4</ele>
		</trkpt>
		<trkpt lat="43.55931016" lon="4.057999873">
			<ele>3</ele>
		</trkpt>
		<trkpt lat="43.559212074" lon="4.058041149">
			<ele>3</ele>
		</trkpt>
		<trkpt lat="43.559038736" lon="4.058295591">
			<ele>3.2</ele>
		</trkpt>
		<trkpt lat="43.558976224" lon="4.058551456">
			<ele>3.3</ele>
		</trkpt>
		<trkpt lat="43.558825658" lon="4.058525592">
			<ele>3.5</ele>
		</trkpt>
		<trkpt lat="43.558763837" lon="4.05845296">
			<ele>3.8</ele>
		</trkpt>
		<trkpt lat="43.558624871" lon="4.058474922">
			<ele>3.8</ele>
		</trkpt>
		<trkpt lat="43.558534196" lon="4.058435253">
			<ele>3.9</ele>
		</trkpt>
		<trkpt lat="43.558402595" lon="4.058190029">
			<ele>3.5</ele>
		</trkpt>
		<trkpt lat="43.558356921" lon="4.058020913">
			<ele>2.9</ele>
		</trkpt>
		<trkpt lat="43.558334206" lon="4.057832956">
			<ele>2.6</ele>
		</trkpt>
		<trkpt lat="43.558352565" lon="4.057120368">
			<ele>3.1</ele>
		</trkpt>
		<trkpt lat="43.558287738" lon="4.05310046">
			<ele>2.5</ele>
		</trkpt>
		<trkpt lat="43.55821089" lon="4.051366439">
			<ele>5.4</ele>
		</trkpt>
		<trkpt lat="43.55804756" lon="4.04961936">
			<ele>5.3</ele>
		</trkpt>
		<trkpt lat="43.558098331" lon="4.049614424">
			<ele>5.3</ele>
		</trkpt>
		<trkpt lat="43.55783967" lon="4.04669236">
			<ele>3</ele>
		</trkpt>
		<trkpt lat="43.557487398" lon="4.042126963">
			<ele>3.2</ele>
		</trkpt>
		<trkpt lat="43.556377173" lon="4.026109505">
			<ele>1.7</ele>
		</trkpt>
		<trkpt lat="43.556249229" lon="4.024856784">
			<ele>2</ele>
		</trkpt>
		<trkpt lat="43.554549699" lon="4.016203559">
			<ele>2.7</ele>
		</trkpt>
		<trkpt lat="43.552963067" lon="4.008521529">
			<ele>2</ele>
		</trkpt>
		<trkpt lat="43.552736086" lon="4.00753161">
			<ele>2.2</ele>
		</trkpt>
		<trkpt lat="43.54952271" lon="3.995394713">
			<ele>4.4</ele>
		</trkpt>
		<trkpt lat="43.549829009" lon="3.99525862">
			<ele>4.1</ele>
		</trkpt>
		<trkpt lat="43.548391016" lon="3.990079731">
			<ele>5.1</ele>
		</trkpt>
		<trkpt lat="43.548016979" lon="3.988597578">
			<ele>4.2</ele>
		</trkpt>
		<trkpt lat="43.549700231" lon="3.98760506">
			<ele>3.1</ele>
		</trkpt>
		<trkpt lat="43.549699426" lon="3.987522345">
			<ele>3.1</ele>
		</trkpt>
		<trkpt lat="43.548789135" lon="3.98461366">
			<ele>3.3</ele>
		</trkpt>
		<trkpt lat="43.548463043" lon="3.983944288">
			<ele>3.8</ele>
		</trkpt>
		<trkpt lat="43.548041106" lon="3.983417266">
			<ele>3.7</ele>
		</trkpt>
		<trkpt lat="43.547845363" lon="3.982912568">
			<ele>3.9</ele>
		</trkpt>
		<trkpt lat="43.547642091" lon="3.982123034">
			<ele>3.6</ele>
		</trkpt>
		<trkpt lat="43.547550644" lon="3.981964932">
			<ele>3.5</ele>
		</trkpt>
		<trkpt lat="43.547553009" lon="3.981803845">
			<ele>3.5</ele>
		</trkpt>
		<trkpt lat="43.548240989" lon="3.979397184">
			<ele>3.4</ele>
		</trkpt>
		<trkpt lat="43.548570813" lon="3.978405051">
			<ele>3.2</ele>
		</trkpt>
		<trkpt lat="43.548664377" lon="3.977955406">
			<ele>3.2</ele>
		</trkpt>
		<trkpt lat="43.548670066" lon="3.977323761">
			<ele>3.2</ele>
		</trkpt>
		<trkpt lat="43.548633718" lon="3.977052406">
			<ele>2.9</ele>
		</trkpt>
		<trkpt lat="43.547164834" lon="3.972498742">
			<ele>3.2</ele>
		</trkpt>
		<trkpt lat="43.547071208" lon="3.972292054">
			<ele>3</ele>
		</trkpt>
		<trkpt lat="43.546436685" lon="3.972025122">
			<ele>4.3</ele>
		</trkpt>
		<trkpt lat="43.546213006" lon="3.972215884">
			<ele>4.6</ele>
		</trkpt>
		<trkpt lat="43.546038141" lon="3.972842336">
			<ele>5.1</ele>
		</trkpt>
		<trkpt lat="43.546131925" lon="3.973213932">
			<ele>5.6</ele>
		</trkpt>
		<trkpt lat="43.545788974" lon="3.973398858">
			<ele>5.1</ele>
		</trkpt>
		<trkpt lat="43.545729377" lon="3.973237629">
			<ele>5.1</ele>
		</trkpt>
		<trkpt lat="43.545649408" lon="3.973182871">
			<ele>4.6</ele>
		</trkpt>
		<trkpt lat="43.545254785" lon="3.972012751">
			<ele>2.2</ele>
		</trkpt>
		<trkpt lat="43.545061823" lon="3.971872166">
			<ele>2.4</ele>
		</trkpt>
		<trkpt lat="43.545431008" lon="3.970719961">
			<ele>1.1</ele>
		</trkpt>
		<trkpt lat="43.54494246" lon="3.970082156">
			<ele>0.7</ele>
		</trkpt>
		<trkpt lat="43.544362782" lon="3.969007489">
			<ele>1</ele>
		</trkpt>
		<trkpt lat="43.544141704" lon="3.968789489">
			<ele>1.3</ele>
		</trkpt>
		<trkpt lat="43.543878341" lon="3.968680757">
			<ele>1.8</ele>
		</trkpt>
		<trkpt lat="43.54390237" lon="3.968524003">
			<ele>1.4</ele>
		</trkpt>
		<trkpt lat="43.543848026" lon="3.96841975">
			<ele>1.4</ele>
		</trkpt>
		<trkpt lat="43.544023476" lon="3.968010273">
			<ele>0.7</ele>
		</trkpt>
		<trkpt lat="43.543858923" lon="3.96721566">
			<ele>-0.3</ele>
		</trkpt>
		<trkpt lat="43.543171404" lon="3.964669975">
			<ele>-0.2</ele>
		</trkpt>
		<trkpt lat="43.542709397" lon="3.963228016">
			<ele>-0.4</ele>
		</trkpt>
		<trkpt lat="43.541307962" lon="3.95932311">
			<ele>-0.4</ele>
		</trkpt>
		<trkpt lat="43.53888715" lon="3.953323475">
			<ele>-0.8</ele>
		</trkpt>
		<trkpt lat="43.535665954" lon="3.945490892">
			<ele>0.4</ele>
		</trkpt>
		<trkpt lat="43.535308556" lon="3.944511494">
			<ele>-0.4</ele>
		</trkpt>
		<trkpt lat="43.535042077" lon="3.943662067">
			<ele>-0.6</ele>
		</trkpt>
		<trkpt lat="43.534858484" lon="3.942866002">
			<ele>-0.2</ele>
		</trkpt>
		<trkpt lat="43.53466674" lon="3.941329709">
			<ele>-0.3</ele>
		</trkpt>
		<trkpt lat="43.534637221" lon="3.940792885">
			<ele>-0.2</ele>
		</trkpt>
		<trkpt lat="43.534609798" lon="3.940103144">
			<ele>0.7</ele>
		</trkpt>
		<trkpt lat="43.534678616" lon="3.939172693">
			<ele>1</ele>
		</trkpt>
		<trkpt lat="43.534678537" lon="3.938819926">
			<ele>0.9</ele>
		</trkpt>
		<trkpt lat="43.534407732" lon="3.938386674">
			<ele>0.9</ele>
		</trkpt>
		<trkpt lat="43.534505802" lon="3.938095978">
			<ele>-0.1</ele>
		</trkpt>
		<trkpt lat="43.534758136" lon="3.937865185">
			<ele>-0.9</ele>
		</trkpt>
		<trkpt lat="43.535071879" lon="3.936874745">
			<ele>-0.9</ele>
		</trkpt>
		<trkpt lat="43.535388096" lon="3.935619439">
			<ele>-0.9</ele>
		</trkpt>
		<trkpt lat="43.535553843" lon="3.934398837">
			<ele>-0.9</ele>
		</trkpt>
		<trkpt lat="43.535598424" lon="3.933213265">
			<ele>-0.9</ele>
		</trkpt>
		<trkpt lat="43.535401815" lon="3.931357828">
			<ele>-0.9</ele>
		</trkpt>
		<trkpt lat="43.534835567" lon="3.929377569">
			<ele>-0.1</ele>
		</trkpt>
		<trkpt lat="43.534521101" lon="3.928629182">
			<ele>-0.6</ele>
		</trkpt>
		<trkpt lat="43.534181224" lon="3.928072858">
			<ele>-0.8</ele>
		</trkpt>
		<trkpt lat="43.533124295" lon="3.926710035">
			<ele>0.9</ele>
		</trkpt>
		<trkpt lat="43.532924189" lon="3.926564929">
			<ele>0.8</ele>
		</trkpt>
		<trkpt lat="43.532733013" lon="3.92653742">
			<ele>1.3</ele>
		</trkpt>
		<trkpt lat="43.532429857" lon="3.926637602">
			<ele>1.4</ele>
		</trkpt>
		<trkpt lat="43.532220483" lon="3.926595949">
			<ele>1.5</ele>
		</trkpt>
		<trkpt lat="43.532027561" lon="3.926780249">
			<ele>1.6</ele>
		</trkpt>
		<trkpt lat="43.531964812" lon="3.926753661">
			<ele>1.8</ele>
		</trkpt>
		<trkpt lat="43.531931288" lon="3.926686054">
			<ele>1.8</ele>
		</trkpt>
		<trkpt lat="43.532023729" lon="3.926454448">
			<ele>1.6</ele>
		</trkpt>
		<trkpt lat="43.532070997" lon="3.926153785">
			<ele>1.4</ele>
		</trkpt>
		<trkpt lat="43.531975353" lon="3.926044797">
			<ele>1.2</ele>
		</trkpt>
		<trkpt lat="43.531958986" lon="3.925807517">
			<ele>1.2</ele>
		</trkpt>
		<trkpt lat="43.531894343" lon="3.925569459">
			<ele>0.8</ele>
		</trkpt>
		<trkpt lat="43.531645674" lon="3.925341077">
			<ele>0.9</ele>
		</trkpt>
		<trkpt lat="43.531581068" lon="3.925232591">
			<ele>1.2</ele>
		</trkpt>
		<trkpt lat="43.531625884" lon="3.9249647">
			<ele>0.9</ele>
		</trkpt>
		<trkpt lat="43.531608787" lon="3.924812742">
			<ele>1.2</ele>
		</trkpt>
		<trkpt lat="43.531454778" lon="3.924538485">
			<ele>1.2</ele>
		</trkpt>
	</trkseg>
</trk>
<trk>
	<name>31: Palavas-les-Flots – Sète (Developed + Signed)</name>
	<desc>Developed + Signed</desc>
	<trkseg>
		<trkpt lat="43.531483094" lon="3.924621725">
			<ele>1.2</ele>
		</trkpt>
		<trkpt lat="43.531439341" lon="3.9244592">
			<ele>1.2</ele>
		</trkpt>
		<trkpt lat="43.531447723" lon="3.924291898">
			<ele>1.2</ele>
		</trkpt>
		<trkpt lat="43.531886599" lon="3.923415318">
			<ele>0.1</ele>
		</trkpt>
		<trkpt lat="43.533301632" lon="3.920824304">
			<ele>0.4</ele>
		</trkpt>
		<trkpt lat="43.534310226" lon="3.919136776">
			<ele>1.4</ele>
		</trkpt>
		<trkpt lat="43.534321626" lon="3.918789597">
			<ele>1.4</ele>
		</trkpt>
		<trkpt lat="43.534179469" lon="3.918199847">
			<ele>1.5</ele>
		</trkpt>
		<trkpt lat="43.533908146" lon="3.917980241">
			<ele>1.6</ele>
		</trkpt>
		<trkpt lat="43.533857604" lon="3.917737082">
			<ele>1.6</ele>
		</trkpt>
		<trkpt lat="43.533718045" lon="3.917474477">
			<ele>1.9</ele>
		</trkpt>
		<trkpt lat="43.533226279" lon="3.918422218">
			<ele>1.6</ele>
		</trkpt>
		<trkpt lat="43.532910281" lon="3.918833937">
			<ele>1.8</ele>
		</trkpt>
		<trkpt lat="43.532862923" lon="3.918805607">
			<ele>1.8</ele>
		</trkpt>
		<trkpt lat="43.533348151" lon="3.918005805">
			<ele>1.8</ele>
		</trkpt>
		<trkpt lat="43.533707316" lon="3.917320333">
			<ele>2</ele>
		</trkpt>
		<trkpt lat="43.534074192" lon="3.916495387">
			<ele>1.1</ele>
		</trkpt>
		<trkpt lat="43.534434446" lon="3.915499533">
			<ele>-0.3</ele>
		</trkpt>
		<trkpt lat="43.53481423" lon="3.914057678">
			<ele>0.6</ele>
		</trkpt>
		<trkpt lat="43.53486888" lon="3.914018115">
			<ele>0.6</ele>
		</trkpt>
		<trkpt lat="43.53508924" lon="3.914071759">
			<ele>0.3</ele>
		</trkpt>
		<trkpt lat="43.535130396" lon="3.913204735">
			<ele>0.6</ele>
		</trkpt>
		<trkpt lat="43.535088151" lon="3.912680363">
			<ele>0.4</ele>
		</trkpt>
		<trkpt lat="43.534575849" lon="3.908080962">
			<ele>1.1</ele>
		</trkpt>
		<trkpt lat="43.53453" lon="3.907136153">
			<ele>1.5</ele>
		</trkpt>
		<trkpt lat="43.534563276" lon="3.906726195">
			<ele>1.8</ele>
		</trkpt>
		<trkpt lat="43.53465028" lon="3.906317158">
			<ele>1.4</ele>
		</trkpt>
		<trkpt lat="43.534802244" lon="3.90600753">
			<ele>1.3</ele>
		</trkpt>
		<trkpt lat="43.537416811" lon="3.902143976">
			<ele>1.8</ele>
		</trkpt>
		<trkpt lat="43.537903381" lon="3.901524721">
			<ele>1.1</ele>
		</trkpt>
		<trkpt lat="43.539645978" lon="3.898793729">
			<ele>1.1</ele>
		</trkpt>
		<trkpt lat="43.540172697" lon="3.898548642">
			<ele>1.4</ele>
		</trkpt>
		<trkpt lat="43.54017496" lon="3.898354853">
			<ele>1.4</ele>
		</trkpt>
		<trkpt lat="43.540365313" lon="3.898007339">
			<ele>1.3</ele>
		</trkpt>
		<trkpt lat="43.540445612" lon="3.897742806">
			<ele>0.9</ele>
		</trkpt>
		<trkpt lat="43.540500178" lon="3.897658316">
			<ele>0.9</ele>
		</trkpt>
		<trkpt lat="43.540374366" lon="3.897180883">
			<ele>1</ele>
		</trkpt>
		<trkpt lat="43.540155514" lon="3.897028919">
			<ele>1.2</ele>
		</trkpt>
		<trkpt lat="43.539774305" lon="3.896944849">
			<ele>1.1</ele>
		</trkpt>
		<trkpt lat="43.539670956" lon="3.897102764">
			<ele>1.4</ele>
		</trkpt>
		<trkpt lat="43.539512371" lon="3.897143584">
			<ele>1.3</ele>
		</trkpt>
		<trkpt lat="43.539513879" lon="3.896555677">
			<ele>0.7</ele>
		</trkpt>
		<trkpt lat="43.539701131" lon="3.895871127">
			<ele>0</ele>
		</trkpt>
		<trkpt lat="43.539731306" lon="3.895670297">
			<ele>0</ele>
		</trkpt>
		<trkpt lat="43.539727199" lon="3.895213567">
			<ele>0.2</ele>
		</trkpt>
		<trkpt lat="43.53907735" lon="3.881111266">
			<ele>1.1</ele>
		</trkpt>
		<trkpt lat="43.538953633" lon="3.880198896">
			<ele>0.6</ele>
		</trkpt>
		<trkpt lat="43.538906862" lon="3.879391216">
			<ele>1.1</ele>
		</trkpt>
		<trkpt lat="43.538844165" lon="3.877952294">
			<ele>0.5</ele>
		</trkpt>
		<trkpt lat="43.538861432" lon="3.876479091">
			<ele>0.7</ele>
		</trkpt>
		<trkpt lat="43.538781385" lon="3.874568855">
			<ele>1.3</ele>
		</trkpt>
		<trkpt lat="43.538535711" lon="3.870704798">
			<ele>3.3</ele>
		</trkpt>
		<trkpt lat="43.538439822" lon="3.869958222">
			<ele>3.2</ele>
		</trkpt>
		<trkpt lat="43.538619111" lon="3.869927712">
			<ele>2.9</ele>
		</trkpt>
		<trkpt lat="43.538638809" lon="3.869799469">
			<ele>2.9</ele>
		</trkpt>
		<trkpt lat="43.538756574" lon="3.869526722">
			<ele>2.7</ele>
		</trkpt>
		<trkpt lat="43.538732602" lon="3.86937107">
			<ele>2.7</ele>
		</trkpt>
		<trkpt lat="43.538515511" lon="3.869111398">
			<ele>2.9</ele>
		</trkpt>
		<trkpt lat="43.538465052" lon="3.868852649">
			<ele>2.9</ele>
		</trkpt>
		<trkpt lat="43.537645805" lon="3.860972822">
			<ele>6.8</ele>
		</trkpt>
		<trkpt lat="43.537701712" lon="3.860019129">
			<ele>9</ele>
		</trkpt>
		<trkpt lat="43.537795086" lon="3.859373387">
			<ele>9.3</ele>
		</trkpt>
		<trkpt lat="43.538400092" lon="3.856631583">
			<ele>12.3</ele>
		</trkpt>
		<trkpt lat="43.538629253" lon="3.856404684">
			<ele>12.6</ele>
		</trkpt>
		<trkpt lat="43.538711983" lon="3.856125735">
			<ele>13</ele>
		</trkpt>
		<trkpt lat="43.538694968" lon="3.855951056">
			<ele>13.4</ele>
		</trkpt>
		<trkpt lat="43.538611903" lon="3.855791548">
			<ele>13.1</ele>
		</trkpt>
		<trkpt lat="43.538618776" lon="3.855704628">
			<ele>13.6</ele>
		</trkpt>
		<trkpt lat="43.538466728" lon="3.8556136">
			<ele>13.6</ele>
		</trkpt>
		<trkpt lat="43.538377042" lon="3.855740083">
			<ele>12.8</ele>
		</trkpt>
		<trkpt lat="43.538311412" lon="3.855764475">
			<ele>12.8</ele>
		</trkpt>
		<trkpt lat="43.538256007" lon="3.855736982">
			<ele>12.5</ele>
		</trkpt>
		<trkpt lat="43.538118628" lon="3.855871595">
			<ele>12.5</ele>
		</trkpt>
		<trkpt lat="43.537825345" lon="3.855529698">
			<ele>12.1</ele>
		</trkpt>
		<trkpt lat="43.537697437" lon="3.855470521">
			<ele>12.1</ele>
		</trkpt>
		<trkpt lat="43.537243222" lon="3.855400449">
			<ele>11.4</ele>
		</trkpt>
		<trkpt lat="43.53704566" lon="3.855318725">
			<ele>11.3</ele>
		</trkpt>
		<trkpt lat="43.536829156" lon="3.855167599">
			<ele>11.6</ele>
		</trkpt>
		<trkpt lat="43.534822277" lon="3.852900462">
			<ele>13.7</ele>
		</trkpt>
		<trkpt lat="43.534540561" lon="3.852880346">
			<ele>13.4</ele>
		</trkpt>
		<trkpt lat="43.534466549" lon="3.852895433">
			<ele>13.4</ele>
		</trkpt>
		<trkpt lat="43.534428746" lon="3.852960728">
			<ele>13.4</ele>
		</trkpt>
		<trkpt lat="43.534363451" lon="3.852961734">
			<ele>13.4</ele>
		</trkpt>
		<trkpt lat="43.534276447" lon="3.852886632">
			<ele>13.2</ele>
		</trkpt>
		<trkpt lat="43.533008265" lon="3.852832401">
			<ele>13.8</ele>
		</trkpt>
		<trkpt lat="43.532848422" lon="3.852904737">
			<ele>14.2</ele>
		</trkpt>
		<trkpt lat="43.532812213" lon="3.852986209">
			<ele>14.2</ele>
		</trkpt>
		<trkpt lat="43.532686652" lon="3.852966093">
			<ele>14.7</ele>
		</trkpt>
		<trkpt lat="43.532619261" lon="3.852810189">
			<ele>14.7</ele>
		</trkpt>
		<trkpt lat="43.532565868" lon="3.852768615">
			<ele>15.1</ele>
		</trkpt>
		<trkpt lat="43.532562516" lon="3.852629978">
			<ele>14.7</ele>
		</trkpt>
		<trkpt lat="43.532635522" lon="3.852482289">
			<ele>13.9</ele>
		</trkpt>
		<trkpt lat="43.532533766" lon="3.852298893">
			<ele>14.1</ele>
		</trkpt>
		<trkpt lat="43.531879558" lon="3.851345954">
			<ele>12.5</ele>
		</trkpt>
		<trkpt lat="43.531256196" lon="3.850548584">
			<ele>11.8</ele>
		</trkpt>
		<trkpt lat="43.530513392" lon="3.849216281">
			<ele>10.6</ele>
		</trkpt>
		<trkpt lat="43.529566404" lon="3.847843828">
			<ele>9</ele>
		</trkpt>
		<trkpt lat="43.529325089" lon="3.847138071">
			<ele>8.7</ele>
		</trkpt>
		<trkpt lat="43.529136664" lon="3.846013471">
			<ele>8.1</ele>
		</trkpt>
		<trkpt lat="43.528901049" lon="3.845304111">
			<ele>7.7</ele>
		</trkpt>
		<trkpt lat="43.528263102" lon="3.843900394">
			<ele>6.8</ele>
		</trkpt>
		<trkpt lat="43.527329442" lon="3.842242286">
			<ele>5.9</ele>
		</trkpt>
		<trkpt lat="43.525839307" lon="3.840024015">
			<ele>2.4</ele>
		</trkpt>
		<trkpt lat="43.524853847" lon="3.838492138">
			<ele>1.4</ele>
		</trkpt>
		<trkpt lat="43.524662991" lon="3.838107744">
			<ele>1.2</ele>
		</trkpt>
		<trkpt lat="43.522887955" lon="3.833030825">
			<ele>1</ele>
		</trkpt>
		<trkpt lat="43.523710052" lon="3.832044946">
			<ele>2.6</ele>
		</trkpt>
		<trkpt lat="43.524874299" lon="3.831443209">
			<ele>3</ele>
		</trkpt>
		<trkpt lat="43.524923584" lon="3.831287138">
			<ele>3</ele>
		</trkpt>
		<trkpt lat="43.524917298" lon="3.831049008">
			<ele>2.5</ele>
		</trkpt>
		<trkpt lat="43.524741781" lon="3.830299499">
			<ele>1.9</ele>
		</trkpt>
		<trkpt lat="43.524578585" lon="3.829969">
			<ele>2.2</ele>
		</trkpt>
		<trkpt lat="43.524041305" lon="3.829527777">
			<ele>2.3</ele>
		</trkpt>
		<trkpt lat="43.523978692" lon="3.82932351">
			<ele>2.3</ele>
		</trkpt>
		<trkpt lat="43.523283581" lon="3.828942049">
			<ele>1.9</ele>
		</trkpt>
		<trkpt lat="43.522804723" lon="3.82859068">
			<ele>1.9</ele>
		</trkpt>
		<trkpt lat="43.523305961" lon="3.826881442">
			<ele>11.4</ele>
		</trkpt>
		<trkpt lat="43.522863732" lon="3.826616993">
			<ele>10.4</ele>
		</trkpt>
		<trkpt lat="43.522765663" lon="3.826449355">
			<ele>9.4</ele>
		</trkpt>
		<trkpt lat="43.522534742" lon="3.82636738">
			<ele>8.5</ele>
		</trkpt>
		<trkpt lat="43.522463831" lon="3.826236371">
			<ele>10</ele>
		</trkpt>
		<trkpt lat="43.522053705" lon="3.825761955">
			<ele>11.6</ele>
		</trkpt>
		<trkpt lat="43.521889503" lon="3.825514689">
			<ele>12</ele>
		</trkpt>
		<trkpt lat="43.521868716" lon="3.825438749">
			<ele>12</ele>
		</trkpt>
		<trkpt lat="43.521737791" lon="3.825252168">
			<ele>12.3</ele>
		</trkpt>
		<trkpt lat="43.521701497" lon="3.82506148">
			<ele>12.3</ele>
		</trkpt>
		<trkpt lat="43.521462697" lon="3.824584801">
			<ele>13.8</ele>
		</trkpt>
		<trkpt lat="43.521351636" lon="3.824251788">
			<ele>14</ele>
		</trkpt>
		<trkpt lat="43.521157931" lon="3.823941406">
			<ele>13.9</ele>
		</trkpt>
		<trkpt lat="43.520856098" lon="3.823077064">
			<ele>13.2</ele>
		</trkpt>
		<trkpt lat="43.520383107" lon="3.822274664">
			<ele>12.2</ele>
		</trkpt>
		<trkpt lat="43.520061913" lon="3.821868813">
			<ele>11.1</ele>
		</trkpt>
		<trkpt lat="43.519586408" lon="3.821049649">
			<ele>10.2</ele>
		</trkpt>
		<trkpt lat="43.519203271" lon="3.820534246">
			<ele>9.2</ele>
		</trkpt>
		<trkpt lat="43.518840837" lon="3.81995975">
			<ele>8.6</ele>
		</trkpt>
		<trkpt lat="43.518526348" lon="3.819266651">
			<ele>6.8</ele>
		</trkpt>
		<trkpt lat="43.518071546" lon="3.818444135">
			<ele>5.6</ele>
		</trkpt>
		<trkpt lat="43.517584139" lon="3.817299586">
			<ele>6.4</ele>
		</trkpt>
		<trkpt lat="43.515932317" lon="3.81510051">
			<ele>6.2</ele>
		</trkpt>
		<trkpt lat="43.515724781" lon="3.814693568">
			<ele>7.8</ele>
		</trkpt>
		<trkpt lat="43.515339381" lon="3.813697211">
			<ele>8.1</ele>
		</trkpt>
		<trkpt lat="43.515092869" lon="3.813958978">
			<ele>7</ele>
		</trkpt>
		<trkpt lat="43.514290637" lon="3.815035215">
			<ele>4.6</ele>
		</trkpt>
		<trkpt lat="43.513862825" lon="3.815618847">
			<ele>3.7</ele>
		</trkpt>
		<trkpt lat="43.513508187" lon="3.816178171">
			<ele>3.2</ele>
		</trkpt>
		<trkpt lat="43.513172911" lon="3.815772068">
			<ele>3.8</ele>
		</trkpt>
		<trkpt lat="43.51248375" lon="3.814715026">
			<ele>4.2</ele>
		</trkpt>
		<trkpt lat="43.511243899" lon="3.812199952">
			<ele>3</ele>
		</trkpt>
		<trkpt lat="43.510580388" lon="3.811049955">
			<ele>3.2</ele>
		</trkpt>
		<trkpt lat="43.50958093" lon="3.809762998">
			<ele>3.8</ele>
		</trkpt>
		<trkpt lat="43.50945562" lon="3.809797699">
			<ele>3.8</ele>
		</trkpt>
		<trkpt lat="43.508790516" lon="3.808987001">
			<ele>3.8</ele>
		</trkpt>
		<trkpt lat="43.507752334" lon="3.80784086">
			<ele>3.5</ele>
		</trkpt>
		<trkpt lat="43.50747154" lon="3.807456968">
			<ele>3.5</ele>
		</trkpt>
		<trkpt lat="43.506757402" lon="3.806201946">
			<ele>2.6</ele>
		</trkpt>
		<trkpt lat="43.505361396" lon="3.804475106">
			<ele>5.8</ele>
		</trkpt>
		<trkpt lat="43.503750729" lon="3.802160779">
			<ele>5.4</ele>
		</trkpt>
		<trkpt lat="43.503636568" lon="3.801839501">
			<ele>5.3</ele>
		</trkpt>
		<trkpt lat="43.500888896" lon="3.799266256">
			<ele>2.3</ele>
		</trkpt>
		<trkpt lat="43.500541131" lon="3.798797624">
			<ele>1.2</ele>
		</trkpt>
		<trkpt lat="43.499746191" lon="3.797340682">
			<ele>-0.1</ele>
		</trkpt>
		<trkpt lat="43.499239338" lon="3.796725199">
			<ele>0.2</ele>
		</trkpt>
		<trkpt lat="43.498898613" lon="3.79644122">
			<ele>0.7</ele>
		</trkpt>
		<trkpt lat="43.498337026" lon="3.796188505">
			<ele>1.6</ele>
		</trkpt>
		<trkpt lat="43.49667984" lon="3.794454541">
			<ele>2.3</ele>
		</trkpt>
		<trkpt lat="43.496025464" lon="3.793830257">
			<ele>2.5</ele>
		</trkpt>
		<trkpt lat="43.49597291" lon="3.79373596">
			<ele>2.7</ele>
		</trkpt>
		<trkpt lat="43.496148762" lon="3.793178145">
			<ele>3</ele>
		</trkpt>
		<trkpt lat="43.496143398" lon="3.7930898">
			<ele>3</ele>
		</trkpt>
		<trkpt lat="43.496077935" lon="3.793062223">
			<ele>3</ele>
		</trkpt>
		<trkpt lat="43.496033343" lon="3.793101199">
			<ele>3.3</ele>
		</trkpt>
		<trkpt lat="43.495537889" lon="3.794078026">
			<ele>2.6</ele>
		</trkpt>
		<trkpt lat="43.495476198" lon="3.794227811">
			<ele>2.6</ele>
		</trkpt>
		<trkpt lat="43.495475612" lon="3.794313977">
			<ele>2.5</ele>
		</trkpt>
		<trkpt lat="43.49554141" lon="3.79430878">
			<ele>2.5</ele>
		</trkpt>
		<trkpt lat="43.49560771" lon="3.794231666">
			<ele>2.6</ele>
		</trkpt>
		<trkpt lat="43.495668814" lon="3.794041649">
			<ele>2.5</ele>
		</trkpt>
		<trkpt lat="43.495666635" lon="3.793934947">
			<ele>2.7</ele>
		</trkpt>
		<trkpt lat="43.495540739" lon="3.793785414">
			<ele>2.8</ele>
		</trkpt>
		<trkpt lat="43.495348039" lon="3.793676449">
			<ele>2.9</ele>
		</trkpt>
		<trkpt lat="43.494962052" lon="3.79406319">
			<ele>2.9</ele>
		</trkpt>
		<trkpt lat="43.493491112" lon="3.79515728">
			<ele>0.8</ele>
		</trkpt>
		<trkpt lat="43.493409137" lon="3.795234393">
			<ele>0.8</ele>
		</trkpt>
		<trkpt lat="43.493401761" lon="3.79529709">
			<ele>0.8</ele>
		</trkpt>
		<trkpt lat="43.493121135" lon="3.795403792">
			<ele>0.2</ele>
		</trkpt>
		<trkpt lat="43.492883592" lon="3.795556678">
			<ele>0.1</ele>
		</trkpt>
		<trkpt lat="43.491707276" lon="3.796450775">
			<ele>4.4</ele>
		</trkpt>
		<trkpt lat="43.491702917" lon="3.797009513">
			<ele>5.1</ele>
		</trkpt>
		<trkpt lat="43.491653631" lon="3.797309836">
			<ele>5.4</ele>
		</trkpt>
		<trkpt lat="43.491184999" lon="3.797033317">
			<ele>7.7</ele>
		</trkpt>
		<trkpt lat="43.49099012" lon="3.797330037">
			<ele>9.9</ele>
		</trkpt>
		<trkpt lat="43.490905463" lon="3.797283852">
			<ele>11.1</ele>
		</trkpt>
		<trkpt lat="43.490735226" lon="3.797792969">
			<ele>11.7</ele>
		</trkpt>
		<trkpt lat="43.490685438" lon="3.797835968">
			<ele>11.7</ele>
		</trkpt>
		<trkpt lat="43.49025092" lon="3.797410838">
			<ele>11.7</ele>
		</trkpt>
		<trkpt lat="43.490058555" lon="3.798388671">
			<ele>10.9</ele>
		</trkpt>
		<trkpt lat="43.48993794" lon="3.798566367">
			<ele>10.8</ele>
		</trkpt>
		<trkpt lat="43.489728727" lon="3.798723696">
			<ele>10.6</ele>
		</trkpt>
		<trkpt lat="43.488404219" lon="3.799433475">
			<ele>11.8</ele>
		</trkpt>
		<trkpt lat="43.488163826" lon="3.799518552">
			<ele>11.9</ele>
		</trkpt>
		<trkpt lat="43.487930725" lon="3.799540261">
			<ele>12</ele>
		</trkpt>
		<trkpt lat="43.487411047" lon="3.799410509">
			<ele>12.4</ele>
		</trkpt>
		<trkpt lat="43.486296338" lon="3.79882847">
			<ele>11.4</ele>
		</trkpt>
		<trkpt lat="43.485811026" lon="3.798821764">
			<ele>11.2</ele>
		</trkpt>
		<trkpt lat="43.485567112" lon="3.798883455">
			<ele>11.1</ele>
		</trkpt>
		<trkpt lat="43.484812741" lon="3.799409587">
			<ele>10.1</ele>
		</trkpt>
		<trkpt lat="43.48456581" lon="3.799699768">
			<ele>9.8</ele>
		</trkpt>
		<trkpt lat="43.484101453" lon="3.800048456">
			<ele>7.8</ele>
		</trkpt>
		<trkpt lat="43.483564173" lon="3.800542569">
			<ele>6.6</ele>
		</trkpt>
		<trkpt lat="43.483461327" lon="3.800541228">
			<ele>5.9</ele>
		</trkpt>
		<trkpt lat="43.483188161" lon="3.800886646">
			<ele>5.1</ele>
		</trkpt>
		<trkpt lat="43.482792367" lon="3.801252265">
			<ele>4.1</ele>
		</trkpt>
		<trkpt lat="43.482702094" lon="3.801317057">
			<ele>3.5</ele>
		</trkpt>
		<trkpt lat="43.482530014" lon="3.801348237">
			<ele>3.3</ele>
		</trkpt>
		<trkpt lat="43.482466646" lon="3.801493831">
			<ele>3.3</ele>
		</trkpt>
		<trkpt lat="43.482330943" lon="3.801664654">
			<ele>2.7</ele>
		</trkpt>
		<trkpt lat="43.481036107" lon="3.802941553">
			<ele>-0.1</ele>
		</trkpt>
		<trkpt lat="43.480099513" lon="3.804024411">
			<ele>-0.1</ele>
		</trkpt>
		<trkpt lat="43.479890385" lon="3.804174028">
			<ele>0.2</ele>
		</trkpt>
		<trkpt lat="43.479394511" lon="3.804397071">
			<ele>2</ele>
		</trkpt>
		<trkpt lat="43.479032916" lon="3.804483069">
			<ele>2.8</ele>
		</trkpt>
		<trkpt lat="43.478778441" lon="3.804618353">
			<ele>2.5</ele>
		</trkpt>
		<trkpt lat="43.478497648" lon="3.804816836">
			<ele>2</ele>
		</trkpt>
		<trkpt lat="43.477868586" lon="3.805390075">
			<ele>0.8</ele>
		</trkpt>
		<trkpt lat="43.477695835" lon="3.805503985">
			<ele>0.6</ele>
		</trkpt>
		<trkpt lat="43.476866697" lon="3.805665672">
			<ele>1.3</ele>
		</trkpt>
		<trkpt lat="43.476598979" lon="3.805812439">
			<ele>1.4</ele>
		</trkpt>
		<trkpt lat="43.476221793" lon="3.806150146">
			<ele>0.5</ele>
		</trkpt>
		<trkpt lat="43.476018784" lon="3.806256847">
			<ele>0.4</ele>
		</trkpt>
		<trkpt lat="43.475216384" lon="3.80633723">
			<ele>1.1</ele>
		</trkpt>
		<trkpt lat="43.474314072" lon="3.806233378">
			<ele>-0.1</ele>
		</trkpt>
		<trkpt lat="43.474005115" lon="3.806265984">
			<ele>-0.6</ele>
		</trkpt>
		<trkpt lat="43.473772182" lon="3.806355167">
			<ele>-0.9</ele>
		</trkpt>
		<trkpt lat="43.47239931" lon="3.807803979">
			<ele>1.8</ele>
		</trkpt>
		<trkpt lat="43.472183141" lon="3.807980586">
			<ele>2.8</ele>
		</trkpt>
		<trkpt lat="43.471387447" lon="3.80848459">
			<ele>2.8</ele>
		</trkpt>
		<trkpt lat="43.470647492" lon="3.809066713">
			<ele>4.7</ele>
		</trkpt>
		<trkpt lat="43.469951878" lon="3.809514726">
			<ele>6.3</ele>
		</trkpt>
		<trkpt lat="43.469738643" lon="3.80976283">
			<ele>6.8</ele>
		</trkpt>
		<trkpt lat="43.469613752" lon="3.809975479">
			<ele>7.5</ele>
		</trkpt>
		<trkpt lat="43.469464722" lon="3.810379654">
			<ele>7.4</ele>
		</trkpt>
		<trkpt lat="43.469265233" lon="3.810574785">
			<ele>8</ele>
		</trkpt>
		<trkpt lat="43.468461576" lon="3.811767278">
			<ele>11.5</ele>
		</trkpt>
		<trkpt lat="43.467883308" lon="3.812779812">
			<ele>9.2</ele>
		</trkpt>
		<trkpt lat="43.467460106" lon="3.813606855">
			<ele>4.8</ele>
		</trkpt>
		<trkpt lat="43.466821824" lon="3.814591477">
			<ele>1.3</ele>
		</trkpt>
		<trkpt lat="43.46584835" lon="3.815951105">
			<ele>0.1</ele>
		</trkpt>
		<trkpt lat="43.465355662" lon="3.816574132">
			<ele>-0.8</ele>
		</trkpt>
		<trkpt lat="43.465010914" lon="3.816863475">
			<ele>-1.4</ele>
		</trkpt>
		<trkpt lat="43.464945954" lon="3.817009907">
			<ele>-1.2</ele>
		</trkpt>
		<trkpt lat="43.464953749" lon="3.8171524">
			<ele>-1.2</ele>
		</trkpt>
		<trkpt lat="43.464833385" lon="3.817340825">
			<ele>-1</ele>
		</trkpt>
		<trkpt lat="43.463933085" lon="3.818455283">
			<ele>1.6</ele>
		</trkpt>
		<trkpt lat="43.463800902" lon="3.818695508">
			<ele>1.6</ele>
		</trkpt>
		<trkpt lat="43.463535699" lon="3.818954928">
			<ele>1.9</ele>
		</trkpt>
		<trkpt lat="43.463278458" lon="3.819172354">
			<ele>1.7</ele>
		</trkpt>
		<trkpt lat="43.462728522" lon="3.819481228">
			<ele>1.7</ele>
		</trkpt>
		<trkpt lat="43.462331806" lon="3.819599077">
			<ele>1.5</ele>
		</trkpt>
		<trkpt lat="43.461992842" lon="3.819643669">
			<ele>0.6</ele>
		</trkpt>
		<trkpt lat="43.461458244" lon="3.819597904">
			<ele>-0.3</ele>
		</trkpt>
		<trkpt lat="43.461123555" lon="3.81951903">
			<ele>-0.1</ele>
		</trkpt>
		<trkpt lat="43.4607747" lon="3.819359103">
			<ele>0.4</ele>
		</trkpt>
		<trkpt lat="43.460475131" lon="3.819166152">
			<ele>0.2</ele>
		</trkpt>
		<trkpt lat="43.460168018" lon="3.818899104">
			<ele>-0.1</ele>
		</trkpt>
		<trkpt lat="43.459647586" lon="3.818280855">
			<ele>-0.4</ele>
		</trkpt>
		<trkpt lat="43.457237705" lon="3.81479457">
			<ele>0.6</ele>
		</trkpt>
		<trkpt lat="43.456674692" lon="3.813776672">
			<ele>0</ele>
		</trkpt>
		<trkpt lat="43.455441547" lon="3.811304346">
			<ele>0</ele>
		</trkpt>
		<trkpt lat="43.455313555" lon="3.811139306">
			<ele>0</ele>
		</trkpt>
		<trkpt lat="43.455150108" lon="3.810721133">
			<ele>0</ele>
		</trkpt>
		<trkpt lat="43.452929574" lon="3.806303032">
			<ele>0</ele>
		</trkpt>
		<trkpt lat="43.449597265" lon="3.7991329">
			<ele>0.1</ele>
		</trkpt>
		<trkpt lat="43.449273723" lon="3.798548346">
			<ele>0</ele>
		</trkpt>
		<trkpt lat="43.44901841" lon="3.798168059">
			<ele>0</ele>
		</trkpt>
		<trkpt lat="43.448458332" lon="3.797502453">
			<ele>0</ele>
		</trkpt>
		<trkpt lat="43.4481508" lon="3.797206739">
			<ele>0</ele>
		</trkpt>
		<trkpt lat="43.443156862" lon="3.793014027">
			<ele>0.3</ele>
		</trkpt>
		<trkpt lat="43.442718656" lon="3.792582611">
			<ele>0.1</ele>
		</trkpt>
		<trkpt lat="43.442087079" lon="3.791870987">
			<ele>0</ele>
		</trkpt>
		<trkpt lat="43.441952634" lon="3.791789012">
			<ele>0.1</ele>
		</trkpt>
		<trkpt lat="43.441735794" lon="3.791731764">
			<ele>0.2</ele>
		</trkpt>
		<trkpt lat="43.44162532" lon="3.791747186">
			<ele>0.5</ele>
		</trkpt>
		<trkpt lat="43.441521301" lon="3.791835783">
			<ele>0.5</ele>
		</trkpt>
		<trkpt lat="43.44136984" lon="3.792057568">
			<ele>1.5</ele>
		</trkpt>
		<trkpt lat="43.441243525" lon="3.792033009">
			<ele>1.7</ele>
		</trkpt>
		<trkpt lat="43.440926772" lon="3.791631097">
			<ele>1.8</ele>
		</trkpt>
		<trkpt lat="43.440931215" lon="3.79147578">
			<ele>1.4</ele>
		</trkpt>
		<trkpt lat="43.44105183" lon="3.791372348">
			<ele>1.4</ele>
		</trkpt>
		<trkpt lat="43.441106313" lon="3.791208565">
			<ele>0.4</ele>
		</trkpt>
		<trkpt lat="43.440984943" lon="3.790046247">
			<ele>0</ele>
		</trkpt>
		<trkpt lat="43.440831973" lon="3.789559761">
			<ele>0</ele>
		</trkpt>
		<trkpt lat="43.435997291" lon="3.779074335">
			<ele>0.7</ele>
		</trkpt>
		<trkpt lat="43.435601917" lon="3.778333878">
			<ele>-0.1</ele>
		</trkpt>
		<trkpt lat="43.435536371" lon="3.778278641">
			<ele>-0.1</ele>
		</trkpt>
		<trkpt lat="43.435396141" lon="3.778261961">
			<ele>0.2</ele>
		</trkpt>
		<trkpt lat="43.435335289" lon="3.777995082">
			<ele>0.3</ele>
		</trkpt>
		<trkpt lat="43.435469902" lon="3.777615046">
			<ele>0.1</ele>
		</trkpt>
		<trkpt lat="43.435255409" lon="3.775870269">
			<ele>0.1</ele>
		</trkpt>
		<trkpt lat="43.435185923" lon="3.774401341">
			<ele>-0.2</ele>
		</trkpt>
		<trkpt lat="43.435138314" lon="3.774337051">
			<ele>-0.2</ele>
		</trkpt>
		<trkpt lat="43.435132279" lon="3.774250466">
			<ele>-0.2</ele>
		</trkpt>
		<trkpt lat="43.43513999" lon="3.774100346">
			<ele>-0.2</ele>
		</trkpt>
		<trkpt lat="43.435210901" lon="3.77392835">
			<ele>0</ele>
		</trkpt>
		<trkpt lat="43.43533948" lon="3.771760706">
			<ele>0.4</ele>
		</trkpt>
		<trkpt lat="43.435328248" lon="3.771662051">
			<ele>0.4</ele>
		</trkpt>
		<trkpt lat="43.435260271" lon="3.771535149">
			<ele>0.2</ele>
		</trkpt>
		<trkpt lat="43.435151893" lon="3.771440182">
			<ele>0.7</ele>
		</trkpt>
		<trkpt lat="43.435116521" lon="3.771162741">
			<ele>0.3</ele>
		</trkpt>
		<trkpt lat="43.435343335" lon="3.770804666">
			<ele>0</ele>
		</trkpt>
		<trkpt lat="43.43540796" lon="3.770547006">
			<ele>0</ele>
		</trkpt>
		<trkpt lat="43.435699147" lon="3.765253248">
			<ele>0</ele>
		</trkpt>
		<trkpt lat="43.43566805" lon="3.764883103">
			<ele>0.1</ele>
		</trkpt>
		<trkpt lat="43.43576813" lon="3.762755273">
			<ele>0.1</ele>
		</trkpt>
		<trkpt lat="43.435904504" lon="3.762781844">
			<ele>0.3</ele>
		</trkpt>
		<trkpt lat="43.435961249" lon="3.762458637">
			<ele>0.3</ele>
		</trkpt>
		<trkpt lat="43.436078428" lon="3.762087822">
			<ele>0.3</ele>
		</trkpt>
		<trkpt lat="43.436614619" lon="3.7626334">
			<ele>1.1</ele>
		</trkpt>
		<trkpt lat="43.436669185" lon="3.763029529">
			<ele>0.5</ele>
		</trkpt>
		<trkpt lat="43.436563992" lon="3.763548704">
			<ele>-0.1</ele>
		</trkpt>
		<trkpt lat="43.436377075" lon="3.763881549">
			<ele>-0.4</ele>
		</trkpt>
		<trkpt lat="43.436324353" lon="3.763913065">
			<ele>-0.4</ele>
		</trkpt>
		<trkpt lat="43.436267105" lon="3.763889009">
			<ele>-0.4</ele>
		</trkpt>
		<trkpt lat="43.43622201" lon="3.763754144">
			<ele>-0.3</ele>
		</trkpt>
		<trkpt lat="43.436232488" lon="3.763641156">
			<ele>-0.3</ele>
		</trkpt>
		<trkpt lat="43.436390067" lon="3.76327076">
			<ele>0.2</ele>
		</trkpt>
		<trkpt lat="43.437229431" lon="3.761717007">
			<ele>1.8</ele>
		</trkpt>
		<trkpt lat="43.437330433" lon="3.761618603">
			<ele>2.9</ele>
		</trkpt>
		<trkpt lat="43.437442583" lon="3.761577113">
			<ele>3</ele>
		</trkpt>
		<trkpt lat="43.43758826" lon="3.76158189">
			<ele>2.9</ele>
		</trkpt>
		<trkpt lat="43.437650203" lon="3.761632601">
			<ele>2.9</ele>
		</trkpt>
		<trkpt lat="43.437852458" lon="3.761337558">
			<ele>2.8</ele>
		</trkpt>
		<trkpt lat="43.438009367" lon="3.761050394">
			<ele>2.8</ele>
		</trkpt>
		<trkpt lat="43.437958573" lon="3.760875212">
			<ele>2.9</ele>
		</trkpt>
		<trkpt lat="43.437949353" lon="3.760703551">
			<ele>3.3</ele>
		</trkpt>
		<trkpt lat="43.437994531" lon="3.760573464">
			<ele>3.8</ele>
		</trkpt>
		<trkpt lat="43.438439107" lon="3.760287976">
			<ele>3.6</ele>
		</trkpt>
		<trkpt lat="43.440155973" lon="3.759475183">
			<ele>2.8</ele>
		</trkpt>
		<trkpt lat="43.440435425" lon="3.759418773">
			<ele>2.8</ele>
		</trkpt>
		<trkpt lat="43.440731726" lon="3.759264126">
			<ele>2.7</ele>
		</trkpt>
		<trkpt lat="43.441854565" lon="3.758869339">
			<ele>2.4</ele>
		</trkpt>
		<trkpt lat="43.442188752" lon="3.758807732">
			<ele>1.9</ele>
		</trkpt>
		<trkpt lat="43.443273119" lon="3.759093806">
			<ele>3.3</ele>
		</trkpt>
		<trkpt lat="43.44408323" lon="3.759222804">
			<ele>3.1</ele>
		</trkpt>
		<trkpt lat="43.444175682" lon="3.759154323">
			<ele>3.1</ele>
		</trkpt>
		<trkpt lat="43.44411374" lon="3.758889288">
			<ele>3.1</ele>
		</trkpt>
		<trkpt lat="43.443896565" lon="3.758325689">
			<ele>3</ele>
		</trkpt>
		<trkpt lat="43.444205019" lon="3.758327197">
			<ele>3.1</ele>
		</trkpt>
		<trkpt lat="43.444215496" lon="3.758168947">
			<ele>3.4</ele>
		</trkpt>
		<trkpt lat="43.443975103" lon="3.756820466">
			<ele>3.9</ele>
		</trkpt>
		<trkpt lat="43.443496748" lon="3.755653454">
			<ele>3.4</ele>
		</trkpt>
		<trkpt lat="43.441458269" lon="3.75440279">
			<ele>1.9</ele>
		</trkpt>
		<trkpt lat="43.441704865" lon="3.753590668">
			<ele>2.5</ele>
		</trkpt>
		<trkpt lat="43.442190009" lon="3.75304509">
			<ele>1.8</ele>
		</trkpt>
		<trkpt lat="43.44086944" lon="3.751057573">
			<ele>1.4</ele>
		</trkpt>
		<trkpt lat="43.44086944" lon="3.751096549">
			<ele>1.4</ele>
		</trkpt>
		<trkpt lat="43.440069891" lon="3.75012869">
			<ele>1.3</ele>
		</trkpt>
		<trkpt lat="43.440056479" lon="3.749914281">
			<ele>1.2</ele>
		</trkpt>
		<trkpt lat="43.440622426" lon="3.749329727">
			<ele>1.8</ele>
		</trkpt>
		<trkpt lat="43.440864914" lon="3.749232329">
			<ele>1.8</ele>
		</trkpt>
		<trkpt lat="43.441282668" lon="3.748745173">
			<ele>1.9</ele>
		</trkpt>
		<trkpt lat="43.440366358" lon="3.747459054">
			<ele>0.6</ele>
		</trkpt>
		<trkpt lat="43.439746517" lon="3.74642632">
			<ele>1.9</ele>
		</trkpt>
		<trkpt lat="43.439018884" lon="3.745588465">
			<ele>1.3</ele>
		</trkpt>
		<trkpt lat="43.438735911" lon="3.745490983">
			<ele>0.5</ele>
		</trkpt>
		<trkpt lat="43.437509722" lon="3.744672658">
			<ele>0.8</ele>
		</trkpt>
		<trkpt lat="43.436014055" lon="3.744010068">
			<ele>-0.4</ele>
		</trkpt>
		<trkpt lat="43.434706981" lon="3.744029598">
			<ele>-2.3</ele>
		</trkpt>
		<trkpt lat="43.434356618" lon="3.743756767">
			<ele>-1.6</ele>
		</trkpt>
		<trkpt lat="43.432766571" lon="3.741885927">
			<ele>-0.9</ele>
		</trkpt>
		<trkpt lat="43.432577894" lon="3.741632625">
			<ele>-0.9</ele>
		</trkpt>
		<trkpt lat="43.43222753" lon="3.74095059">
			<ele>-0.3</ele>
		</trkpt>
		<trkpt lat="43.43171548" lon="3.740132181">
			<ele>-0.4</ele>
		</trkpt>
		<trkpt lat="43.431499897" lon="3.73987888">
			<ele>-1.1</ele>
		</trkpt>
		<trkpt lat="43.431163029" lon="3.739898326">
			<ele>-1.8</ele>
		</trkpt>
		<trkpt lat="43.430933951" lon="3.739976278">
			<ele>-2.2</ele>
		</trkpt>
		<trkpt lat="43.430706718" lon="3.739915174">
			<ele>-2.8</ele>
		</trkpt>
		<trkpt lat="43.430316876" lon="3.73963329">
			<ele>-3</ele>
		</trkpt>
		<trkpt lat="43.429593685" lon="3.739278652">
			<ele>-2.7</ele>
		</trkpt>
		<trkpt lat="43.429015166" lon="3.738805829">
			<ele>-3</ele>
		</trkpt>
		<trkpt lat="43.428644099" lon="3.738378016">
			<ele>-3.1</ele>
		</trkpt>
		<trkpt lat="43.428342267" lon="3.737841491">
			<ele>-2.6</ele>
		</trkpt>
		<trkpt lat="43.428166163" lon="3.737650551">
			<ele>-2.2</ele>
		</trkpt>
		<trkpt lat="43.427531066" lon="3.737150403">
			<ele>-1.6</ele>
		</trkpt>
		<trkpt lat="43.427310958" lon="3.736923086">
			<ele>-2.6</ele>
		</trkpt>
		<trkpt lat="43.427128567" lon="3.736659391">
			<ele>-2.2</ele>
		</trkpt>
		<trkpt lat="43.426751298" lon="3.735740902">
			<ele>-0.2</ele>
		</trkpt>
		<trkpt lat="43.426638142" lon="3.735531773">
			<ele>1</ele>
		</trkpt>
		<trkpt lat="43.426386601" lon="3.734795256">
			<ele>0.6</ele>
		</trkpt>
		<trkpt lat="43.42586466" lon="3.733667638">
			<ele>-1</ele>
		</trkpt>
		<trkpt lat="43.425673385" lon="3.7331721">
			<ele>-0.7</ele>
		</trkpt>
		<trkpt lat="43.425556541" lon="3.732676478">
			<ele>-1.7</ele>
		</trkpt>
		<trkpt lat="43.425529971" lon="3.732247492">
			<ele>0.2</ele>
		</trkpt>
		<trkpt lat="43.425555116" lon="3.731714319">
			<ele>1.9</ele>
		</trkpt>
		<trkpt lat="43.426026012" lon="3.731527235">
			<ele>2.8</ele>
		</trkpt>
		<trkpt lat="43.425966668" lon="3.731392622">
			<ele>2.6</ele>
		</trkpt>
		<trkpt lat="43.424885486" lon="3.729871977">
			<ele>3.6</ele>
		</trkpt>
		<trkpt lat="43.42479186" lon="3.729697801">
			<ele>3.5</ele>
		</trkpt>
		<trkpt lat="43.424817677" lon="3.729637032">
			<ele>3.5</ele>
		</trkpt>
		<trkpt lat="43.424795716" lon="3.729551621">
			<ele>4.2</ele>
		</trkpt>
		<trkpt lat="43.424735869" lon="3.729529828">
			<ele>4.2</ele>
		</trkpt>
		<trkpt lat="43.424689433" lon="3.729579868">
			<ele>4.2</ele>
		</trkpt>
		<trkpt lat="43.424686751" lon="3.729654886">
			<ele>3.5</ele>
		</trkpt>
		<trkpt lat="43.424594131" lon="3.729669051">
			<ele>3.3</ele>
		</trkpt>
		<trkpt lat="43.424234715" lon="3.729963172">
			<ele>2.3</ele>
		</trkpt>
		<trkpt lat="43.42413606" lon="3.729824787">
			<ele>2.8</ele>
		</trkpt>
		<trkpt lat="43.423986024" lon="3.729115929">
			<ele>2.5</ele>
		</trkpt>
		<trkpt lat="43.423718725" lon="3.728869166">
			<ele>1.6</ele>
		</trkpt>
		<trkpt lat="43.423034846" lon="3.725456977">
			<ele>3.3</ele>
		</trkpt>
		<trkpt lat="43.42300903" lon="3.725116672">
			<ele>4.3</ele>
		</trkpt>
		<trkpt lat="43.422767715" lon="3.72388579">
			<ele>5</ele>
		</trkpt>
		<trkpt lat="43.422694205" lon="3.723671129">
			<ele>3.1</ele>
		</trkpt>
		<trkpt lat="43.422606531" lon="3.723242143">
			<ele>-0.8</ele>
		</trkpt>
		<trkpt lat="43.422640645" lon="3.723005187">
			<ele>1.1</ele>
		</trkpt>
		<trkpt lat="43.422597981" lon="3.722505793">
			<ele>2.3</ele>
		</trkpt>
		<trkpt lat="43.42261969" lon="3.72236196">
			<ele>2.3</ele>
		</trkpt>
		<trkpt lat="43.422572165" lon="3.7222597">
			<ele>2.5</ele>
		</trkpt>
		<trkpt lat="43.421753085" lon="3.722462375">
			<ele>-1.7</ele>
		</trkpt>
		<trkpt lat="43.421034588" lon="3.722733613">
			<ele>-1.5</ele>
		</trkpt>
		<trkpt lat="43.420880361" lon="3.722717604">
			<ele>-0.7</ele>
		</trkpt>
		<trkpt lat="43.420885558" lon="3.722550301">
			<ele>-1.5</ele>
		</trkpt>
		<trkpt lat="43.420829986" lon="3.722271184">
			<ele>-0.6</ele>
		</trkpt>
		<trkpt lat="43.420774749" lon="3.722251486">
			<ele>-0.6</ele>
		</trkpt>
		<trkpt lat="43.418997702" lon="3.722923463">
			<ele>3.1</ele>
		</trkpt>
		<trkpt lat="43.418696457" lon="3.723115912">
			<ele>2.9</ele>
		</trkpt>
		<trkpt lat="43.418347853" lon="3.723064866">
			<ele>2.5</ele>
		</trkpt>
		<trkpt lat="43.418282558" lon="3.723170897">
			<ele>2.6</ele>
		</trkpt>
		<trkpt lat="43.418215838" lon="3.723194031">
			<ele>2.6</ele>
		</trkpt>
		<trkpt lat="43.418056079" lon="3.72315824">
			<ele>2.6</ele>
		</trkpt>
		<trkpt lat="43.418001681" lon="3.723014826">
			<ele>2.4</ele>
		</trkpt>
		<trkpt lat="43.417705129" lon="3.722755825">
			<ele>1.8</ele>
		</trkpt>
		<trkpt lat="43.417389131" lon="3.722151322">
			<ele>2.2</ele>
		</trkpt>
		<trkpt lat="43.416887809" lon="3.720963355">
			<ele>3.2</ele>
		</trkpt>
		<trkpt lat="43.412645896" lon="3.711813921">
			<ele>2.2</ele>
		</trkpt>
		<trkpt lat="43.40943328" lon="3.704752419">
			<ele>3.1</ele>
		</trkpt>
		<trkpt lat="43.409540736" lon="3.704685783">
			<ele>3.1</ele>
		</trkpt>
		<trkpt lat="43.409241837" lon="3.703995869">
			<ele>2.8</ele>
		</trkpt>
		<trkpt lat="43.409116947" lon="3.703810209">
			<ele>2.7</ele>
		</trkpt>
		<trkpt lat="43.409084928" lon="3.703476023">
			<ele>2.8</ele>
		</trkpt>
		<trkpt lat="43.40813727" lon="3.701357665">
			<ele>0</ele>
		</trkpt>
		<trkpt lat="43.408018834" lon="3.701007804">
			<ele>0.6</ele>
		</trkpt>
		<trkpt lat="43.407817836" lon="3.70056482">
			<ele>3.8</ele>
		</trkpt>
		<trkpt lat="43.407452133" lon="3.699927796">
			<ele>4.4</ele>
		</trkpt>
		<trkpt lat="43.406246397" lon="3.69727442">
			<ele>0.2</ele>
		</trkpt>
		<trkpt lat="43.406269866" lon="3.697028914">
			<ele>0.6</ele>
		</trkpt>
		<trkpt lat="43.406445467" lon="3.696896816">
			<ele>0</ele>
		</trkpt>
		<trkpt lat="43.406717208" lon="3.696792293">
			<ele>1.3</ele>
		</trkpt>
		<trkpt lat="43.406841093" lon="3.696569335">
			<ele>0</ele>
		</trkpt>
		<trkpt lat="43.406752328" lon="3.696116293">
			<ele>4.4</ele>
		</trkpt>
		<trkpt lat="43.405341989" lon="3.696532538">
			<ele>1.5</ele>
		</trkpt>
		<trkpt lat="43.402530448" lon="3.697018269">
			<ele>9.3</ele>
		</trkpt>
		<trkpt lat="43.402202799" lon="3.69680495">
			<ele>10.1</ele>
		</trkpt>
		<trkpt lat="43.400552905" lon="3.696255684">
			<ele>11.5</ele>
		</trkpt>
		<trkpt lat="43.399565349" lon="3.696032139">
			<ele>12.6</ele>
		</trkpt>
		<trkpt lat="43.398638059" lon="3.696208997">
			<ele>13.3</ele>
		</trkpt>
		<trkpt lat="43.398058702" lon="3.696270017">
			<ele>11.5</ele>
		</trkpt>
		<trkpt lat="43.3977966" lon="3.696201537">
			<ele>8.8</ele>
		</trkpt>
		<trkpt lat="43.397716888" lon="3.696118137">
			<ele>12</ele>
		</trkpt>
		<trkpt lat="43.396349548" lon="3.695520256">
			<ele>7.5</ele>
		</trkpt>
		<trkpt lat="43.395983594" lon="3.695238372">
			<ele>8.9</ele>
		</trkpt>
		<trkpt lat="43.395534743" lon="3.694936289">
			<ele>8.4</ele>
		</trkpt>
		<trkpt lat="43.395406249" lon="3.694889601">
			<ele>6.8</ele>
		</trkpt>
		<trkpt lat="43.39518505" lon="3.694711737">
			<ele>6.8</ele>
		</trkpt>
		<trkpt lat="43.395025124" lon="3.694673935">
			<ele>4.6</ele>
		</trkpt>
		<trkpt lat="43.394953123" lon="3.69479673">
			<ele>4.6</ele>
		</trkpt>
	</trkseg>
</trk>
</gpx>
